{"stats":{"minecraft:mined":{"minecraft:tuff":1,"minecraft:spruce_planks":2,"minecraft:white_bed":1,"minecraft:deepslate_diamond_ore":1,"minecraft:glow_lichen":1,"minecraft:granite":8,"minecraft:grass_block":650,"minecraft:spruce_leaves":70,"minecraft:spawner":5,"minecraft:large_fern":7,"minecraft:redstone_ore":1,"minecraft:furnace":1,"minecraft:iron_ore":27,"minecraft:andesite":71,"minecraft:pumpkin":2,"minecraft:potatoes":24,"minecraft:dirt_path":41,"minecraft:deepslate_iron_ore":3,"minecraft:rail":61,"minecraft:stone":374,"minecraft:crafting_table":11,"minecraft:torch":2,"minecraft:short_grass":5,"minecraft:copper_ore":1,"minecraft:diorite":24,"minecraft:wall_torch":9,"minecraft:blue_bed":2,"minecraft:purple_bed":2,"minecraft:redstone_torch":1,"minecraft:sweet_berry_bush":1,"minecraft:spruce_log":200,"minecraft:coal_ore":25,"minecraft:oak_log":10,"minecraft:gravel":5,"minecraft:dirt":536,"minecraft:cobweb":23,"minecraft:small_dripleaf":1,"minecraft:gold_ore":1,"minecraft:oak_leaves":1,"minecraft:deepslate":2,"minecraft:fern":2},"minecraft:custom":{"minecraft:mob_kills":31,"minecraft:interact_with_crafting_table":47,"minecraft:interact_with_campfire":4,"minecraft:leave_game":4,"minecraft:time_since_death":105765,"minecraft:sprint_one_cm":637775,"minecraft:walk_one_cm":581142,"minecraft:damage_blocked_by_shield":624,"minecraft:drop":14,"minecraft:talked_to_villager":17,"minecraft:play_time":245928,"minecraft:walk_under_water_one_cm":45281,"minecraft:deaths":4,"minecraft:sneak_time":22365,"minecraft:boat_one_cm":16847,"minecraft:jump":3470,"minecraft:walk_on_water_one_cm":39380,"minecraft:total_world_time":245928,"minecraft:interact_with_furnace":42,"minecraft:sleep_in_bed":11,"minecraft:time_since_rest":10637,"minecraft:damage_taken":3888,"minecraft:minecart_one_cm":3665,"minecraft:damage_dealt":4607,"minecraft:fly_one_cm":508500,"minecraft:swim_one_cm":14482,"minecraft:open_chest":82,"minecraft:crouch_one_cm":113432,"minecraft:fish_caught":5,"minecraft:fall_one_cm":68147},"minecraft:killed":{"minecraft:cave_spider":8,"minecraft:spider":3,"minecraft:skeleton":2,"minecraft:chicken":1,"minecraft:pig":1,"minecraft:sheep":3,"minecraft:zombie":12,"minecraft:stray":1},"minecraft:picked_up":{"minecraft:crafting_table":11,"minecraft:chicken":1,"minecraft:potion":1,"minecraft:raw_copper":28,"minecraft:string":65,"universal_graves:grave_compass":4,"minecraft:spruce_planks":2,"minecraft:redstone_torch":2,"minecraft:minecart":10,"minecraft:furnace":1,"minecraft:raw_iron":104,"minecraft:stick":17,"minecraft:torch":19,"minecraft:porkchop":3,"minecraft:diorite":9,"minecraft:redstone":37,"minecraft:arrow":4,"minecraft:rotten_flesh":6,"minecraft:cod":3,"minecraft:mutton":5,"minecraft:white_wool":3,"minecraft:rail":61,"minecraft:cobblestone":303,"minecraft:feather":2,"minecraft:salmon":2,"minecraft:andesite":71,"minecraft:potato":77,"minecraft:flint":2,"minecraft:oak_log":14,"minecraft:dirt":1224,"minecraft:blue_bed":2,"minecraft:bone":2,"minecraft:bow":1,"minecraft:wheat_seeds":2,"minecraft:raw_gold":4,"minecraft:cooked_chicken":1,"minecraft:cooked_porkchop":3,"minecraft:pumpkin":2,"minecraft:sweet_berries":21,"minecraft:gravel":3,"minecraft:poisonous_potato":1,"minecraft:spruce_sapling":31,"minecraft:white_bed":1,"minecraft:spruce_log":197,"minecraft:spider_eye":4,"minecraft:purple_bed":2,"minecraft:diamond":3,"minecraft:spruce_boat":22,"minecraft:granite":8,"minecraft:coal":300},"minecraft:dropped":{"minecraft:bread":3,"minecraft:wheat_seeds":1,"minecraft:cobblestone":4,"minecraft:diorite":3,"minecraft:bone":1,"minecraft:beetroot":12,"universal_graves:grave_compass":5,"minecraft:carrot":12,"minecraft:potato":12,"minecraft:spider_eye":3},"minecraft:broken":{"minecraft:stone_sword":1,"minecraft:wooden_pickaxe":1,"minecraft:stone_pickaxe":6,"minecraft:stone_axe":1,"minecraft:wooden_axe":1,"minecraft:fishing_rod":2,"minecraft:stone_shovel":8},"minecraft:crafted":{"minecraft:stone_shovel":9,"minecraft:fishing_rod":3,"minecraft:furnace":2,"minecraft:cooked_mutton":5,"minecraft:iron_boots":1,"minecraft:stone_pickaxe":7,"minecraft:chest":6,"minecraft:spruce_boat":1,"minecraft:stone_hoe":1,"minecraft:minecart":1,"minecraft:crafting_table":2,"minecraft:spruce_planks":400,"minecraft:powered_rail":6,"minecraft:baked_potato":66,"minecraft:wooden_pickaxe":1,"minecraft:iron_helmet":1,"minecraft:iron_sword":1,"minecraft:spruce_door":3,"minecraft:fletching_table":1,"minecraft:bucket":2,"minecraft:stone_axe":2,"minecraft:air":0,"minecraft:iron_chestplate":1,"minecraft:diamond_pickaxe":1,"minecraft:shield":1,"minecraft:stick":132,"minecraft:iron_ingot":104,"minecraft:iron_pickaxe":1,"minecraft:wooden_axe":1,"minecraft:stone_sword":1,"minecraft:gold_ingot":4,"minecraft:iron_leggings":1,"minecraft:white_bed":1,"minecraft:redstone_torch":4,"minecraft:torch":168},"minecraft:killed_by":{"minecraft:cave_spider":2,"minecraft:skeleton":2},"minecraft:used":{"minecraft:stone_sword":110,"minecraft:stone_shovel":1142,"minecraft:chest":6,"minecraft:shield":14,"minecraft:iron_sword":27,"minecraft:stone_hoe":26,"minecraft:cooked_chicken":1,"minecraft:torch":149,"minecraft:dirt":1164,"minecraft:spruce_boat":22,"minecraft:wooden_axe":42,"minecraft:lava_bucket":1,"minecraft:bow":1,"minecraft:sweet_berries":21,"minecraft:furnace":3,"minecraft:minecart":10,"minecraft:potato":48,"minecraft:cooked_mutton":5,"minecraft:water_bucket":85,"minecraft:spruce_door":3,"minecraft:powered_rail":4,"minecraft:stone_pickaxe":552,"minecraft:baked_potato":34,"minecraft:wooden_pickaxe":15,"minecraft:fletching_table":1,"minecraft:blue_bed":2,"minecraft:rail":26,"minecraft:crafting_table":12,"minecraft:white_bed":2,"minecraft:spruce_log":12,"minecraft:redstone_torch":6,"minecraft:bread":23,"minecraft:iron_pickaxe":41,"minecraft:spruce_sapling":12,"minecraft:gravel":3,"minecraft:stone_axe":202,"minecraft:fishing_rod":66,"minecraft:purple_bed":2,"minecraft:cooked_porkchop":3,"minecraft:andesite":7,"minecraft:bucket":88}},"DataVersion":3955}