{"stats":{"minecraft:mined":{"minecraft:spruce_planks":2,"minecraft:white_bed":1,"minecraft:crafting_table":8,"minecraft:short_grass":4,"minecraft:grass_block":548,"minecraft:copper_ore":1,"minecraft:spruce_leaves":63,"minecraft:diorite":6,"minecraft:large_fern":1,"minecraft:purple_bed":1,"minecraft:furnace":1,"minecraft:iron_ore":12,"minecraft:sweet_berry_bush":1,"minecraft:spruce_log":190,"minecraft:andesite":56,"minecraft:potatoes":4,"minecraft:oak_log":10,"minecraft:coal_ore":8,"minecraft:dirt_path":9,"minecraft:dirt":336,"minecraft:stone":145,"minecraft:oak_leaves":1,"minecraft:fern":1},"minecraft:custom":{"minecraft:interact_with_furnace":16,"minecraft:mob_kills":14,"minecraft:interact_with_crafting_table":21,"minecraft:interact_with_campfire":4,"minecraft:leave_game":3,"minecraft:time_since_death":50825,"minecraft:sleep_in_bed":7,"minecraft:time_since_rest":8221,"minecraft:sprint_one_cm":326242,"minecraft:damage_taken":1333,"minecraft:walk_one_cm":213418,"minecraft:drop":1,"minecraft:damage_dealt":1805,"minecraft:swim_one_cm":12701,"minecraft:talked_to_villager":1,"minecraft:fly_one_cm":282551,"minecraft:open_chest":31,"minecraft:crouch_one_cm":92897,"minecraft:play_time":113881,"minecraft:sneak_time":16667,"minecraft:deaths":1,"minecraft:walk_under_water_one_cm":39273,"minecraft:jump":1690,"minecraft:walk_on_water_one_cm":12737,"minecraft:total_world_time":113881,"minecraft:fall_one_cm":37852},"minecraft:killed":{"minecraft:pig":1,"minecraft:sheep":3,"minecraft:skeleton":1,"minecraft:zombie":7,"minecraft:chicken":1,"minecraft:stray":1},"minecraft:dropped":{"minecraft:wheat_seeds":1},"minecraft:picked_up":{"minecraft:crafting_table":8,"minecraft:feather":2,"minecraft:chicken":1,"minecraft:andesite":56,"minecraft:potato":11,"minecraft:oak_log":10,"minecraft:dirt":892,"minecraft:raw_copper":28,"minecraft:bone":1,"minecraft:bow":1,"minecraft:wheat_seeds":2,"minecraft:spruce_planks":2,"minecraft:cooked_chicken":1,"minecraft:furnace":1,"minecraft:stick":17,"minecraft:raw_iron":31,"minecraft:cooked_porkchop":3,"minecraft:sweet_berries":21,"minecraft:porkchop":3,"minecraft:spruce_sapling":30,"minecraft:diorite":6,"minecraft:white_bed":1,"minecraft:spruce_log":188,"minecraft:rotten_flesh":6,"minecraft:arrow":3,"minecraft:purple_bed":1,"minecraft:mutton":5,"minecraft:coal":64,"minecraft:white_wool":3,"minecraft:cobblestone":145},"minecraft:crafted":{"minecraft:stone_shovel":8,"minecraft:crafting_table":1,"minecraft:spruce_planks":364,"minecraft:wooden_pickaxe":1,"minecraft:baked_potato":20,"minecraft:furnace":1,"minecraft:bucket":1,"minecraft:stone_axe":2,"minecraft:cooked_mutton":5,"minecraft:air":0,"minecraft:iron_chestplate":1,"minecraft:shield":1,"minecraft:stick":96,"minecraft:iron_ingot":31,"minecraft:iron_pickaxe":1,"minecraft:stone_pickaxe":3,"minecraft:wooden_axe":1,"minecraft:stone_sword":1,"minecraft:chest":6,"minecraft:white_bed":1,"minecraft:torch":68,"minecraft:stone_hoe":1},"minecraft:broken":{"minecraft:stone_pickaxe":2,"minecraft:stone_axe":1,"minecraft:wooden_axe":1,"minecraft:stone_shovel":6,"minecraft:wooden_pickaxe":1},"minecraft:killed_by":{"minecraft:skeleton":1},"minecraft:used":{"minecraft:water_bucket":49,"minecraft:stone_sword":30,"minecraft:stone_pickaxe":215,"minecraft:stone_shovel":859,"minecraft:baked_potato":7,"minecraft:chest":6,"minecraft:wooden_pickaxe":15,"minecraft:stone_hoe":14,"minecraft:torch":28,"minecraft:dirt":638,"minecraft:crafting_table":9,"minecraft:white_bed":2,"minecraft:spruce_log":12,"minecraft:wooden_axe":42,"minecraft:lava_bucket":1,"minecraft:bread":20,"minecraft:stone_axe":182,"minecraft:bow":1,"minecraft:purple_bed":1,"minecraft:sweet_berries":21,"minecraft:furnace":2,"minecraft:bucket":51,"minecraft:potato":16}},"DataVersion":3955}