{"stats":{"minecraft:mined":{"minecraft:spruce_planks":2,"minecraft:white_bed":1,"minecraft:crafting_table":6,"minecraft:short_grass":4,"minecraft:grass_block":10,"minecraft:spruce_leaves":17,"minecraft:purple_bed":1,"minecraft:furnace":1,"minecraft:iron_ore":3,"minecraft:sweet_berry_bush":1,"minecraft:spruce_log":57,"minecraft:oak_log":10,"minecraft:coal_ore":5,"minecraft:dirt":7,"minecraft:stone":23,"minecraft:oak_leaves":1},"minecraft:custom":{"minecraft:interact_with_furnace":3,"minecraft:mob_kills":8,"minecraft:interact_with_crafting_table":7,"minecraft:interact_with_campfire":4,"minecraft:leave_game":1,"minecraft:time_since_death":34866,"minecraft:sleep_in_bed":3,"minecraft:time_since_rest":2634,"minecraft:sprint_one_cm":137721,"minecraft:damage_taken":325,"minecraft:walk_one_cm":72532,"minecraft:damage_dealt":581,"minecraft:talked_to_villager":1,"minecraft:fly_one_cm":161701,"minecraft:open_chest":6,"minecraft:crouch_one_cm":2845,"minecraft:play_time":34866,"minecraft:sneak_time":982,"minecraft:walk_under_water_one_cm":2006,"minecraft:jump":898,"minecraft:walk_on_water_one_cm":1517,"minecraft:total_world_time":34866,"minecraft:fall_one_cm":23636},"minecraft:killed":{"minecraft:pig":1,"minecraft:sheep":3,"minecraft:skeleton":1,"minecraft:zombie":1,"minecraft:chicken":1,"minecraft:stray":1},"minecraft:picked_up":{"minecraft:crafting_table":6,"minecraft:feather":2,"minecraft:chicken":1,"minecraft:oak_log":10,"minecraft:dirt":17,"minecraft:bone":1,"minecraft:bow":1,"minecraft:spruce_planks":2,"minecraft:cooked_chicken":1,"minecraft:furnace":1,"minecraft:raw_iron":3,"minecraft:cooked_porkchop":3,"minecraft:sweet_berries":21,"minecraft:porkchop":3,"minecraft:spruce_sapling":1,"minecraft:white_bed":1,"minecraft:spruce_log":55,"minecraft:purple_bed":1,"minecraft:arrow":3,"minecraft:rotten_flesh":1,"minecraft:mutton":5,"minecraft:coal":47,"minecraft:white_wool":3,"minecraft:cobblestone":23},"minecraft:broken":{"minecraft:wooden_axe":1,"minecraft:wooden_pickaxe":1},"minecraft:crafted":{"minecraft:crafting_table":1,"minecraft:spruce_planks":32,"minecraft:wooden_pickaxe":1,"minecraft:furnace":1,"minecraft:bucket":1,"minecraft:stone_axe":1,"minecraft:air":0,"minecraft:stick":24,"minecraft:iron_ingot":3,"minecraft:stone_pickaxe":1,"minecraft:wooden_axe":1,"minecraft:stone_sword":1,"minecraft:white_bed":1,"minecraft:torch":12},"minecraft:used":{"minecraft:water_bucket":2,"minecraft:stone_pickaxe":18,"minecraft:wooden_pickaxe":15,"minecraft:torch":1,"minecraft:dirt":10,"minecraft:crafting_table":6,"minecraft:white_bed":2,"minecraft:wooden_axe":42,"minecraft:bread":7,"minecraft:stone_axe":43,"minecraft:bow":1,"minecraft:sweet_berries":21,"minecraft:furnace":1,"minecraft:bucket":3}},"DataVersion":3955}