{"stats":{"minecraft:mined":{"minecraft:spruce_planks":2,"minecraft:white_bed":1,"minecraft:iron_ore":3,"minecraft:sweet_berry_bush":1,"minecraft:spruce_log":7,"minecraft:crafting_table":2,"minecraft:short_grass":4,"minecraft:grass_block":5,"minecraft:coal_ore":5,"minecraft:oak_log":10,"minecraft:dirt":6,"minecraft:spruce_leaves":2,"minecraft:stone":23,"minecraft:oak_leaves":1},"minecraft:custom":{"minecraft:time_since_rest":5325,"minecraft:sprint_one_cm":85718,"minecraft:damage_taken":275,"minecraft:walk_one_cm":53169,"minecraft:mob_kills":8,"minecraft:damage_dealt":581,"minecraft:fly_one_cm":108033,"minecraft:interact_with_crafting_table":3,"minecraft:open_chest":4,"minecraft:crouch_one_cm":1414,"minecraft:play_time":22866,"minecraft:sneak_time":530,"minecraft:walk_under_water_one_cm":1891,"minecraft:jump":584,"minecraft:leave_game":1,"minecraft:walk_on_water_one_cm":1249,"minecraft:time_since_death":22866,"minecraft:sleep_in_bed":2,"minecraft:total_world_time":22866,"minecraft:fall_one_cm":17224},"minecraft:killed":{"minecraft:sheep":3,"minecraft:skeleton":1,"minecraft:zombie":1,"minecraft:pig":1,"minecraft:chicken":1,"minecraft:stray":1},"minecraft:picked_up":{"minecraft:raw_iron":3,"minecraft:crafting_table":2,"minecraft:feather":2,"minecraft:chicken":1,"minecraft:sweet_berries":21,"minecraft:porkchop":3,"minecraft:oak_log":10,"minecraft:white_bed":1,"minecraft:spruce_log":7,"minecraft:dirt":11,"minecraft:bone":1,"minecraft:arrow":3,"minecraft:rotten_flesh":1,"minecraft:bow":1,"minecraft:spruce_planks":2,"minecraft:mutton":5,"minecraft:coal":47,"minecraft:white_wool":3,"minecraft:cobblestone":23},"minecraft:broken":{"minecraft:wooden_pickaxe":1},"minecraft:crafted":{"minecraft:crafting_table":1,"minecraft:stick":24,"minecraft:spruce_planks":32,"minecraft:wooden_pickaxe":1,"minecraft:stone_pickaxe":1,"minecraft:wooden_axe":1,"minecraft:white_bed":1,"minecraft:torch":12},"minecraft:used":{"minecraft:wooden_axe":31,"minecraft:stone_pickaxe":16,"minecraft:bread":4,"minecraft:wooden_pickaxe":15,"minecraft:torch":1,"minecraft:dirt":10,"minecraft:bow":1,"minecraft:sweet_berries":21,"minecraft:crafting_table":2,"minecraft:white_bed":2}},"DataVersion":3955}