{"stats":{"minecraft:used":{"minecraft:wooden_axe":2,"minecraft:crafting_table":2,"minecraft:stone_pickaxe":6,"minecraft:wooden_pickaxe":11},"minecraft:picked_up":{"minecraft:crafting_table":1,"minecraft:oak_log":8,"minecraft:oak_sapling":1,"minecraft:coal":13,"minecraft:cobblestone":4},"minecraft:custom":{"minecraft:time_since_rest":7768,"minecraft:crouch_one_cm":1966,"minecraft:sprint_one_cm":18289,"minecraft:play_time":7768,"minecraft:damage_taken":60,"minecraft:walk_one_cm":5346,"minecraft:sneak_time":866,"minecraft:jump":179,"minecraft:leave_game":2,"minecraft:time_since_death":7768,"minecraft:climb_one_cm":171,"minecraft:total_world_time":7768,"minecraft:interact_with_crafting_table":3,"minecraft:fall_one_cm":7739,"minecraft:fly_one_cm":43425},"minecraft:crafted":{"minecraft:oak_planks":32,"minecraft:crafting_table":1,"minecraft:stick":16,"minecraft:wooden_pickaxe":1,"minecraft:stone_pickaxe":1,"minecraft:wooden_axe":1},"minecraft:mined":{"minecraft:short_grass":2,"minecraft:coal_ore":13,"minecraft:oak_log":8,"minecraft:sunflower":1,"minecraft:stone":4,"minecraft:crafting_table":2}},"DataVersion":3955}