{"stats":{"minecraft:mined":{"minecraft:tuff":1,"minecraft:spruce_planks":2,"minecraft:white_bed":1,"minecraft:deepslate_diamond_ore":1,"minecraft:glow_lichen":1,"minecraft:crafting_table":11,"minecraft:torch":2,"minecraft:granite":8,"minecraft:short_grass":4,"minecraft:grass_block":581,"minecraft:copper_ore":1,"minecraft:spruce_leaves":70,"minecraft:diorite":24,"minecraft:wall_torch":9,"minecraft:spawner":5,"minecraft:large_fern":4,"minecraft:purple_bed":1,"minecraft:furnace":1,"minecraft:iron_ore":23,"minecraft:sweet_berry_bush":1,"minecraft:spruce_log":198,"minecraft:andesite":64,"minecraft:deepslate_iron_ore":3,"minecraft:potatoes":12,"minecraft:oak_log":10,"minecraft:coal_ore":23,"minecraft:dirt_path":35,"minecraft:dirt":439,"minecraft:cobweb":23,"minecraft:stone":317,"minecraft:small_dripleaf":1,"minecraft:gold_ore":1,"minecraft:deepslate":2,"minecraft:oak_leaves":1,"minecraft:fern":2},"minecraft:custom":{"minecraft:interact_with_furnace":27,"minecraft:mob_kills":24,"minecraft:interact_with_crafting_table":31,"minecraft:interact_with_campfire":4,"minecraft:leave_game":3,"minecraft:time_since_death":27718,"minecraft:sleep_in_bed":7,"minecraft:time_since_rest":27837,"minecraft:sprint_one_cm":476747,"minecraft:damage_taken":3459,"minecraft:walk_one_cm":373412,"minecraft:damage_blocked_by_shield":255,"minecraft:drop":10,"minecraft:damage_dealt":3272,"minecraft:swim_one_cm":12701,"minecraft:talked_to_villager":1,"minecraft:fly_one_cm":345729,"minecraft:open_chest":53,"minecraft:crouch_one_cm":109058,"minecraft:play_time":167881,"minecraft:sneak_time":20757,"minecraft:deaths":4,"minecraft:walk_under_water_one_cm":43355,"minecraft:jump":2364,"minecraft:walk_on_water_one_cm":17083,"minecraft:total_world_time":167881,"minecraft:fall_one_cm":50126},"minecraft:killed":{"minecraft:cave_spider":8,"minecraft:pig":1,"minecraft:spider":1,"minecraft:sheep":3,"minecraft:skeleton":2,"minecraft:zombie":7,"minecraft:chicken":1,"minecraft:stray":1},"minecraft:dropped":{"minecraft:wheat_seeds":1,"minecraft:cobblestone":4,"universal_graves:grave_compass":5,"minecraft:diorite":3,"minecraft:spider_eye":3,"minecraft:bone":1},"minecraft:picked_up":{"minecraft:crafting_table":11,"minecraft:feather":2,"minecraft:chicken":1,"minecraft:andesite":64,"minecraft:potato":33,"minecraft:oak_log":10,"minecraft:string":61,"minecraft:dirt":1053,"minecraft:raw_copper":28,"universal_graves:grave_compass":4,"minecraft:bone":2,"minecraft:bow":1,"minecraft:wheat_seeds":2,"minecraft:raw_gold":4,"minecraft:spruce_planks":2,"minecraft:cooked_chicken":1,"minecraft:furnace":1,"minecraft:stick":17,"minecraft:raw_iron":85,"minecraft:cooked_porkchop":3,"minecraft:sweet_berries":21,"minecraft:torch":15,"minecraft:poisonous_potato":1,"minecraft:porkchop":3,"minecraft:spruce_sapling":31,"minecraft:diorite":9,"minecraft:white_bed":1,"minecraft:spruce_log":195,"minecraft:spider_eye":3,"minecraft:rotten_flesh":6,"minecraft:arrow":4,"minecraft:purple_bed":1,"minecraft:diamond":3,"minecraft:granite":8,"minecraft:mutton":5,"minecraft:coal":280,"minecraft:white_wool":3,"minecraft:cobblestone":240},"minecraft:crafted":{"minecraft:stone_shovel":8,"minecraft:crafting_table":2,"minecraft:spruce_planks":364,"minecraft:iron_helmet":1,"minecraft:wooden_pickaxe":1,"minecraft:baked_potato":20,"minecraft:furnace":2,"minecraft:bucket":2,"minecraft:stone_axe":2,"minecraft:cooked_mutton":5,"minecraft:air":0,"minecraft:diamond_pickaxe":1,"minecraft:iron_boots":1,"minecraft:iron_chestplate":1,"minecraft:shield":1,"minecraft:stick":96,"minecraft:iron_leggings":1,"minecraft:gold_ingot":4,"minecraft:iron_ingot":46,"minecraft:iron_pickaxe":1,"minecraft:stone_pickaxe":6,"minecraft:wooden_axe":1,"minecraft:stone_sword":1,"minecraft:chest":6,"minecraft:white_bed":1,"minecraft:torch":108,"minecraft:stone_hoe":1},"minecraft:broken":{"minecraft:stone_pickaxe":5,"minecraft:stone_axe":1,"minecraft:wooden_axe":1,"minecraft:stone_shovel":7,"minecraft:wooden_pickaxe":1},"minecraft:killed_by":{"minecraft:cave_spider":2,"minecraft:skeleton":2},"minecraft:used":{"minecraft:cooked_mutton":4,"minecraft:water_bucket":64,"minecraft:stone_sword":105,"minecraft:stone_pickaxe":451,"minecraft:stone_shovel":989,"minecraft:baked_potato":20,"minecraft:shield":4,"minecraft:chest":6,"minecraft:wooden_pickaxe":15,"minecraft:cooked_chicken":1,"minecraft:stone_hoe":14,"minecraft:torch":117,"minecraft:dirt":1006,"minecraft:crafting_table":12,"minecraft:white_bed":2,"minecraft:spruce_log":12,"minecraft:wooden_axe":42,"minecraft:lava_bucket":1,"minecraft:bread":23,"minecraft:iron_pickaxe":14,"minecraft:stone_axe":194,"minecraft:bow":1,"minecraft:purple_bed":1,"minecraft:sweet_berries":21,"minecraft:furnace":3,"minecraft:cooked_porkchop":3,"minecraft:bucket":67,"minecraft:potato":24}},"DataVersion":3955}