{"stats":{"minecraft:mined":{"minecraft:tuff":1,"minecraft:spruce_planks":2,"minecraft:white_bed":1,"minecraft:deepslate_diamond_ore":1,"minecraft:glow_lichen":1,"minecraft:crafting_table":11,"minecraft:torch":2,"minecraft:granite":8,"minecraft:short_grass":4,"minecraft:grass_block":582,"minecraft:copper_ore":1,"minecraft:spruce_leaves":70,"minecraft:diorite":24,"minecraft:blue_bed":1,"minecraft:wall_torch":9,"minecraft:spawner":5,"minecraft:large_fern":4,"minecraft:purple_bed":1,"minecraft:furnace":1,"minecraft:iron_ore":23,"minecraft:sweet_berry_bush":1,"minecraft:spruce_log":198,"minecraft:andesite":64,"minecraft:deepslate_iron_ore":3,"minecraft:potatoes":12,"minecraft:oak_log":10,"minecraft:coal_ore":23,"minecraft:dirt_path":35,"minecraft:dirt":454,"minecraft:cobweb":23,"minecraft:stone":317,"minecraft:small_dripleaf":1,"minecraft:gold_ore":1,"minecraft:deepslate":2,"minecraft:oak_leaves":1,"minecraft:fern":2},"minecraft:custom":{"minecraft:interact_with_furnace":29,"minecraft:mob_kills":27,"minecraft:interact_with_crafting_table":35,"minecraft:interact_with_campfire":4,"minecraft:leave_game":3,"minecraft:time_since_death":39718,"minecraft:sleep_in_bed":7,"minecraft:time_since_rest":39837,"minecraft:sprint_one_cm":509264,"minecraft:damage_taken":3491,"minecraft:walk_one_cm":395076,"minecraft:damage_blocked_by_shield":255,"minecraft:drop":10,"minecraft:damage_dealt":3832,"minecraft:swim_one_cm":13250,"minecraft:talked_to_villager":6,"minecraft:fly_one_cm":392898,"minecraft:open_chest":57,"minecraft:crouch_one_cm":109508,"minecraft:play_time":179881,"minecraft:sneak_time":21057,"minecraft:deaths":4,"minecraft:walk_under_water_one_cm":43873,"minecraft:boat_one_cm":5259,"minecraft:jump":2625,"minecraft:walk_on_water_one_cm":27405,"minecraft:total_world_time":179881,"minecraft:fall_one_cm":55341},"minecraft:killed":{"minecraft:cave_spider":8,"minecraft:pig":1,"minecraft:spider":2,"minecraft:sheep":3,"minecraft:skeleton":2,"minecraft:zombie":9,"minecraft:chicken":1,"minecraft:stray":1},"minecraft:dropped":{"minecraft:wheat_seeds":1,"minecraft:cobblestone":4,"universal_graves:grave_compass":5,"minecraft:diorite":3,"minecraft:spider_eye":3,"minecraft:bone":1},"minecraft:picked_up":{"minecraft:crafting_table":11,"minecraft:feather":2,"minecraft:chicken":1,"minecraft:andesite":64,"minecraft:potato":33,"minecraft:oak_log":10,"minecraft:blue_bed":1,"minecraft:string":63,"minecraft:dirt":1069,"minecraft:raw_copper":28,"universal_graves:grave_compass":4,"minecraft:bone":2,"minecraft:bow":1,"minecraft:wheat_seeds":2,"minecraft:raw_gold":4,"minecraft:spruce_planks":2,"minecraft:cooked_chicken":1,"minecraft:furnace":1,"minecraft:stick":17,"minecraft:raw_iron":85,"minecraft:cooked_porkchop":3,"minecraft:sweet_berries":21,"minecraft:torch":15,"minecraft:poisonous_potato":1,"minecraft:porkchop":3,"minecraft:spruce_sapling":31,"minecraft:diorite":9,"minecraft:white_bed":1,"minecraft:spruce_log":195,"minecraft:spider_eye":3,"minecraft:rotten_flesh":6,"minecraft:arrow":4,"minecraft:purple_bed":1,"minecraft:diamond":3,"minecraft:spruce_boat":6,"minecraft:granite":8,"minecraft:mutton":5,"minecraft:coal":280,"minecraft:white_wool":3,"minecraft:cobblestone":240},"minecraft:crafted":{"minecraft:stone_shovel":8,"minecraft:fishing_rod":2,"minecraft:crafting_table":2,"minecraft:spruce_planks":392,"minecraft:iron_helmet":1,"minecraft:wooden_pickaxe":1,"minecraft:baked_potato":46,"minecraft:iron_sword":1,"minecraft:furnace":2,"minecraft:bucket":2,"minecraft:stone_axe":2,"minecraft:cooked_mutton":5,"minecraft:air":0,"minecraft:diamond_pickaxe":1,"minecraft:iron_boots":1,"minecraft:iron_chestplate":1,"minecraft:shield":1,"minecraft:stick":132,"minecraft:iron_leggings":1,"minecraft:gold_ingot":4,"minecraft:iron_ingot":85,"minecraft:iron_pickaxe":1,"minecraft:stone_pickaxe":6,"minecraft:wooden_axe":1,"minecraft:stone_sword":1,"minecraft:chest":6,"minecraft:white_bed":1,"minecraft:spruce_boat":1,"minecraft:torch":168,"minecraft:stone_hoe":1},"minecraft:broken":{"minecraft:stone_pickaxe":5,"minecraft:stone_sword":1,"minecraft:stone_axe":1,"minecraft:wooden_axe":1,"minecraft:fishing_rod":1,"minecraft:stone_shovel":7,"minecraft:wooden_pickaxe":1},"minecraft:killed_by":{"minecraft:cave_spider":2,"minecraft:skeleton":2},"minecraft:used":{"minecraft:cooked_mutton":5,"minecraft:water_bucket":70,"minecraft:stone_sword":110,"minecraft:stone_pickaxe":451,"minecraft:stone_shovel":1003,"minecraft:baked_potato":20,"minecraft:shield":4,"minecraft:chest":6,"minecraft:wooden_pickaxe":15,"minecraft:iron_sword":7,"minecraft:blue_bed":1,"minecraft:cooked_chicken":1,"minecraft:stone_hoe":14,"minecraft:torch":120,"minecraft:dirt":1015,"minecraft:crafting_table":12,"minecraft:white_bed":2,"minecraft:spruce_log":12,"minecraft:spruce_boat":7,"minecraft:wooden_axe":42,"minecraft:lava_bucket":1,"minecraft:bread":23,"minecraft:iron_pickaxe":14,"minecraft:fishing_rod":25,"minecraft:stone_axe":197,"minecraft:bow":1,"minecraft:purple_bed":1,"minecraft:sweet_berries":21,"minecraft:furnace":3,"minecraft:cooked_porkchop":3,"minecraft:bucket":73,"minecraft:potato":24}},"DataVersion":3955}