{"stats":{"minecraft:mined":{"minecraft:spruce_planks":2,"minecraft:white_bed":1,"minecraft:crafting_table":10,"minecraft:torch":1,"minecraft:granite":8,"minecraft:short_grass":4,"minecraft:grass_block":549,"minecraft:copper_ore":1,"minecraft:spruce_leaves":63,"minecraft:diorite":9,"minecraft:wall_torch":3,"minecraft:spawner":1,"minecraft:large_fern":1,"minecraft:purple_bed":1,"minecraft:furnace":1,"minecraft:iron_ore":16,"minecraft:sweet_berry_bush":1,"minecraft:spruce_log":190,"minecraft:andesite":64,"minecraft:potatoes":4,"minecraft:oak_log":10,"minecraft:coal_ore":21,"minecraft:dirt_path":9,"minecraft:dirt":359,"minecraft:cobweb":11,"minecraft:stone":173,"minecraft:oak_leaves":1,"minecraft:fern":1},"minecraft:custom":{"minecraft:interact_with_furnace":17,"minecraft:mob_kills":22,"minecraft:interact_with_crafting_table":25,"minecraft:interact_with_campfire":4,"minecraft:leave_game":3,"minecraft:time_since_death":700,"minecraft:sleep_in_bed":7,"minecraft:time_since_rest":733,"minecraft:sprint_one_cm":407634,"minecraft:damage_taken":2636,"minecraft:walk_one_cm":286146,"minecraft:drop":2,"minecraft:damage_dealt":2859,"minecraft:swim_one_cm":12701,"minecraft:talked_to_villager":1,"minecraft:fly_one_cm":304312,"minecraft:open_chest":36,"minecraft:crouch_one_cm":95421,"minecraft:play_time":137881,"minecraft:sneak_time":17531,"minecraft:deaths":3,"minecraft:walk_under_water_one_cm":42808,"minecraft:jump":1914,"minecraft:walk_on_water_one_cm":15224,"minecraft:total_world_time":137881,"minecraft:fall_one_cm":44305},"minecraft:killed":{"minecraft:cave_spider":7,"minecraft:pig":1,"minecraft:spider":1,"minecraft:sheep":3,"minecraft:skeleton":1,"minecraft:zombie":7,"minecraft:chicken":1,"minecraft:stray":1},"minecraft:dropped":{"minecraft:wheat_seeds":1,"universal_graves:grave_compass":1},"minecraft:picked_up":{"minecraft:crafting_table":10,"minecraft:feather":2,"minecraft:chicken":1,"minecraft:andesite":64,"minecraft:potato":11,"minecraft:oak_log":10,"minecraft:string":22,"minecraft:dirt":916,"minecraft:raw_copper":28,"minecraft:bone":1,"minecraft:bow":1,"minecraft:wheat_seeds":2,"minecraft:spruce_planks":2,"minecraft:cooked_chicken":1,"minecraft:furnace":1,"minecraft:stick":17,"minecraft:raw_iron":48,"minecraft:cooked_porkchop":3,"minecraft:sweet_berries":21,"minecraft:torch":5,"minecraft:porkchop":3,"minecraft:spruce_sapling":30,"minecraft:diorite":9,"minecraft:white_bed":1,"minecraft:spruce_log":188,"minecraft:spider_eye":3,"minecraft:rotten_flesh":6,"minecraft:arrow":3,"minecraft:purple_bed":1,"minecraft:granite":8,"minecraft:mutton":5,"minecraft:coal":251,"minecraft:white_wool":3,"minecraft:cobblestone":169},"minecraft:crafted":{"minecraft:stone_shovel":8,"minecraft:crafting_table":2,"minecraft:spruce_planks":364,"minecraft:wooden_pickaxe":1,"minecraft:baked_potato":20,"minecraft:furnace":1,"minecraft:bucket":2,"minecraft:stone_axe":2,"minecraft:cooked_mutton":5,"minecraft:air":0,"minecraft:iron_chestplate":1,"minecraft:shield":1,"minecraft:stick":96,"minecraft:iron_ingot":31,"minecraft:iron_pickaxe":1,"minecraft:stone_pickaxe":5,"minecraft:wooden_axe":1,"minecraft:stone_sword":1,"minecraft:chest":6,"minecraft:white_bed":1,"minecraft:torch":88,"minecraft:stone_hoe":1},"minecraft:broken":{"minecraft:stone_pickaxe":4,"minecraft:stone_axe":1,"minecraft:wooden_axe":1,"minecraft:stone_shovel":6,"minecraft:wooden_pickaxe":1},"minecraft:killed_by":{"minecraft:cave_spider":1,"minecraft:skeleton":2},"minecraft:used":{"minecraft:water_bucket":55,"minecraft:stone_sword":80,"minecraft:stone_pickaxe":281,"minecraft:stone_shovel":859,"minecraft:baked_potato":20,"minecraft:chest":6,"minecraft:wooden_pickaxe":15,"minecraft:cooked_chicken":1,"minecraft:stone_hoe":14,"minecraft:torch":76,"minecraft:dirt":696,"minecraft:crafting_table":11,"minecraft:white_bed":2,"minecraft:spruce_log":12,"minecraft:wooden_axe":42,"minecraft:lava_bucket":1,"minecraft:bread":20,"minecraft:stone_axe":184,"minecraft:bow":1,"minecraft:purple_bed":1,"minecraft:sweet_berries":21,"minecraft:furnace":2,"minecraft:cooked_porkchop":1,"minecraft:bucket":58,"minecraft:potato":16}},"DataVersion":3955}