{"stats":{"minecraft:mined":{"minecraft:spruce_planks":2,"minecraft:white_bed":1,"minecraft:crafting_table":8,"minecraft:short_grass":4,"minecraft:grass_block":544,"minecraft:copper_ore":1,"minecraft:spruce_leaves":55,"minecraft:diorite":6,"minecraft:large_fern":1,"minecraft:purple_bed":1,"minecraft:furnace":1,"minecraft:iron_ore":12,"minecraft:sweet_berry_bush":1,"minecraft:spruce_log":91,"minecraft:andesite":56,"minecraft:oak_log":10,"minecraft:coal_ore":7,"minecraft:dirt_path":9,"minecraft:dirt":330,"minecraft:stone":145,"minecraft:oak_leaves":1,"minecraft:fern":1},"minecraft:custom":{"minecraft:interact_with_furnace":9,"minecraft:mob_kills":14,"minecraft:interact_with_crafting_table":15,"minecraft:interact_with_campfire":4,"minecraft:leave_game":3,"minecraft:time_since_death":26825,"minecraft:sleep_in_bed":6,"minecraft:time_since_rest":26879,"minecraft:sprint_one_cm":241556,"minecraft:damage_taken":1075,"minecraft:walk_one_cm":173144,"minecraft:drop":1,"minecraft:damage_dealt":1805,"minecraft:swim_one_cm":12701,"minecraft:talked_to_villager":1,"minecraft:fly_one_cm":215782,"minecraft:open_chest":13,"minecraft:crouch_one_cm":86598,"minecraft:play_time":89881,"minecraft:sneak_time":15290,"minecraft:deaths":1,"minecraft:walk_under_water_one_cm":39273,"minecraft:jump":1365,"minecraft:walk_on_water_one_cm":12512,"minecraft:total_world_time":89881,"minecraft:fall_one_cm":29811},"minecraft:killed":{"minecraft:pig":1,"minecraft:sheep":3,"minecraft:skeleton":1,"minecraft:zombie":7,"minecraft:chicken":1,"minecraft:stray":1},"minecraft:dropped":{"minecraft:wheat_seeds":1},"minecraft:picked_up":{"minecraft:crafting_table":8,"minecraft:feather":2,"minecraft:chicken":1,"minecraft:andesite":56,"minecraft:oak_log":10,"minecraft:dirt":882,"minecraft:raw_copper":28,"minecraft:bone":1,"minecraft:bow":1,"minecraft:wheat_seeds":2,"minecraft:spruce_planks":2,"minecraft:cooked_chicken":1,"minecraft:furnace":1,"minecraft:stick":8,"minecraft:raw_iron":31,"minecraft:cooked_porkchop":3,"minecraft:sweet_berries":21,"minecraft:porkchop":3,"minecraft:spruce_sapling":11,"minecraft:diorite":6,"minecraft:white_bed":1,"minecraft:spruce_log":90,"minecraft:rotten_flesh":6,"minecraft:arrow":3,"minecraft:purple_bed":1,"minecraft:mutton":5,"minecraft:coal":60,"minecraft:white_wool":3,"minecraft:cobblestone":145},"minecraft:crafted":{"minecraft:stone_shovel":8,"minecraft:crafting_table":1,"minecraft:spruce_planks":108,"minecraft:wooden_pickaxe":1,"minecraft:furnace":1,"minecraft:bucket":1,"minecraft:stone_axe":1,"minecraft:cooked_mutton":5,"minecraft:air":0,"minecraft:stick":40,"minecraft:iron_ingot":3,"minecraft:stone_pickaxe":2,"minecraft:wooden_axe":1,"minecraft:stone_sword":1,"minecraft:chest":4,"minecraft:white_bed":1,"minecraft:torch":32,"minecraft:stone_hoe":1},"minecraft:broken":{"minecraft:stone_pickaxe":1,"minecraft:wooden_axe":1,"minecraft:stone_shovel":6,"minecraft:wooden_pickaxe":1},"minecraft:killed_by":{"minecraft:skeleton":1},"minecraft:used":{"minecraft:water_bucket":45,"minecraft:stone_sword":30,"minecraft:stone_pickaxe":214,"minecraft:stone_shovel":859,"minecraft:chest":4,"minecraft:wooden_pickaxe":15,"minecraft:stone_hoe":14,"minecraft:torch":28,"minecraft:dirt":438,"minecraft:crafting_table":9,"minecraft:white_bed":2,"minecraft:wooden_axe":42,"minecraft:lava_bucket":1,"minecraft:bread":19,"minecraft:stone_axe":81,"minecraft:bow":1,"minecraft:purple_bed":1,"minecraft:sweet_berries":21,"minecraft:furnace":2,"minecraft:bucket":47,"minecraft:potato":12}},"DataVersion":3955}