{"stats":{"minecraft:mined":{"minecraft:spruce_planks":2,"minecraft:white_bed":1,"minecraft:crafting_table":8,"minecraft:short_grass":4,"minecraft:grass_block":546,"minecraft:copper_ore":1,"minecraft:spruce_leaves":61,"minecraft:diorite":6,"minecraft:large_fern":1,"minecraft:purple_bed":1,"minecraft:furnace":1,"minecraft:iron_ore":12,"minecraft:sweet_berry_bush":1,"minecraft:spruce_log":148,"minecraft:andesite":56,"minecraft:oak_log":10,"minecraft:coal_ore":8,"minecraft:dirt_path":9,"minecraft:dirt":333,"minecraft:stone":145,"minecraft:oak_leaves":1,"minecraft:fern":1},"minecraft:custom":{"minecraft:interact_with_furnace":14,"minecraft:mob_kills":14,"minecraft:interact_with_crafting_table":20,"minecraft:interact_with_campfire":4,"minecraft:leave_game":3,"minecraft:time_since_death":38825,"minecraft:sleep_in_bed":6,"minecraft:time_since_rest":38879,"minecraft:sprint_one_cm":272369,"minecraft:damage_taken":1205,"minecraft:walk_one_cm":196124,"minecraft:drop":1,"minecraft:damage_dealt":1805,"minecraft:swim_one_cm":12701,"minecraft:talked_to_villager":1,"minecraft:fly_one_cm":234541,"minecraft:open_chest":22,"minecraft:crouch_one_cm":92473,"minecraft:play_time":101881,"minecraft:sneak_time":16325,"minecraft:deaths":1,"minecraft:walk_under_water_one_cm":39273,"minecraft:jump":1469,"minecraft:walk_on_water_one_cm":12512,"minecraft:total_world_time":101881,"minecraft:fall_one_cm":32356},"minecraft:killed":{"minecraft:pig":1,"minecraft:sheep":3,"minecraft:skeleton":1,"minecraft:zombie":7,"minecraft:chicken":1,"minecraft:stray":1},"minecraft:dropped":{"minecraft:wheat_seeds":1},"minecraft:picked_up":{"minecraft:crafting_table":8,"minecraft:feather":2,"minecraft:chicken":1,"minecraft:andesite":56,"minecraft:oak_log":10,"minecraft:dirt":887,"minecraft:raw_copper":28,"minecraft:bone":1,"minecraft:bow":1,"minecraft:wheat_seeds":2,"minecraft:spruce_planks":2,"minecraft:cooked_chicken":1,"minecraft:furnace":1,"minecraft:stick":12,"minecraft:raw_iron":31,"minecraft:cooked_porkchop":3,"minecraft:sweet_berries":21,"minecraft:porkchop":3,"minecraft:spruce_sapling":17,"minecraft:diorite":6,"minecraft:white_bed":1,"minecraft:spruce_log":146,"minecraft:rotten_flesh":6,"minecraft:arrow":3,"minecraft:purple_bed":1,"minecraft:mutton":5,"minecraft:coal":64,"minecraft:white_wool":3,"minecraft:cobblestone":145},"minecraft:crafted":{"minecraft:stone_shovel":8,"minecraft:crafting_table":1,"minecraft:spruce_planks":364,"minecraft:wooden_pickaxe":1,"minecraft:baked_potato":20,"minecraft:furnace":1,"minecraft:bucket":1,"minecraft:stone_axe":2,"minecraft:cooked_mutton":5,"minecraft:air":0,"minecraft:iron_chestplate":1,"minecraft:stick":96,"minecraft:iron_ingot":28,"minecraft:stone_pickaxe":3,"minecraft:wooden_axe":1,"minecraft:stone_sword":1,"minecraft:chest":6,"minecraft:white_bed":1,"minecraft:torch":68,"minecraft:stone_hoe":1},"minecraft:broken":{"minecraft:stone_pickaxe":2,"minecraft:stone_axe":1,"minecraft:wooden_axe":1,"minecraft:stone_shovel":6,"minecraft:wooden_pickaxe":1},"minecraft:killed_by":{"minecraft:skeleton":1},"minecraft:used":{"minecraft:water_bucket":46,"minecraft:stone_sword":30,"minecraft:stone_pickaxe":215,"minecraft:stone_shovel":859,"minecraft:baked_potato":2,"minecraft:chest":6,"minecraft:wooden_pickaxe":15,"minecraft:stone_hoe":14,"minecraft:torch":28,"minecraft:dirt":629,"minecraft:crafting_table":9,"minecraft:white_bed":2,"minecraft:spruce_log":11,"minecraft:wooden_axe":42,"minecraft:lava_bucket":1,"minecraft:bread":20,"minecraft:stone_axe":140,"minecraft:bow":1,"minecraft:purple_bed":1,"minecraft:sweet_berries":21,"minecraft:furnace":2,"minecraft:bucket":48,"minecraft:potato":12}},"DataVersion":3955}