{"stats":{"minecraft:mined":{"minecraft:tuff":1,"minecraft:spruce_planks":2,"minecraft:white_bed":1,"minecraft:deepslate_diamond_ore":1,"minecraft:glow_lichen":1,"minecraft:granite":8,"minecraft:grass_block":583,"minecraft:spruce_leaves":70,"minecraft:spawner":5,"minecraft:large_fern":6,"minecraft:redstone_ore":1,"minecraft:furnace":1,"minecraft:iron_ore":27,"minecraft:andesite":71,"minecraft:pumpkin":1,"minecraft:potatoes":12,"minecraft:dirt_path":37,"minecraft:deepslate_iron_ore":3,"minecraft:rail":58,"minecraft:stone":374,"minecraft:crafting_table":11,"minecraft:torch":2,"minecraft:short_grass":4,"minecraft:copper_ore":1,"minecraft:diorite":24,"minecraft:wall_torch":9,"minecraft:blue_bed":1,"minecraft:purple_bed":1,"minecraft:redstone_torch":1,"minecraft:sweet_berry_bush":1,"minecraft:spruce_log":200,"minecraft:coal_ore":25,"minecraft:oak_log":10,"minecraft:dirt":466,"minecraft:cobweb":23,"minecraft:small_dripleaf":1,"minecraft:gold_ore":1,"minecraft:oak_leaves":1,"minecraft:deepslate":2,"minecraft:fern":2},"minecraft:custom":{"minecraft:mob_kills":31,"minecraft:interact_with_crafting_table":44,"minecraft:interact_with_campfire":4,"minecraft:leave_game":3,"minecraft:time_since_death":75718,"minecraft:sprint_one_cm":580830,"minecraft:walk_one_cm":520074,"minecraft:damage_blocked_by_shield":624,"minecraft:drop":10,"minecraft:talked_to_villager":16,"minecraft:play_time":215881,"minecraft:walk_under_water_one_cm":44579,"minecraft:deaths":4,"minecraft:sneak_time":21546,"minecraft:boat_one_cm":14205,"minecraft:jump":3135,"minecraft:walk_on_water_one_cm":38095,"minecraft:total_world_time":215881,"minecraft:interact_with_furnace":33,"minecraft:sleep_in_bed":10,"minecraft:time_since_rest":3120,"minecraft:damage_taken":3827,"minecraft:minecart_one_cm":3665,"minecraft:damage_dealt":4587,"minecraft:fly_one_cm":451333,"minecraft:swim_one_cm":13250,"minecraft:open_chest":61,"minecraft:crouch_one_cm":110747,"minecraft:fall_one_cm":63236},"minecraft:killed":{"minecraft:cave_spider":8,"minecraft:spider":3,"minecraft:skeleton":2,"minecraft:chicken":1,"minecraft:pig":1,"minecraft:sheep":3,"minecraft:zombie":12,"minecraft:stray":1},"minecraft:dropped":{"minecraft:wheat_seeds":1,"minecraft:cobblestone":4,"minecraft:diorite":3,"minecraft:bone":1,"universal_graves:grave_compass":5,"minecraft:spider_eye":3},"minecraft:picked_up":{"minecraft:crafting_table":11,"minecraft:chicken":1,"minecraft:raw_copper":28,"minecraft:string":65,"universal_graves:grave_compass":4,"minecraft:spruce_planks":2,"minecraft:redstone_torch":2,"minecraft:minecart":7,"minecraft:furnace":1,"minecraft:raw_iron":104,"minecraft:stick":17,"minecraft:torch":19,"minecraft:porkchop":3,"minecraft:diorite":9,"minecraft:redstone":37,"minecraft:arrow":4,"minecraft:rotten_flesh":6,"minecraft:mutton":5,"minecraft:white_wool":3,"minecraft:rail":58,"minecraft:cobblestone":303,"minecraft:feather":2,"minecraft:andesite":71,"minecraft:potato":33,"minecraft:oak_log":14,"minecraft:dirt":1084,"minecraft:blue_bed":1,"minecraft:bone":2,"minecraft:bow":1,"minecraft:wheat_seeds":2,"minecraft:raw_gold":4,"minecraft:cooked_chicken":1,"minecraft:cooked_porkchop":3,"minecraft:pumpkin":1,"minecraft:sweet_berries":21,"minecraft:poisonous_potato":1,"minecraft:spruce_sapling":31,"minecraft:white_bed":1,"minecraft:spruce_log":197,"minecraft:spider_eye":4,"minecraft:purple_bed":1,"minecraft:diamond":3,"minecraft:spruce_boat":20,"minecraft:granite":8,"minecraft:coal":300},"minecraft:broken":{"minecraft:stone_sword":1,"minecraft:wooden_pickaxe":1,"minecraft:stone_pickaxe":6,"minecraft:stone_axe":1,"minecraft:wooden_axe":1,"minecraft:fishing_rod":2,"minecraft:stone_shovel":7},"minecraft:crafted":{"minecraft:stone_shovel":8,"minecraft:fishing_rod":3,"minecraft:furnace":2,"minecraft:cooked_mutton":5,"minecraft:iron_boots":1,"minecraft:stone_pickaxe":7,"minecraft:chest":6,"minecraft:spruce_boat":1,"minecraft:stone_hoe":1,"minecraft:minecart":1,"minecraft:crafting_table":2,"minecraft:spruce_planks":392,"minecraft:powered_rail":6,"minecraft:baked_potato":46,"minecraft:wooden_pickaxe":1,"minecraft:iron_helmet":1,"minecraft:iron_sword":1,"minecraft:bucket":2,"minecraft:stone_axe":2,"minecraft:air":0,"minecraft:iron_chestplate":1,"minecraft:diamond_pickaxe":1,"minecraft:shield":1,"minecraft:stick":132,"minecraft:iron_ingot":98,"minecraft:iron_pickaxe":1,"minecraft:wooden_axe":1,"minecraft:stone_sword":1,"minecraft:gold_ingot":4,"minecraft:iron_leggings":1,"minecraft:white_bed":1,"minecraft:redstone_torch":4,"minecraft:torch":168},"minecraft:killed_by":{"minecraft:cave_spider":2,"minecraft:skeleton":2},"minecraft:used":{"minecraft:stone_sword":110,"minecraft:stone_shovel":1004,"minecraft:chest":6,"minecraft:shield":14,"minecraft:iron_sword":27,"minecraft:stone_hoe":14,"minecraft:cooked_chicken":1,"minecraft:torch":135,"minecraft:dirt":1070,"minecraft:spruce_boat":21,"minecraft:wooden_axe":42,"minecraft:lava_bucket":1,"minecraft:bow":1,"minecraft:sweet_berries":21,"minecraft:furnace":3,"minecraft:minecart":8,"minecraft:potato":24,"minecraft:cooked_mutton":5,"minecraft:water_bucket":82,"minecraft:powered_rail":4,"minecraft:stone_pickaxe":549,"minecraft:baked_potato":30,"minecraft:wooden_pickaxe":15,"minecraft:blue_bed":1,"minecraft:rail":25,"minecraft:crafting_table":12,"minecraft:white_bed":2,"minecraft:spruce_log":12,"minecraft:redstone_torch":6,"minecraft:bread":23,"minecraft:iron_pickaxe":41,"minecraft:stone_axe":200,"minecraft:fishing_rod":59,"minecraft:purple_bed":1,"minecraft:cooked_porkchop":3,"minecraft:andesite":7,"minecraft:bucket":85}},"DataVersion":3955}