{"stats":{"minecraft:mined":{"minecraft:spruce_planks":2,"minecraft:white_bed":1,"minecraft:crafting_table":7,"minecraft:short_grass":4,"minecraft:grass_block":525,"minecraft:spruce_leaves":55,"minecraft:large_fern":1,"minecraft:purple_bed":1,"minecraft:furnace":1,"minecraft:iron_ore":3,"minecraft:sweet_berry_bush":1,"minecraft:spruce_log":91,"minecraft:andesite":38,"minecraft:oak_log":10,"minecraft:coal_ore":6,"minecraft:dirt_path":9,"minecraft:dirt":306,"minecraft:stone":101,"minecraft:oak_leaves":1,"minecraft:fern":1},"minecraft:custom":{"minecraft:interact_with_furnace":6,"minecraft:mob_kills":10,"minecraft:interact_with_crafting_table":11,"minecraft:interact_with_campfire":4,"minecraft:leave_game":2,"minecraft:time_since_death":3149,"minecraft:sleep_in_bed":6,"minecraft:time_since_rest":3203,"minecraft:sprint_one_cm":193316,"minecraft:damage_taken":780,"minecraft:walk_one_cm":124208,"minecraft:damage_dealt":1068,"minecraft:swim_one_cm":402,"minecraft:talked_to_villager":1,"minecraft:fly_one_cm":189357,"minecraft:open_chest":6,"minecraft:crouch_one_cm":78848,"minecraft:deaths":1,"minecraft:play_time":66205,"minecraft:sneak_time":13689,"minecraft:walk_under_water_one_cm":4452,"minecraft:jump":1104,"minecraft:walk_on_water_one_cm":2367,"minecraft:total_world_time":66205,"minecraft:fall_one_cm":26252},"minecraft:killed":{"minecraft:pig":1,"minecraft:sheep":3,"minecraft:skeleton":1,"minecraft:zombie":3,"minecraft:chicken":1,"minecraft:stray":1},"minecraft:picked_up":{"minecraft:crafting_table":7,"minecraft:feather":2,"minecraft:chicken":1,"minecraft:andesite":38,"minecraft:oak_log":10,"minecraft:dirt":839,"minecraft:bone":1,"minecraft:bow":1,"minecraft:wheat_seeds":1,"minecraft:spruce_planks":2,"minecraft:cooked_chicken":1,"minecraft:furnace":1,"minecraft:raw_iron":3,"minecraft:stick":8,"minecraft:cooked_porkchop":3,"minecraft:sweet_berries":21,"minecraft:porkchop":3,"minecraft:spruce_sapling":11,"minecraft:white_bed":1,"minecraft:spruce_log":90,"minecraft:rotten_flesh":3,"minecraft:purple_bed":1,"minecraft:arrow":3,"minecraft:mutton":5,"minecraft:coal":53,"minecraft:white_wool":3,"minecraft:cobblestone":101},"minecraft:crafted":{"minecraft:stone_shovel":8,"minecraft:crafting_table":1,"minecraft:spruce_planks":108,"minecraft:wooden_pickaxe":1,"minecraft:furnace":1,"minecraft:bucket":1,"minecraft:stone_axe":1,"minecraft:cooked_mutton":5,"minecraft:air":0,"minecraft:stick":40,"minecraft:iron_ingot":3,"minecraft:stone_pickaxe":2,"minecraft:wooden_axe":1,"minecraft:stone_sword":1,"minecraft:white_bed":1,"minecraft:torch":12},"minecraft:broken":{"minecraft:stone_pickaxe":1,"minecraft:wooden_axe":1,"minecraft:stone_shovel":6,"minecraft:wooden_pickaxe":1},"minecraft:killed_by":{"minecraft:skeleton":1},"minecraft:used":{"minecraft:water_bucket":12,"minecraft:stone_sword":12,"minecraft:stone_pickaxe":135,"minecraft:stone_shovel":818,"minecraft:wooden_pickaxe":15,"minecraft:torch":7,"minecraft:dirt":436,"minecraft:crafting_table":8,"minecraft:white_bed":2,"minecraft:wooden_axe":42,"minecraft:bread":13,"minecraft:stone_axe":80,"minecraft:bow":1,"minecraft:purple_bed":1,"minecraft:sweet_berries":21,"minecraft:furnace":2,"minecraft:bucket":13}},"DataVersion":3955}