{"stats":{"minecraft:custom":{"minecraft:jump":149,"minecraft:time_since_rest":4296,"minecraft:leave_game":1,"minecraft:walk_on_water_one_cm":777,"minecraft:sprint_one_cm":24310,"minecraft:play_time":4296,"minecraft:damage_taken":70,"minecraft:time_since_death":4296,"minecraft:walk_one_cm":1095,"minecraft:sneak_time":54,"minecraft:total_world_time":4296,"minecraft:walk_under_water_one_cm":252,"minecraft:swim_one_cm":11998,"minecraft:fall_one_cm":5109,"minecraft:fly_one_cm":81230}},"DataVersion":3955}