{"stats":{"minecraft:mined":{"minecraft:short_grass":4,"minecraft:coal_ore":2,"minecraft:sweet_berry_bush":1,"minecraft:spruce_log":7,"minecraft:stone":10,"minecraft:crafting_table":1},"minecraft:custom":{"minecraft:time_since_rest":8885,"minecraft:crouch_one_cm":746,"minecraft:play_time":8885,"minecraft:sprint_one_cm":30494,"minecraft:damage_taken":110,"minecraft:walk_one_cm":17493,"minecraft:sneak_time":403,"minecraft:jump":353,"minecraft:leave_game":1,"minecraft:time_since_death":8885,"minecraft:total_world_time":8885,"minecraft:fall_one_cm":9635,"minecraft:interact_with_crafting_table":1,"minecraft:fly_one_cm":71058},"minecraft:picked_up":{"minecraft:crafting_table":1,"minecraft:sweet_berries":21,"minecraft:spruce_log":7,"minecraft:coal":31,"minecraft:cobblestone":10},"minecraft:crafted":{"minecraft:crafting_table":1,"minecraft:spruce_planks":28,"minecraft:stick":8,"minecraft:wooden_pickaxe":1,"minecraft:wooden_axe":1},"minecraft:used":{"minecraft:wooden_axe":1,"minecraft:sweet_berries":7,"minecraft:crafting_table":1,"minecraft:wooden_pickaxe":12}},"DataVersion":3955}