{"stats":{"minecraft:mined":{"minecraft:spruce_planks":2,"minecraft:white_bed":1,"minecraft:crafting_table":7,"minecraft:short_grass":4,"minecraft:grass_block":308,"minecraft:spruce_leaves":44,"minecraft:large_fern":1,"minecraft:purple_bed":1,"minecraft:furnace":1,"minecraft:iron_ore":3,"minecraft:sweet_berry_bush":1,"minecraft:spruce_log":85,"minecraft:oak_log":10,"minecraft:coal_ore":6,"minecraft:dirt_path":6,"minecraft:dirt":60,"minecraft:stone":25,"minecraft:oak_leaves":1,"minecraft:fern":1},"minecraft:custom":{"minecraft:interact_with_furnace":4,"minecraft:mob_kills":8,"minecraft:interact_with_crafting_table":9,"minecraft:interact_with_campfire":4,"minecraft:leave_game":1,"minecraft:time_since_death":46866,"minecraft:sleep_in_bed":4,"minecraft:time_since_rest":1130,"minecraft:sprint_one_cm":157368,"minecraft:damage_taken":405,"minecraft:walk_one_cm":89177,"minecraft:damage_dealt":581,"minecraft:swim_one_cm":402,"minecraft:talked_to_villager":1,"minecraft:fly_one_cm":171201,"minecraft:open_chest":6,"minecraft:crouch_one_cm":39032,"minecraft:play_time":46866,"minecraft:sneak_time":6510,"minecraft:walk_under_water_one_cm":4452,"minecraft:jump":988,"minecraft:walk_on_water_one_cm":2367,"minecraft:total_world_time":46866,"minecraft:fall_one_cm":25565},"minecraft:killed":{"minecraft:pig":1,"minecraft:sheep":3,"minecraft:skeleton":1,"minecraft:zombie":1,"minecraft:chicken":1,"minecraft:stray":1},"minecraft:picked_up":{"minecraft:crafting_table":7,"minecraft:feather":2,"minecraft:chicken":1,"minecraft:oak_log":10,"minecraft:dirt":373,"minecraft:bone":1,"minecraft:bow":1,"minecraft:wheat_seeds":1,"minecraft:spruce_planks":2,"minecraft:cooked_chicken":1,"minecraft:furnace":1,"minecraft:stick":6,"minecraft:raw_iron":3,"minecraft:cooked_porkchop":3,"minecraft:sweet_berries":21,"minecraft:porkchop":3,"minecraft:spruce_sapling":10,"minecraft:white_bed":1,"minecraft:spruce_log":84,"minecraft:purple_bed":1,"minecraft:arrow":3,"minecraft:rotten_flesh":1,"minecraft:mutton":5,"minecraft:coal":53,"minecraft:white_wool":3,"minecraft:cobblestone":25},"minecraft:broken":{"minecraft:wooden_axe":1,"minecraft:stone_shovel":2,"minecraft:wooden_pickaxe":1},"minecraft:crafted":{"minecraft:stone_shovel":4,"minecraft:crafting_table":1,"minecraft:spruce_planks":32,"minecraft:wooden_pickaxe":1,"minecraft:furnace":1,"minecraft:bucket":1,"minecraft:stone_axe":1,"minecraft:air":0,"minecraft:stick":24,"minecraft:iron_ingot":3,"minecraft:stone_pickaxe":1,"minecraft:wooden_axe":1,"minecraft:stone_sword":1,"minecraft:white_bed":1,"minecraft:torch":12},"minecraft:used":{"minecraft:water_bucket":12,"minecraft:stone_shovel":356,"minecraft:stone_pickaxe":21,"minecraft:wooden_pickaxe":15,"minecraft:torch":7,"minecraft:dirt":185,"minecraft:crafting_table":8,"minecraft:white_bed":2,"minecraft:wooden_axe":42,"minecraft:bread":10,"minecraft:stone_axe":74,"minecraft:bow":1,"minecraft:purple_bed":1,"minecraft:sweet_berries":21,"minecraft:furnace":2,"minecraft:bucket":13}},"DataVersion":3955}