{"stats":{"minecraft:mined":{"minecraft:spruce_planks":2,"minecraft:white_bed":1,"minecraft:crafting_table":7,"minecraft:short_grass":4,"minecraft:grass_block":376,"minecraft:spruce_leaves":55,"minecraft:large_fern":1,"minecraft:purple_bed":1,"minecraft:furnace":1,"minecraft:iron_ore":3,"minecraft:sweet_berry_bush":1,"minecraft:spruce_log":91,"minecraft:oak_log":10,"minecraft:coal_ore":6,"minecraft:dirt_path":6,"minecraft:dirt":145,"minecraft:stone":62,"minecraft:oak_leaves":1,"minecraft:fern":1},"minecraft:custom":{"minecraft:interact_with_furnace":4,"minecraft:mob_kills":8,"minecraft:interact_with_crafting_table":9,"minecraft:interact_with_campfire":4,"minecraft:leave_game":2,"minecraft:time_since_death":51618,"minecraft:sleep_in_bed":4,"minecraft:time_since_rest":5882,"minecraft:sprint_one_cm":163689,"minecraft:damage_taken":405,"minecraft:walk_one_cm":93597,"minecraft:damage_dealt":581,"minecraft:swim_one_cm":402,"minecraft:talked_to_villager":1,"minecraft:fly_one_cm":173762,"minecraft:open_chest":6,"minecraft:crouch_one_cm":62341,"minecraft:play_time":51618,"minecraft:sneak_time":10401,"minecraft:walk_under_water_one_cm":4452,"minecraft:jump":1011,"minecraft:walk_on_water_one_cm":2367,"minecraft:total_world_time":51618,"minecraft:fall_one_cm":25774},"minecraft:killed":{"minecraft:pig":1,"minecraft:sheep":3,"minecraft:skeleton":1,"minecraft:zombie":1,"minecraft:chicken":1,"minecraft:stray":1},"minecraft:picked_up":{"minecraft:crafting_table":7,"minecraft:feather":2,"minecraft:chicken":1,"minecraft:oak_log":10,"minecraft:dirt":527,"minecraft:bone":1,"minecraft:bow":1,"minecraft:wheat_seeds":1,"minecraft:spruce_planks":2,"minecraft:cooked_chicken":1,"minecraft:furnace":1,"minecraft:stick":8,"minecraft:raw_iron":3,"minecraft:cooked_porkchop":3,"minecraft:sweet_berries":21,"minecraft:porkchop":3,"minecraft:spruce_sapling":11,"minecraft:white_bed":1,"minecraft:spruce_log":90,"minecraft:purple_bed":1,"minecraft:arrow":3,"minecraft:rotten_flesh":1,"minecraft:mutton":5,"minecraft:coal":53,"minecraft:white_wool":3,"minecraft:cobblestone":62},"minecraft:broken":{"minecraft:wooden_axe":1,"minecraft:stone_shovel":3,"minecraft:wooden_pickaxe":1},"minecraft:crafted":{"minecraft:stone_shovel":4,"minecraft:crafting_table":1,"minecraft:spruce_planks":32,"minecraft:wooden_pickaxe":1,"minecraft:furnace":1,"minecraft:bucket":1,"minecraft:stone_axe":1,"minecraft:air":0,"minecraft:stick":24,"minecraft:iron_ingot":3,"minecraft:stone_pickaxe":1,"minecraft:wooden_axe":1,"minecraft:stone_sword":1,"minecraft:white_bed":1,"minecraft:torch":12},"minecraft:used":{"minecraft:water_bucket":12,"minecraft:stone_shovel":507,"minecraft:stone_pickaxe":58,"minecraft:wooden_pickaxe":15,"minecraft:torch":7,"minecraft:dirt":367,"minecraft:crafting_table":8,"minecraft:white_bed":2,"minecraft:wooden_axe":42,"minecraft:bread":10,"minecraft:stone_axe":80,"minecraft:bow":1,"minecraft:purple_bed":1,"minecraft:sweet_berries":21,"minecraft:furnace":2,"minecraft:bucket":13}},"DataVersion":3955}