{"stats":{"minecraft:mined":{"minecraft:short_grass":4,"minecraft:coal_ore":2,"minecraft:sweet_berry_bush":1,"minecraft:spruce_leaves":2,"minecraft:spruce_log":7,"minecraft:stone":10,"minecraft:crafting_table":1},"minecraft:custom":{"minecraft:time_since_rest":10866,"minecraft:crouch_one_cm":746,"minecraft:play_time":10866,"minecraft:sprint_one_cm":39442,"minecraft:damage_taken":170,"minecraft:walk_one_cm":26937,"minecraft:sneak_time":403,"minecraft:mob_kills":2,"minecraft:jump":380,"minecraft:damage_dealt":180,"minecraft:leave_game":1,"minecraft:time_since_death":10866,"minecraft:total_world_time":10866,"minecraft:interact_with_crafting_table":1,"minecraft:fall_one_cm":11334,"minecraft:fly_one_cm":76379},"minecraft:killed":{"minecraft:pig":1,"minecraft:stray":1},"minecraft:picked_up":{"minecraft:crafting_table":1,"minecraft:arrow":1,"minecraft:sweet_berries":21,"minecraft:bow":1,"minecraft:porkchop":3,"minecraft:spruce_log":7,"minecraft:coal":31,"minecraft:cobblestone":10},"minecraft:crafted":{"minecraft:crafting_table":1,"minecraft:spruce_planks":28,"minecraft:stick":8,"minecraft:wooden_pickaxe":1,"minecraft:wooden_axe":1},"minecraft:used":{"minecraft:wooden_axe":7,"minecraft:sweet_berries":15,"minecraft:crafting_table":1,"minecraft:wooden_pickaxe":12}},"DataVersion":3955}