{"stats":{"minecraft:crafted":{"minecraft:grindstone":1,"minecraft:blaze_powder":2,"minecraft:stone":8,"comforts:hammock_blue":2,"minecraft:diamond_shovel":1,"runes:arcane_stone":10,"minecraft:bookshelf":18,"minecraft:glass":49,"minecraft:quartz_block":180,"minecraft:diamond_helmet":1,"minecraft:bow":3,"minecraft:diamond_leggings":1,"minecraft:chest":10,"minecraft:golden_axe":1,"minecraft:emerald":190,"minecraft:diamond_axe":2,"minecraft:crafting_table":10,"minecraft:spruce_planks":3188,"travelersbackpack:standard":1,"minecraft:wooden_pickaxe":1,"minecraft:iron_helmet":1,"runes:fire_stone":2,"minecraft:copper_ingot":77,"minecraft:fletching_table":2,"minecraft:hay_block":14,"minecraft:campfire":4,"travelersbackpack:quartz":1,"minecraft:lectern":1,"minecraft:iron_chestplate":1,"minecraft:book":3,"minecraft:paper":9,"minecraft:diamond_pickaxe":2,"minecraft:charcoal":1,"minecraft:shield":2,"minecraft:stone_slab":6,"minecraft:stick":6041,"comforts:rope_and_nail":4,"minecraft:iron_ingot":101,"minecraft:iron_pickaxe":1,"runes:crafting_altar":1,"minecraft:iron_block":9,"minecraft:gold_ingot":79,"minecraft:shears":1,"minecraft:wooden_sword":1,"minecraft:raw_iron":9,"minecraft:coal":18,"comforts:sleeping_bag_white":1,"minecraft:furnace":2,"minecraft:bone_meal":33,"minecraft:flint_and_steel":1,"minecraft:iron_axe":10,"minecraft:ladder":3,"minecraft:iron_hoe":4,"minecraft:spruce_slab":6,"minecraft:stone_pickaxe":13,"minecraft:diamond_boots":1,"minecraft:spruce_boat":1,"minecraft:wheat":360,"minecraft:cooked_beef":16,"minecraft:coal_block":14,"minecraft:diamond_sword":1,"minecraft:enchanting_table":1,"travelersbackpack:backpack_tank":4,"minecraft:blue_bed":1,"minecraft:cooked_salmon":12,"minecraft:golden_shovel":2,"minecraft:bucket":1,"minecraft:bread":84,"minecraft:air":0,"minecraft:blue_dye":5,"minecraft:white_wool":2,"minecraft:wooden_axe":1,"minecraft:blue_wool":5,"minecraft:iron_shovel":1,"minecraft:iron_leggings":1,"minecraft:anvil":1,"minecraft:torch":160,"minecraft:diamond_chestplate":1},"minecraft:dropped":{"minecraft:glass_bottle":2,"minecraft:orange_glazed_terracotta":7,"minecraft:cobblestone_stairs":1,"minecraft:spruce_leaves":3,"minecraft:packed_mud":3,"minecraft:dirt":6,"minecraft:scrape_pottery_sherd":1,"minecraft:coast_armor_trim_smithing_template":1,"minecraft:wooden_sword":1,"minecraft:gold_nugget":1,"minecraft:sand":2,"minecraft:gold_ingot":28,"minecraft:gravel":7,"minecraft:cooked_chicken":4,"runes:arcane_stone":4,"minecraft:cobbled_deepslate":1,"minecraft:wheat":3,"minecraft:rotten_flesh":8,"minecraft:honey_bottle":2,"minecraft:carrot":2,"minecraft:gunpowder":1,"minecraft:acacia_sapling":1,"minecraft:leather_leggings":1,"minecraft:bread":4,"minecraft:wheat_seeds":8,"minecraft:mossy_cobblestone":10,"minecraft:dripstone_block":1,"minecraft:iron_helmet":1,"minecraft:cobblestone":6,"minecraft:chainmail_helmet":2,"comforts:hammock_blue":1,"minecraft:wooden_axe":1,"minecraft:iron_leggings":1,"minecraft:iron_axe":1,"minecraft:iron_shovel":1,"runes:fire_stone":1,"minecraft:kelp":1,"minecraft:cobblestone_wall":2,"minecraft:clay_ball":32,"minecraft:filled_map":1,"minecraft:potato":6,"minecraft:hay_block":575,"minecraft:mud_bricks":9,"minecraft:spruce_trapdoor":2,"minecraft:diamond_pickaxe":1,"minecraft:iron_chestplate":3,"minecraft:andesite":12,"minecraft:oak_sapling":2,"minecraft:spider_eye":2,"minecraft:bow":3,"minecraft:stone_pickaxe":20,"minecraft:magma_block":3,"minecraft:brick":7},"minecraft:custom":{"minecraft:interact_with_crafting_table":93,"minecraft:open_barrel":10,"minecraft:bell_ring":1,"minecraft:leave_game":4,"minecraft:time_since_death":29969,"minecraft:sprint_one_cm":1751864,"minecraft:damage_blocked_by_shield":5491,"minecraft:drop":135,"minecraft:talked_to_villager":112,"minecraft:play_time":667063,"minecraft:deaths":1,"minecraft:jump":10102,"minecraft:interact_with_brewingstand":1,"minecraft:walk_on_water_one_cm":85196,"minecraft:enchant_item":11,"minecraft:interact_with_furnace":92,"minecraft:traded_with_villager":227,"minecraft:sleep_in_bed":11,"minecraft:damage_dealt":31705,"minecraft:crouch_one_cm":126275,"minecraft:interact_with_smoker":1,"minecraft:inspect_dispenser":30,"minecraft:interact_with_smithing_table":3,"minecraft:interact_with_anvil":6,"minecraft:mob_kills":184,"minecraft:interact_with_campfire":30,"minecraft:climb_one_cm":19491,"minecraft:walk_one_cm":1641291,"minecraft:sneak_time":39301,"minecraft:walk_under_water_one_cm":105756,"minecraft:boat_one_cm":513355,"minecraft:interact_with_blast_furnace":24,"minecraft:total_world_time":667063,"minecraft:interact_with_grindstone":1,"minecraft:time_since_rest":23793,"minecraft:damage_taken":7725,"minecraft:damage_absorbed":40,"minecraft:swim_one_cm":268162,"minecraft:fly_one_cm":2040490,"minecraft:open_chest":478,"minecraft:fall_one_cm":236493},"minecraft:killed":{"minecraft:cave_spider":4,"minecraft:spider":7,"minecraft:skeleton":14,"minecraft:piglin":18,"minecraft:zombie_villager":1,"minecraft:salmon":26,"minecraft:iron_golem":6,"minecraft:creeper":4,"minecraft:zombie":33,"minecraft:stray":18,"minecraft:ghast":1,"minecraft:glow_squid":1,"minecraft:blaze":23,"minecraft:cow":7,"minecraft:phantom":6,"minecraft:drowned":5,"minecraft:hoglin":2,"minecraft:breeze":1,"minecraft:wither_skeleton":2,"minecraft:enderman":1},"minecraft:mined":{"minecraft:large_amethyst_bud":1,"comforts:rope_and_nail":3,"minecraft:cobblestone_stairs":4,"minecraft:jungle_leaves":2,"minecraft:brewing_stand":2,"minecraft:cave_vines_plant":1,"minecraft:spruce_trapdoor":14,"minecraft:granite":23,"minecraft:grass_block":521,"minecraft:yellow_carpet":8,"minecraft:chiseled_tuff_bricks":2,"minecraft:mud_bricks":11,"minecraft:composter":1,"minecraft:nether_wart":9,"minecraft:tuff_bricks":13,"minecraft:magma_block":16,"minecraft:raw_iron_block":1,"minecraft:glowstone":16,"minecraft:iron_ore":8,"minecraft:cobbled_deepslate":4,"minecraft:fire":37,"minecraft:fletching_table":1,"minecraft:deepslate_lapis_ore":1,"minecraft:pointed_dripstone":2,"minecraft:dirt_path":49,"minecraft:oak_stairs":1,"minecraft:small_amethyst_bud":1,"minecraft:spruce_slab":1,"minecraft:tripwire":2,"minecraft:quartz_block":8,"minecraft:blackstone":3,"minecraft:medium_amethyst_bud":1,"minecraft:amethyst_cluster":2,"comforts:hammock_blue":1,"minecraft:clay":11,"minecraft:torch":7,"minecraft:blast_furnace":2,"minecraft:calcite":8,"minecraft:chest":4,"minecraft:nether_quartz_ore":51,"minecraft:cobblestone":9,"minecraft:sugar_cane":22,"minecraft:grindstone":19,"minecraft:oak_planks":17,"minecraft:wall_torch":2,"minecraft:amethyst_block":22,"minecraft:blue_terracotta":6,"minecraft:nether_wart_block":2,"minecraft:waxed_copper_block":1,"minecraft:tnt":1,"minecraft:loom":4,"minecraft:sand":51,"minecraft:dirt":230,"minecraft:smooth_basalt":3,"minecraft:netherrack":637,"minecraft:oak_leaves":52,"minecraft:deepslate":146,"minecraft:suspicious_gravel":1,"minecraft:nether_gold_ore":14,"minecraft:deepslate_diamond_ore":22,"minecraft:nether_bricks":25,"minecraft:decorated_pot":4,"minecraft:spruce_leaves":144,"minecraft:large_fern":32,"minecraft:hay_block":579,"minecraft:furnace":3,"minecraft:spruce_sapling":1,"minecraft:packed_mud":3,"minecraft:waxed_copper_grate":1,"runes:crafting_altar":2,"minecraft:snow":1,"minecraft:andesite":59,"minecraft:gold_block":2,"minecraft:nether_brick_fence":4,"minecraft:bookshelf":2,"minecraft:potatoes":70,"minecraft:deepslate_iron_ore":10,"minecraft:vine":2,"minecraft:packed_ice":290,"minecraft:stone":275,"minecraft:orange_glazed_terracotta":7,"minecraft:smithing_table":2,"minecraft:acacia_leaves":2,"minecraft:soul_sand":27,"minecraft:basalt":50,"travelersbackpack:standard":1,"minecraft:oak_fence":2,"minecraft:crafting_table":6,"minecraft:short_grass":40,"minecraft:emerald_ore":1,"minecraft:tall_grass":2,"minecraft:copper_ore":2,"minecraft:deepslate_gold_ore":2,"minecraft:diorite":25,"minecraft:blue_bed":6,"minecraft:birch_planks":2,"minecraft:purple_bed":12,"minecraft:red_terracotta":7,"minecraft:cobblestone_wall":2,"minecraft:sweet_berry_bush":24,"minecraft:ice":2,"minecraft:spruce_log":921,"minecraft:birch_leaves":1,"minecraft:coal_ore":30,"minecraft:gravel":69,"minecraft:dripstone_block":2,"travelersbackpack:quartz":1,"minecraft:cobweb":25,"minecraft:oak_button":1,"minecraft:fern":30},"minecraft:broken":{"minecraft:iron_shovel":1,"minecraft:golden_shovel":2,"minecraft:stone_pickaxe":1,"minecraft:diamond_pickaxe":1,"minecraft:iron_hoe":2,"minecraft:leather_helmet":1,"minecraft:shield":2,"minecraft:golden_axe":1,"minecraft:iron_pickaxe":2},"minecraft:picked_up":{"minecraft:iron_chestplate":2,"minecraft:nether_brick_fence":3,"minecraft:smithing_table":2,"minecraft:potion":4,"minecraft:enchanted_book":1,"minecraft:nether_brick":5,"minecraft:brewing_stand":2,"minecraft:golden_sword":1,"minecraft:amethyst_block":22,"minecraft:string":37,"minecraft:raw_copper":77,"minecraft:cooked_salmon":12,"travelersbackpack:quartz":1,"minecraft:orange_glazed_terracotta":7,"minecraft:gold_nugget":432,"minecraft:cobbled_deepslate":154,"minecraft:trial_key":2,"minecraft:calcite":7,"minecraft:furnace":3,"minecraft:tipped_arrow":18,"minecraft:stick":40,"minecraft:composter":1,"minecraft:oak_fence":2,"minecraft:torch":22,"minecraft:porkchop":4,"minecraft:pointed_dripstone":6,"minecraft:diorite":20,"minecraft:golden_chestplate":1,"minecraft:quartz_block":8,"minecraft:honey_bottle":4,"minecraft:rotten_flesh":75,"minecraft:blaze_rod":14,"minecraft:obsidian":3,"minecraft:snowball":1,"minecraft:cobblestone":279,"minecraft:nautilus_shell":2,"minecraft:magma_block":18,"minecraft:andesite":56,"minecraft:potato":291,"minecraft:flint":7,"minecraft:lantern":10,"minecraft:lapis_lazuli":137,"minecraft:dirt":797,"minecraft:bone":51,"minecraft:bow":8,"minecraft:wheat_seeds":23,"minecraft:raw_gold":10,"minecraft:grindstone":19,"minecraft:fletching_table":1,"minecraft:glowstone_dust":50,"minecraft:scrape_pottery_sherd":1,"minecraft:oak_planks":12,"minecraft:poisonous_potato":1,"minecraft:sand":53,"comforts:hammock_blue":3,"minecraft:loom":2,"minecraft:spectral_arrow":12,"minecraft:mossy_cobblestone":10,"minecraft:yellow_carpet":8,"minecraft:diamond":64,"minecraft:spruce_boat":15,"minecraft:breeze_rod":1,"minecraft:granite":22,"minecraft:bone_meal":3,"minecraft:golden_apple":1,"minecraft:chainmail_helmet":2,"minecraft:bread":2,"minecraft:emerald":7,"minecraft:oak_sapling":3,"minecraft:netherrack":605,"minecraft:diamond_pickaxe":1,"minecraft:spruce_leaves":6,"minecraft:crafting_table":6,"minecraft:nether_wart":36,"minecraft:clay_ball":40,"runes:crafting_altar":2,"minecraft:gold_block":2,"minecraft:brick":14,"minecraft:wind_charge":2,"minecraft:iron_axe":1,"minecraft:blackstone":26,"minecraft:beef":16,"minecraft:iron_nugget":55,"minecraft:poppy":2,"minecraft:spruce_slab":1,"minecraft:sugar_cane":47,"minecraft:chest":4,"minecraft:spruce_trapdoor":16,"minecraft:phantom_membrane":3,"minecraft:egg":3,"minecraft:raw_iron":81,"minecraft:copper_ingot":1,"minecraft:fire_charge":3,"minecraft:flow_pottery_sherd":1,"minecraft:carrot":3,"minecraft:tnt":1,"minecraft:arrow":50,"minecraft:nether_bricks":23,"minecraft:hay_block":1150,"minecraft:gold_ingot":4,"minecraft:tuff_bricks":13,"minecraft:white_wool":6,"minecraft:mud_bricks":9,"minecraft:basalt":50,"minecraft:glow_ink_sac":3,"minecraft:salmon":30,"minecraft:leather":10,"minecraft:acacia_wood":1,"minecraft:packed_mud":3,"minecraft:waxed_copper_block":1,"minecraft:golden_boots":1,"minecraft:nether_wart_block":2,"minecraft:gunpowder":3,"minecraft:cobblestone_wall":2,"minecraft:cobblestone_stairs":5,"minecraft:blue_bed":6,"comforts:rope_and_nail":5,"minecraft:coast_armor_trim_smithing_template":1,"minecraft:apple":1,"minecraft:kelp":1,"minecraft:iron_ingot":26,"minecraft:stone_pickaxe":8,"minecraft:cooked_chicken":5,"minecraft:glass_bottle":1,"minecraft:soul_sand":27,"minecraft:acacia_sapling":1,"minecraft:book":6,"minecraft:smooth_basalt":3,"minecraft:sweet_berries":58,"runes:arcane_stone":3,"minecraft:quartz":867,"minecraft:dripstone_block":1,"minecraft:raw_iron_block":1,"minecraft:gravel":102,"minecraft:amethyst_shard":8,"minecraft:blast_furnace":2,"minecraft:spruce_sapling":42,"minecraft:spruce_log":901,"minecraft:crying_obsidian":12,"minecraft:spider_eye":20,"travelersbackpack:standard":1,"minecraft:purple_bed":12,"minecraft:baked_potato":21,"minecraft:melon_seeds":1,"minecraft:chiseled_tuff_bricks":2,"minecraft:coal":249,"minecraft:ender_pearl":1},"minecraft:used":{"minecraft:tuff_bricks":3,"minecraft:nether_brick_fence":3,"minecraft:iron_shovel":449,"minecraft:spruce_slab":3,"minecraft:ladder":3,"minecraft:chest":13,"minecraft:shield":88,"minecraft:nether_wart":20,"minecraft:rotten_flesh":5,"minecraft:iron_chestplate":1,"minecraft:spruce_leaves":3,"minecraft:soul_sand":20,"minecraft:nether_bricks":23,"minecraft:obsidian":6,"minecraft:spruce_boat":16,"minecraft:lava_bucket":15,"minecraft:lantern":10,"minecraft:quartz_block":8,"minecraft:iron_helmet":1,"minecraft:bow":50,"minecraft:furnace":5,"minecraft:cooked_cod":3,"minecraft:egg":2,"minecraft:potato":112,"minecraft:leather_leggings":1,"minecraft:diamond_boots":1,"minecraft:stone_pickaxe":123,"minecraft:sugar_cane":12,"minecraft:wooden_pickaxe":3,"minecraft:blue_bed":7,"minecraft:diamond_axe":950,"minecraft:golden_apple":2,"travelersbackpack:quartz":2,"minecraft:blast_furnace":2,"minecraft:lingering_potion":6,"minecraft:shears":3,"minecraft:bread":106,"minecraft:lectern":1,"minecraft:gravel":38,"minecraft:fire_charge":7,"minecraft:nether_wart_block":2,"minecraft:diamond_sword":495,"minecraft:wooden_sword":41,"minecraft:grindstone":19,"minecraft:smithing_table":2,"minecraft:andesite":10,"minecraft:bone_meal":26,"minecraft:enchanting_table":1,"minecraft:flint_and_steel":13,"minecraft:cooked_chicken":1,"minecraft:cooked_salmon":27,"minecraft:trial_key":2,"minecraft:netherrack":569,"minecraft:torch":177,"minecraft:brewing_stand":1,"minecraft:dirt":780,"minecraft:anvil":1,"minecraft:diamond_helmet":1,"minecraft:yellow_carpet":8,"minecraft:golden_shovel":64,"minecraft:iron_hoe":659,"minecraft:wooden_axe":11,"minecraft:bookshelf":17,"minecraft:basalt":25,"minecraft:acacia_wood":1,"minecraft:cooked_beef":16,"minecraft:cobbled_deepslate":92,"minecraft:pointed_dripstone":6,"minecraft:golden_axe":33,"minecraft:iron_leggings":1,"minecraft:calcite":2,"minecraft:water_bucket":124,"minecraft:amethyst_block":1,"minecraft:cobblestone_stairs":2,"minecraft:baked_potato":21,"minecraft:fletching_table":3,"minecraft:tnt":3,"minecraft:crafting_table":13,"minecraft:campfire":4,"comforts:hammock_blue":4,"minecraft:spruce_log":14,"minecraft:diamond_pickaxe":1391,"runes:crafting_altar":3,"minecraft:diamond_shovel":403,"minecraft:iron_pickaxe":359,"minecraft:spruce_trapdoor":5,"minecraft:spruce_sapling":19,"comforts:rope_and_nail":9,"minecraft:fishing_rod":20,"minecraft:purple_bed":12,"minecraft:cobblestone":65,"minecraft:potion":4,"travelersbackpack:standard":6,"minecraft:bucket":147}},"DataVersion":3955}