{"stats":{"minecraft:dropped":{"minecraft:wheat_seeds":2,"minecraft:wooden_axe":1,"minecraft:wooden_sword":1,"minecraft:gravel":4,"minecraft:gunpowder":1,"minecraft:spruce_trapdoor":2,"minecraft:magma_block":3},"minecraft:custom":{"minecraft:interact_with_smithing_table":2,"minecraft:mob_kills":40,"minecraft:interact_with_crafting_table":27,"minecraft:leave_game":1,"minecraft:time_since_death":108039,"minecraft:climb_one_cm":762,"minecraft:sprint_one_cm":250336,"minecraft:walk_one_cm":307271,"minecraft:damage_blocked_by_shield":1597,"minecraft:drop":10,"minecraft:talked_to_villager":12,"minecraft:play_time":108039,"minecraft:sneak_time":4189,"minecraft:walk_under_water_one_cm":26049,"minecraft:jump":1550,"minecraft:walk_on_water_one_cm":21648,"minecraft:total_world_time":108039,"minecraft:interact_with_furnace":36,"minecraft:traded_with_villager":8,"minecraft:sleep_in_bed":1,"minecraft:time_since_rest":49381,"minecraft:damage_taken":1197,"minecraft:damage_dealt":3712,"minecraft:swim_one_cm":89921,"minecraft:fly_one_cm":369203,"minecraft:open_chest":64,"minecraft:crouch_one_cm":11561,"minecraft:fall_one_cm":21791},"minecraft:used":{"minecraft:iron_shovel":212,"minecraft:flint_and_steel":1,"minecraft:chest":4,"minecraft:shield":26,"minecraft:cooked_salmon":9,"minecraft:rotten_flesh":5,"minecraft:iron_chestplate":1,"minecraft:torch":29,"minecraft:dirt":181,"minecraft:wooden_axe":11,"minecraft:lava_bucket":11,"minecraft:basalt":25,"minecraft:furnace":5,"minecraft:cooked_cod":3,"minecraft:cobbled_deepslate":7,"minecraft:golden_axe":33,"minecraft:water_bucket":8,"minecraft:diamond_boots":1,"minecraft:stone_pickaxe":121,"minecraft:wooden_pickaxe":3,"minecraft:blue_bed":4,"minecraft:fletching_table":1,"minecraft:diamond_axe":40,"minecraft:sugar_cane":12,"minecraft:golden_apple":1,"minecraft:crafting_table":7,"minecraft:shears":3,"minecraft:spruce_log":3,"minecraft:bread":11,"minecraft:iron_pickaxe":40,"minecraft:spruce_trapdoor":4,"minecraft:gravel":22,"minecraft:diamond_sword":50,"minecraft:wooden_sword":41,"minecraft:cobblestone":4,"minecraft:purple_bed":10,"minecraft:smithing_table":1,"minecraft:bucket":20},"minecraft:killed":{"minecraft:cave_spider":2,"minecraft:skeleton":6,"minecraft:salmon":26,"minecraft:creeper":1,"minecraft:zombie":4},"minecraft:picked_up":{"minecraft:spruce_leaves":3,"minecraft:crafting_table":4,"minecraft:smithing_table":1,"minecraft:brewing_stand":2,"minecraft:string":14,"minecraft:raw_copper":31,"minecraft:cobbled_deepslate":40,"minecraft:sugar_cane":12,"minecraft:chest":3,"minecraft:spruce_trapdoor":12,"minecraft:furnace":3,"minecraft:stick":5,"minecraft:raw_iron":30,"minecraft:composter":1,"minecraft:torch":5,"minecraft:rotten_flesh":9,"minecraft:arrow":4,"minecraft:snowball":1,"minecraft:white_wool":6,"minecraft:cobblestone":31,"minecraft:magma_block":3,"minecraft:basalt":50,"minecraft:salmon":30,"minecraft:andesite":2,"minecraft:flint":3,"minecraft:gunpowder":1,"minecraft:dirt":195,"minecraft:lapis_lazuli":23,"minecraft:blue_bed":4,"minecraft:bone":3,"minecraft:wheat_seeds":5,"minecraft:raw_gold":10,"minecraft:oak_planks":12,"minecraft:sweet_berries":27,"minecraft:gravel":41,"minecraft:sand":19,"minecraft:amethyst_shard":4,"minecraft:spruce_sapling":3,"minecraft:spruce_log":56,"minecraft:loom":2,"minecraft:purple_bed":10,"minecraft:diamond":10,"minecraft:granite":6,"minecraft:bone_meal":3,"minecraft:coal":13},"minecraft:crafted":{"minecraft:wooden_sword":1,"minecraft:furnace":2,"minecraft:flint_and_steel":1,"minecraft:glass":12,"minecraft:stone_pickaxe":2,"minecraft:chest":1,"minecraft:diamond_boots":1,"minecraft:golden_axe":1,"minecraft:diamond_sword":1,"minecraft:emerald":8,"minecraft:diamond_axe":1,"minecraft:crafting_table":4,"minecraft:spruce_planks":176,"travelersbackpack:backpack_tank":2,"minecraft:wooden_pickaxe":1,"minecraft:cooked_salmon":12,"minecraft:fletching_table":1,"minecraft:bucket":1,"minecraft:air":0,"minecraft:shield":1,"minecraft:iron_chestplate":1,"minecraft:charcoal":1,"minecraft:stick":276,"minecraft:iron_ingot":28,"minecraft:iron_pickaxe":1,"minecraft:wooden_axe":1,"minecraft:gold_ingot":10,"minecraft:torch":24,"minecraft:shears":1},"minecraft:mined":{"minecraft:deepslate_diamond_ore":3,"minecraft:brewing_stand":2,"minecraft:spruce_trapdoor":10,"minecraft:granite":6,"minecraft:grass_block":84,"minecraft:spruce_leaves":19,"minecraft:composter":1,"minecraft:large_fern":13,"minecraft:magma_block":1,"minecraft:furnace":3,"minecraft:cobbled_deepslate":4,"minecraft:snow":1,"minecraft:andesite":2,"minecraft:deepslate_lapis_ore":1,"minecraft:deepslate_iron_ore":7,"minecraft:dirt_path":15,"minecraft:small_amethyst_bud":1,"minecraft:packed_ice":49,"minecraft:stone":30,"minecraft:smithing_table":1,"minecraft:amethyst_cluster":1,"minecraft:basalt":50,"minecraft:crafting_table":4,"minecraft:torch":4,"minecraft:short_grass":23,"minecraft:chest":3,"minecraft:copper_ore":1,"minecraft:tall_grass":1,"minecraft:cobblestone":1,"minecraft:deepslate_gold_ore":2,"minecraft:sugar_cane":2,"minecraft:oak_planks":11,"minecraft:blue_bed":4,"minecraft:purple_bed":10,"minecraft:sweet_berry_bush":12,"minecraft:ice":2,"minecraft:spruce_log":56,"minecraft:coal_ore":3,"minecraft:sand":19,"minecraft:gravel":44,"minecraft:loom":4,"minecraft:dirt":96,"minecraft:cobweb":13,"minecraft:deepslate":29,"minecraft:fern":5},"minecraft:broken":{"minecraft:stone_pickaxe":1,"minecraft:golden_axe":1}},"DataVersion":3955}