{"stats":{"minecraft:used":{"minecraft:cooked_mutton":4,"minecraft:wooden_axe":46,"minecraft:wooden_pickaxe":20,"minecraft:cobblestone":5,"minecraft:crafting_table":3,"minecraft:furnace":1,"minecraft:yellow_bed":1,"minecraft:oak_boat":5},"minecraft:killed":{"minecraft:sheep":5,"minecraft:zombie":2,"minecraft:pig":2},"minecraft:custom":{"minecraft:time_since_rest":26428,"minecraft:interact_with_furnace":4,"minecraft:sprint_one_cm":86911,"minecraft:damage_taken":191,"minecraft:walk_one_cm":135183,"minecraft:mob_kills":9,"minecraft:drop":1,"minecraft:damage_dealt":900,"minecraft:swim_one_cm":1185,"minecraft:interact_with_crafting_table":5,"minecraft:fly_one_cm":35097,"minecraft:open_chest":12,"minecraft:play_time":49720,"minecraft:sneak_time":29,"minecraft:walk_under_water_one_cm":5651,"minecraft:boat_one_cm":557758,"minecraft:jump":391,"minecraft:leave_game":1,"minecraft:time_since_death":49720,"minecraft:walk_on_water_one_cm":2111,"minecraft:sleep_in_bed":1,"minecraft:total_world_time":49720,"minecraft:fall_one_cm":6371},"minecraft:broken":{"minecraft:wooden_axe":1,"minecraft:wooden_pickaxe":1},"minecraft:dropped":{"minecraft:mossy_cobblestone":1},"minecraft:crafted":{"minecraft:oak_boat":1,"minecraft:oak_planks":36,"minecraft:iron_chestplate":1,"minecraft:iron_boots":1,"minecraft:cooked_porkchop":4,"minecraft:shield":1,"minecraft:iron_axe":1,"minecraft:crafting_table":1,"minecraft:stick":16,"minecraft:iron_pickaxe":2,"minecraft:wooden_pickaxe":1,"minecraft:iron_helmet":1,"minecraft:wooden_axe":1,"minecraft:iron_sword":1,"minecraft:iron_shovel":1,"minecraft:iron_leggings":1,"minecraft:furnace":1,"minecraft:stone":64,"minecraft:cooked_mutton":7},"minecraft:mined":{"minecraft:brown_mushroom":9,"minecraft:furnace":1,"minecraft:mossy_cobblestone":1,"minecraft:pumpkin":4,"minecraft:yellow_bed":1,"minecraft:crafting_table":3,"minecraft:short_grass":1,"minecraft:oak_log":9,"minecraft:coal_ore":4,"minecraft:stone":14},"minecraft:picked_up":{"minecraft:crafting_table":3,"minecraft:pumpkin":4,"minecraft:brown_mushroom":9,"minecraft:porkchop":4,"minecraft:oak_log":9,"minecraft:yellow_bed":1,"minecraft:mossy_cobblestone":1,"minecraft:arrow":2,"minecraft:bone":2,"minecraft:wheat_seeds":1,"minecraft:oak_boat":4,"minecraft:mutton":7,"minecraft:coal":17,"minecraft:white_wool":5,"minecraft:cobblestone":14,"minecraft:furnace":1}},"DataVersion":3955}