{"stats":{"minecraft:picked_up":{"minecraft:crafting_table":3,"minecraft:wheat":19,"minecraft:brown_mushroom":9,"minecraft:gold_block":16,"minecraft:wind_charge":9,"minecraft:string":1,"minecraft:zombie_head":1,"minecraft:beetroot":4,"minecraft:cobbled_deepslate":35,"minecraft:smooth_stone":12,"minecraft:beef":1,"minecraft:trial_key":3,"minecraft:oak_boat":5,"minecraft:egg":2,"minecraft:furnace":1,"minecraft:raw_iron":9,"minecraft:torch":1,"minecraft:spruce_stairs":1,"minecraft:porkchop":4,"minecraft:carrot":2,"minecraft:arrow":13,"minecraft:rotten_flesh":9,"minecraft:beetroot_seeds":11,"minecraft:hay_block":1,"minecraft:mutton":17,"minecraft:cobblestone":14,"minecraft:white_wool":11,"minecraft:cooked_beef":25,"minecraft:glow_ink_sac":3,"minecraft:leather":1,"minecraft:tuff":2,"minecraft:oak_log":27,"minecraft:yellow_bed":2,"minecraft:dirt":103,"minecraft:bone":12,"minecraft:apple":2,"minecraft:kelp":1,"minecraft:bow":1,"minecraft:wheat_seeds":59,"minecraft:cobbled_deepslate_slab":8,"minecraft:oak_planks":4,"minecraft:pumpkin":4,"minecraft:quartz":64,"minecraft:dandelion":3,"minecraft:sand":112,"minecraft:white_bed":3,"minecraft:mossy_cobblestone":1,"minecraft:diamond":2,"minecraft:breeze_rod":3,"minecraft:oak_sapling":3,"minecraft:melon_seeds":1,"minecraft:coal":18},"minecraft:broken":{"minecraft:iron_shovel":2,"minecraft:wooden_pickaxe":1,"minecraft:wooden_axe":1},"minecraft:killed_by":{"minecraft:drowned":1},"minecraft:used":{"minecraft:oak_trapdoor":1,"minecraft:iron_shovel":589,"minecraft:oak_sign":2,"minecraft:chest":1,"minecraft:shield":48,"minecraft:iron_sword":96,"minecraft:trial_key":1,"minecraft:torch":2,"minecraft:dirt":65,"minecraft:hopper":1,"minecraft:carrot":2,"minecraft:iron_hoe":4,"minecraft:wooden_axe":46,"minecraft:iron_axe":47,"minecraft:melon_seeds":1,"minecraft:bow":5,"minecraft:cooked_cod":1,"minecraft:furnace":2,"minecraft:cooked_beef":11,"minecraft:potato":9,"minecraft:cobbled_deepslate":7,"minecraft:wheat_seeds":2,"minecraft:cooked_mutton":19,"minecraft:water_bucket":1,"minecraft:oak_planks":29,"minecraft:birch_boat":1,"minecraft:wooden_pickaxe":20,"minecraft:sand":7,"minecraft:crafting_table":4,"minecraft:white_bed":4,"minecraft:apple":1,"minecraft:bread":3,"minecraft:iron_pickaxe":91,"minecraft:cobblestone":5,"minecraft:cobbled_deepslate_slab":11,"minecraft:cooked_porkchop":4,"minecraft:bucket":3,"minecraft:yellow_bed":2,"minecraft:oak_boat":6,"minecraft:smooth_stone":86},"minecraft:dropped":{"minecraft:wheat_seeds":1,"minecraft:mossy_cobblestone":1,"minecraft:coal":1,"minecraft:string":1,"minecraft:dandelion":3,"minecraft:kelp":1,"minecraft:oak_planks":2,"minecraft:potato":49},"minecraft:crafted":{"minecraft:cobbled_deepslate_slab":12,"minecraft:oak_planks":108,"minecraft:smooth_stone":65,"minecraft:oak_sign":9,"minecraft:furnace":1,"minecraft:stone":65,"minecraft:cooked_mutton":19,"minecraft:oak_trapdoor":2,"minecraft:glass":64,"minecraft:hopper":1,"minecraft:iron_boots":1,"minecraft:iron_axe":1,"minecraft:iron_hoe":1,"minecraft:chest":2,"minecraft:wheat":9,"minecraft:deepslate":13,"minecraft:cooked_porkchop":4,"minecraft:crafting_table":2,"minecraft:wooden_pickaxe":1,"minecraft:iron_helmet":1,"minecraft:iron_sword":1,"minecraft:bucket":2,"minecraft:bread":20,"minecraft:oak_boat":1,"minecraft:iron_chestplate":1,"minecraft:shield":1,"minecraft:stick":20,"minecraft:iron_ingot":14,"minecraft:iron_pickaxe":2,"minecraft:wooden_axe":1,"minecraft:iron_shovel":3,"minecraft:iron_leggings":1,"minecraft:white_bed":1,"minecraft:torch":8},"minecraft:killed":{"minecraft:skeleton":6,"minecraft:pig":2,"minecraft:sheep":12,"minecraft:zombie":15,"minecraft:breeze":2,"minecraft:cow":1},"minecraft:mined":{"minecraft:tuff":2,"minecraft:white_bed":3,"minecraft:mossy_cobblestone":1,"minecraft:deepslate_diamond_ore":1,"minecraft:cobbled_deepslate_slab":8,"minecraft:grass_block":67,"minecraft:kelp":1,"minecraft:hay_block":1,"minecraft:smooth_stone":12,"minecraft:furnace":1,"minecraft:carrots":1,"minecraft:iron_ore":2,"minecraft:cobbled_deepslate":1,"minecraft:pumpkin":4,"minecraft:dirt_path":2,"minecraft:packed_ice":34,"minecraft:stone":14,"minecraft:brown_mushroom":9,"minecraft:kelp_plant":1,"minecraft:melon_stem":1,"minecraft:crafting_table":3,"minecraft:torch":1,"minecraft:short_grass":17,"minecraft:tall_grass":1,"minecraft:oak_planks":6,"minecraft:seagrass":1,"minecraft:spruce_stairs":1,"minecraft:wheat":25,"minecraft:yellow_bed":2,"minecraft:oak_log":27,"minecraft:coal_ore":5,"minecraft:beetroots":4,"minecraft:dirt":4,"minecraft:sand":115,"minecraft:mossy_stone_bricks":1,"minecraft:deepslate":29},"minecraft:custom":{"minecraft:interact_with_smithing_table":1,"minecraft:mob_kills":38,"minecraft:interact_with_crafting_table":25,"minecraft:open_barrel":6,"minecraft:bell_ring":54,"minecraft:leave_game":3,"minecraft:time_since_death":32696,"minecraft:climb_one_cm":848,"minecraft:sprint_one_cm":692213,"minecraft:walk_one_cm":448175,"minecraft:damage_blocked_by_shield":2160,"minecraft:drop":56,"minecraft:talked_to_villager":10,"minecraft:play_time":288807,"minecraft:deaths":1,"minecraft:sneak_time":798,"minecraft:walk_under_water_one_cm":50873,"minecraft:boat_one_cm":1098503,"minecraft:jump":2296,"minecraft:interact_with_brewingstand":2,"minecraft:interact_with_blast_furnace":2,"minecraft:walk_on_water_one_cm":26680,"minecraft:total_world_time":288807,"minecraft:interact_with_furnace":24,"minecraft:interact_with_grindstone":1,"minecraft:sleep_in_bed":11,"minecraft:time_since_rest":32752,"minecraft:damage_taken":2344,"minecraft:damage_dealt":5371,"minecraft:swim_one_cm":56145,"minecraft:fly_one_cm":473605,"minecraft:open_chest":90,"minecraft:crouch_one_cm":2040,"minecraft:fall_one_cm":66441}},"DataVersion":3955}