{"stats":{"minecraft:custom":{"minecraft:interact_with_smithing_table":1,"minecraft:interact_with_furnace":24,"minecraft:mob_kills":32,"minecraft:interact_with_crafting_table":24,"minecraft:bell_ring":54,"minecraft:interact_with_grindstone":1,"minecraft:leave_game":2,"minecraft:time_since_death":227151,"minecraft:sleep_in_bed":9,"minecraft:climb_one_cm":457,"minecraft:time_since_rest":41928,"minecraft:sprint_one_cm":537695,"minecraft:damage_taken":1206,"minecraft:walk_one_cm":382537,"minecraft:damage_blocked_by_shield":2025,"minecraft:drop":13,"minecraft:damage_dealt":4138,"minecraft:talked_to_villager":6,"minecraft:swim_one_cm":2651,"minecraft:fly_one_cm":341250,"minecraft:open_chest":74,"minecraft:crouch_one_cm":1807,"minecraft:play_time":227151,"minecraft:sneak_time":558,"minecraft:walk_under_water_one_cm":9988,"minecraft:boat_one_cm":557758,"minecraft:jump":1711,"minecraft:interact_with_brewingstand":2,"minecraft:interact_with_blast_furnace":1,"minecraft:walk_on_water_one_cm":12134,"minecraft:total_world_time":227151,"minecraft:fall_one_cm":44774},"minecraft:broken":{"minecraft:iron_shovel":2,"minecraft:wooden_axe":1,"minecraft:wooden_pickaxe":1},"minecraft:mined":{"minecraft:tuff":2,"minecraft:white_bed":3,"minecraft:brown_mushroom":9,"minecraft:mossy_cobblestone":1,"minecraft:deepslate_diamond_ore":1,"minecraft:melon_stem":1,"minecraft:crafting_table":3,"minecraft:torch":1,"minecraft:cobbled_deepslate_slab":8,"minecraft:short_grass":17,"minecraft:grass_block":59,"minecraft:oak_planks":2,"minecraft:hay_block":1,"minecraft:smooth_stone":12,"minecraft:furnace":1,"minecraft:wheat":3,"minecraft:cobbled_deepslate":1,"minecraft:pumpkin":4,"minecraft:yellow_bed":2,"minecraft:oak_log":27,"minecraft:coal_ore":4,"minecraft:dirt_path":2,"minecraft:beetroots":4,"minecraft:sand":111,"minecraft:dirt":3,"minecraft:stone":14,"minecraft:deepslate":29},"minecraft:crafted":{"minecraft:cobbled_deepslate_slab":12,"minecraft:smooth_stone":65,"minecraft:oak_planks":108,"minecraft:deepslate":13,"minecraft:oak_sign":9,"minecraft:cooked_porkchop":4,"minecraft:crafting_table":2,"minecraft:wooden_pickaxe":1,"minecraft:iron_helmet":1,"minecraft:iron_sword":1,"minecraft:furnace":1,"minecraft:stone":65,"minecraft:bucket":2,"minecraft:cooked_mutton":19,"minecraft:oak_trapdoor":2,"minecraft:glass":64,"minecraft:hopper":1,"minecraft:oak_boat":1,"minecraft:iron_boots":1,"minecraft:iron_chestplate":1,"minecraft:shield":1,"minecraft:iron_axe":1,"minecraft:iron_hoe":1,"minecraft:stick":20,"minecraft:iron_ingot":14,"minecraft:iron_pickaxe":2,"minecraft:wooden_axe":1,"minecraft:chest":2,"minecraft:iron_shovel":3,"minecraft:iron_leggings":1,"minecraft:white_bed":1,"minecraft:torch":8,"minecraft:wheat":9},"minecraft:dropped":{"minecraft:mossy_cobblestone":1,"minecraft:potato":12},"minecraft:killed":{"minecraft:pig":2,"minecraft:sheep":11,"minecraft:skeleton":6,"minecraft:zombie":10,"minecraft:breeze":2,"minecraft:cow":1},"minecraft:used":{"minecraft:wheat_seeds":2,"minecraft:oak_trapdoor":1,"minecraft:cooked_mutton":14,"minecraft:water_bucket":1,"minecraft:iron_shovel":577,"minecraft:oak_planks":29,"minecraft:oak_sign":2,"minecraft:chest":1,"minecraft:wooden_pickaxe":20,"minecraft:shield":45,"minecraft:iron_sword":66,"minecraft:trial_key":1,"minecraft:torch":2,"minecraft:sand":7,"minecraft:dirt":62,"minecraft:hopper":1,"minecraft:crafting_table":4,"minecraft:white_bed":4,"minecraft:iron_hoe":4,"minecraft:wooden_axe":46,"minecraft:apple":1,"minecraft:iron_axe":41,"minecraft:bread":3,"minecraft:iron_pickaxe":53,"minecraft:melon_seeds":1,"minecraft:bow":4,"minecraft:cobblestone":5,"minecraft:cobbled_deepslate_slab":11,"minecraft:furnace":2,"minecraft:cooked_porkchop":4,"minecraft:bucket":3,"minecraft:yellow_bed":2,"minecraft:oak_boat":5,"minecraft:cooked_beef":5,"minecraft:cobbled_deepslate":7,"minecraft:smooth_stone":86},"minecraft:picked_up":{"minecraft:wheat":2,"minecraft:crafting_table":3,"minecraft:cooked_beef":25,"minecraft:glow_ink_sac":3,"minecraft:leather":1,"minecraft:brown_mushroom":9,"minecraft:tuff":2,"minecraft:oak_log":27,"minecraft:yellow_bed":2,"minecraft:wind_charge":9,"minecraft:dirt":63,"minecraft:bone":12,"minecraft:apple":2,"minecraft:beetroot":4,"minecraft:bow":1,"minecraft:cobbled_deepslate":35,"minecraft:wheat_seeds":8,"minecraft:smooth_stone":12,"minecraft:cobbled_deepslate_slab":8,"minecraft:beef":1,"minecraft:trial_key":3,"minecraft:oak_boat":4,"minecraft:oak_planks":2,"minecraft:egg":2,"minecraft:furnace":1,"minecraft:pumpkin":4,"minecraft:torch":1,"minecraft:sand":111,"minecraft:porkchop":4,"minecraft:white_bed":3,"minecraft:mossy_cobblestone":1,"minecraft:arrow":12,"minecraft:rotten_flesh":6,"minecraft:diamond":2,"minecraft:beetroot_seeds":11,"minecraft:hay_block":1,"minecraft:breeze_rod":3,"minecraft:melon_seeds":1,"minecraft:oak_sapling":3,"minecraft:mutton":15,"minecraft:coal":17,"minecraft:white_wool":11,"minecraft:cobblestone":14}},"DataVersion":3955}