{"stats":{"minecraft:used":{"minecraft:azalea":3,"minecraft:oak_trapdoor":1,"minecraft:moss_block":7,"minecraft:cooked_mutton":1,"minecraft:water_bucket":15,"minecraft:oak_planks":11,"minecraft:wooden_pickaxe":1,"minecraft:chest":1,"minecraft:spruce_planks":10,"minecraft:shield":31,"minecraft:iron_sword":62,"minecraft:iron_chestplate":1,"minecraft:torch":22,"minecraft:dirt":7,"minecraft:crafting_table":7,"minecraft:carrot":9,"minecraft:crossbow":1,"minecraft:tuff":3,"minecraft:flowering_azalea":1,"minecraft:iron_axe":20,"minecraft:bread":2,"minecraft:iron_pickaxe":142,"minecraft:gravel":1,"minecraft:stone_axe":29,"minecraft:cobblestone":47,"minecraft:sweet_berries":48,"minecraft:purple_bed":3,"minecraft:furnace":3,"minecraft:cooked_porkchop":10,"minecraft:bucket":15,"minecraft:cobbled_deepslate":12,"minecraft:iron_leggings":1},"minecraft:killed":{"minecraft:pig":3,"minecraft:salmon":1,"minecraft:spider":1,"minecraft:iron_golem":1,"minecraft:skeleton":4,"minecraft:sheep":1,"minecraft:pillager":3,"minecraft:zombie":9,"minecraft:chicken":2,"minecraft:cow":1},"minecraft:custom":{"minecraft:interact_with_furnace":25,"minecraft:mob_kills":27,"minecraft:open_barrel":1,"minecraft:interact_with_crafting_table":16,"minecraft:leave_game":1,"minecraft:time_since_death":123421,"minecraft:sleep_in_bed":5,"minecraft:climb_one_cm":1359,"minecraft:time_since_rest":6198,"minecraft:sprint_one_cm":359811,"minecraft:damage_taken":1321,"minecraft:walk_one_cm":109192,"minecraft:damage_blocked_by_shield":1050,"minecraft:drop":15,"minecraft:damage_dealt":4883,"minecraft:talked_to_villager":1,"minecraft:swim_one_cm":22825,"minecraft:fly_one_cm":421727,"minecraft:open_chest":11,"minecraft:crouch_one_cm":8626,"minecraft:play_time":123421,"minecraft:sneak_time":4358,"minecraft:walk_under_water_one_cm":18933,"minecraft:jump":2415,"minecraft:walk_on_water_one_cm":21684,"minecraft:total_world_time":123421,"minecraft:fall_one_cm":57180},"minecraft:broken":{"minecraft:iron_pickaxe":2},"minecraft:dropped":{"minecraft:stone_axe":1,"minecraft:wheat":2,"minecraft:feather":3,"minecraft:rotten_flesh":2,"minecraft:cobblestone":11,"minecraft:granite":2,"minecraft:poppy":2,"minecraft:dirt":1,"minecraft:diorite":2,"minecraft:andesite":1,"minecraft:spider_eye":2,"minecraft:white_wool":1},"minecraft:crafted":{"minecraft:oak_planks":24,"minecraft:cooked_porkchop":10,"minecraft:crafting_table":3,"minecraft:spruce_planks":56,"minecraft:wooden_pickaxe":1,"minecraft:iron_sword":1,"minecraft:iron_helmet":1,"runes:fire_stone":1,"minecraft:furnace":2,"minecraft:bucket":1,"minecraft:stone_axe":1,"minecraft:bread":32,"minecraft:cooked_mutton":1,"minecraft:air":0,"minecraft:iron_boots":1,"minecraft:iron_chestplate":1,"minecraft:shield":1,"minecraft:iron_axe":1,"minecraft:stick":16,"minecraft:iron_ingot":39,"minecraft:iron_pickaxe":3,"minecraft:chest":1,"minecraft:iron_leggings":1,"minecraft:torch":12,"minecraft:wheat":90},"minecraft:mined":{"minecraft:tuff":3,"minecraft:spruce_planks":2,"minecraft:deepslate_diamond_ore":7,"minecraft:crafting_table":4,"minecraft:torch":3,"minecraft:granite":1,"minecraft:short_grass":6,"minecraft:grass_block":4,"minecraft:tall_grass":1,"minecraft:oak_planks":4,"minecraft:deepslate_gold_ore":3,"minecraft:spruce_leaves":14,"minecraft:moss_block":4,"minecraft:diorite":2,"minecraft:wall_torch":6,"minecraft:large_fern":1,"minecraft:hay_block":10,"minecraft:purple_bed":2,"minecraft:raw_iron_block":2,"minecraft:oak_trapdoor":1,"minecraft:furnace":2,"minecraft:iron_ore":10,"minecraft:sweet_berry_bush":27,"minecraft:spruce_log":14,"minecraft:andesite":1,"minecraft:deepslate_lapis_ore":1,"minecraft:oak_log":6,"minecraft:coal_ore":9,"minecraft:deepslate_iron_ore":9,"minecraft:gravel":1,"minecraft:dirt":4,"minecraft:stone":71,"minecraft:deepslate":10,"minecraft:fern":2},"minecraft:picked_up":{"minecraft:crafting_table":4,"minecraft:feather":3,"minecraft:chicken":2,"minecraft:clay_ball":7,"minecraft:salmon":1,"minecraft:andesite":1,"minecraft:leather":1,"minecraft:tuff":3,"minecraft:oak_log":6,"minecraft:oak_trapdoor":1,"minecraft:lapis_lazuli":25,"minecraft:string":2,"minecraft:dirt":8,"minecraft:wheat_seeds":2,"minecraft:cobbled_deepslate":12,"minecraft:raw_gold":8,"minecraft:spruce_planks":2,"minecraft:beef":1,"minecraft:iron_ingot":4,"minecraft:azalea":3,"minecraft:poppy":2,"minecraft:moss_block":7,"minecraft:oak_planks":4,"minecraft:flowering_azalea":1,"minecraft:furnace":1,"minecraft:raw_iron":114,"minecraft:sweet_berries":51,"minecraft:raw_iron_block":2,"minecraft:torch":11,"minecraft:gravel":1,"minecraft:porkchop":10,"minecraft:diorite":2,"minecraft:spruce_log":14,"minecraft:spider_eye":2,"minecraft:arrow":2,"minecraft:purple_bed":3,"minecraft:rotten_flesh":6,"minecraft:diamond":20,"minecraft:tropical_fish":1,"minecraft:hay_block":10,"minecraft:crossbow":1,"minecraft:granite":2,"minecraft:mutton":1,"minecraft:coal":226,"minecraft:white_wool":1,"minecraft:cobblestone":78}},"DataVersion":3955}