{"stats":{"minecraft:custom":{"minecraft:mob_kills":49,"minecraft:interact_with_crafting_table":57,"minecraft:open_barrel":1,"minecraft:leave_game":4,"minecraft:time_since_death":387601,"minecraft:climb_one_cm":85823,"minecraft:sprint_one_cm":781811,"minecraft:walk_one_cm":530202,"minecraft:damage_blocked_by_shield":1860,"minecraft:drop":36,"minecraft:talked_to_villager":55,"minecraft:play_time":400769,"minecraft:deaths":1,"minecraft:sneak_time":97291,"minecraft:walk_under_water_one_cm":72853,"minecraft:jump":5114,"minecraft:walk_on_water_one_cm":65390,"minecraft:enchant_item":1,"minecraft:total_world_time":400769,"minecraft:interact_with_furnace":61,"minecraft:traded_with_villager":181,"minecraft:interact_with_stonecutter":3,"minecraft:sleep_in_bed":10,"minecraft:time_since_rest":34746,"minecraft:damage_taken":1919,"minecraft:damage_dealt":5691,"minecraft:swim_one_cm":158166,"minecraft:fly_one_cm":793599,"minecraft:open_chest":218,"minecraft:crouch_one_cm":258659,"minecraft:fall_one_cm":65056},"minecraft:dropped":{"minecraft:spruce_sign":2,"minecraft:bread":6,"minecraft:baked_potato":63,"minecraft:oak_fence":4,"minecraft:cobblestone":9,"minecraft:granite":4,"minecraft:sugar_cane":1,"minecraft:cobbled_deepslate":6,"minecraft:beetroot":24,"minecraft:rotten_flesh":3,"universal_graves:grave_compass":1,"minecraft:oak_planks":1,"minecraft:carrot":24,"minecraft:potato":48,"minecraft:andesite":2,"minecraft:beetroot_seeds":3,"minecraft:ladder":5,"minecraft:stone_pickaxe":1},"minecraft:used":{"minecraft:enchanting_table":1,"minecraft:flint_and_steel":1,"minecraft:stone_shovel":99,"minecraft:ladder":45,"minecraft:chest":6,"minecraft:shield":23,"minecraft:iron_sword":124,"minecraft:cooked_salmon":6,"minecraft:rotten_flesh":4,"minecraft:netherrack":135,"minecraft:torch":164,"minecraft:dirt":183,"minecraft:granite":13,"minecraft:obsidian":10,"minecraft:basalt":152,"minecraft:bow":4,"minecraft:cooked_cod":3,"minecraft:potato":74,"minecraft:cobbled_deepslate":65,"minecraft:iron_leggings":1,"minecraft:water_bucket":59,"minecraft:diorite":3,"minecraft:spruce_door":1,"minecraft:stone_pickaxe":411,"minecraft:baked_potato":55,"minecraft:cobblestone_slab":13,"minecraft:stonecutter":1,"minecraft:sugar_cane":7,"minecraft:spruce_sign":5,"minecraft:fletching_table":6,"minecraft:blue_bed":1,"minecraft:crafting_table":12,"minecraft:white_bed":2,"minecraft:cobbled_deepslate_stairs":88,"minecraft:diamond_pickaxe":59,"minecraft:iron_pickaxe":3438,"minecraft:spruce_sapling":41,"minecraft:gravel":8,"minecraft:stone_axe":657,"minecraft:cobblestone":203,"minecraft:purple_bed":2,"minecraft:bucket":60,"minecraft:pumpkin_pie":1},"minecraft:killed":{"minecraft:spider":2,"minecraft:skeleton":24,"minecraft:drowned":1,"minecraft:magma_cube":10,"minecraft:zombie":2,"minecraft:cow":3},"minecraft:picked_up":{"minecraft:crafting_table":10,"minecraft:wheat":3,"minecraft:ladder":5,"minecraft:string":3,"minecraft:raw_copper":143,"minecraft:blackstone":59,"minecraft:gold_nugget":23,"minecraft:cobbled_deepslate":1289,"minecraft:cobblestone_slab":5,"minecraft:sugar_cane":72,"minecraft:chest":4,"minecraft:raw_iron":56,"minecraft:stick":33,"minecraft:oak_fence":8,"minecraft:torch":111,"minecraft:diorite":63,"minecraft:redstone":126,"minecraft:arrow":35,"minecraft:rotten_flesh":16,"minecraft:beetroot_seeds":6,"minecraft:obsidian":14,"minecraft:cobblestone":1060,"minecraft:magma_block":2,"minecraft:basalt":572,"minecraft:andesite":50,"minecraft:leather":4,"minecraft:potato":274,"minecraft:flint":5,"minecraft:tuff":110,"minecraft:cobbled_deepslate_stairs":4,"minecraft:gunpowder":2,"minecraft:blue_bed":1,"minecraft:dirt":143,"minecraft:lapis_lazuli":105,"minecraft:bone":35,"minecraft:raw_gold":33,"minecraft:fletching_table":5,"minecraft:oak_planks":4,"minecraft:gravel":70,"minecraft:sand":42,"minecraft:spruce_sapling":53,"minecraft:white_bed":2,"minecraft:spruce_log":625,"minecraft:mossy_cobblestone":39,"minecraft:purple_bed":2,"minecraft:diamond":80,"minecraft:granite":32,"minecraft:spruce_sign":1,"minecraft:baked_potato":63,"minecraft:netherrack":356,"minecraft:coal":108},"minecraft:crafted":{"minecraft:oak_planks":16,"minecraft:cobblestone_slab":12,"minecraft:stone_shovel":1,"minecraft:stone":3,"minecraft:bookshelf":1,"minecraft:flint_and_steel":1,"minecraft:iron_boots":1,"minecraft:ladder":69,"minecraft:stone_pickaxe":5,"minecraft:chest":2,"minecraft:golden_boots":1,"minecraft:emerald":181,"minecraft:spruce_sign":6,"minecraft:crafting_table":1,"minecraft:spruce_planks":2844,"minecraft:enchanting_table":1,"minecraft:baked_potato":176,"minecraft:iron_helmet":1,"minecraft:iron_sword":1,"minecraft:spruce_door":3,"minecraft:fletching_table":1,"minecraft:bucket":1,"minecraft:stone_axe":6,"minecraft:air":0,"minecraft:book":4,"minecraft:iron_chestplate":1,"minecraft:paper":63,"minecraft:stick":5848,"minecraft:iron_ingot":78,"minecraft:iron_pickaxe":15,"minecraft:iron_leggings":1,"minecraft:gold_ingot":32,"minecraft:stonecutter":1,"minecraft:torch":68},"minecraft:mined":{"minecraft:nether_gold_ore":1,"minecraft:tuff":116,"minecraft:white_bed":2,"minecraft:mossy_cobblestone":39,"minecraft:deepslate_diamond_ore":19,"minecraft:cobbled_deepslate_stairs":4,"minecraft:obsidian":15,"minecraft:granite":32,"minecraft:grass_block":28,"minecraft:spruce_leaves":33,"minecraft:frosted_ice":3,"minecraft:sandstone":4,"minecraft:large_fern":7,"minecraft:magma_block":2,"minecraft:spruce_sapling":5,"minecraft:iron_ore":8,"minecraft:cobbled_deepslate":24,"minecraft:andesite":54,"minecraft:fletching_table":5,"minecraft:deepslate_lapis_ore":3,"minecraft:potatoes":74,"minecraft:deepslate_iron_ore":4,"minecraft:cobblestone_slab":4,"minecraft:stone":1059,"minecraft:deepslate_redstone_ore":5,"minecraft:blackstone":59,"minecraft:basalt":577,"minecraft:oak_fence":4,"minecraft:crafting_table":10,"minecraft:torch":18,"minecraft:chest":4,"minecraft:cobblestone":145,"minecraft:copper_ore":4,"minecraft:lapis_ore":2,"minecraft:deepslate_gold_ore":5,"minecraft:sugar_cane":31,"minecraft:oak_planks":3,"minecraft:diorite":73,"minecraft:blue_bed":1,"minecraft:wall_torch":68,"minecraft:purple_bed":2,"minecraft:spruce_log":626,"minecraft:coal_ore":5,"minecraft:sand":45,"minecraft:gravel":24,"minecraft:dirt":115,"minecraft:cobweb":1,"minecraft:netherrack":358,"minecraft:deepslate":1264,"minecraft:fern":1},"minecraft:broken":{"minecraft:stone_pickaxe":4,"minecraft:stone_axe":5,"minecraft:iron_pickaxe":15,"minecraft:stone_shovel":1}},"DataVersion":3955}