{"stats":{"minecraft:picked_up":{"chococraft:loverly_gysahl_green":3,"minecraft:iron_chestplate":2,"minecraft:wheat":3,"minecraft:creeper_head":1,"minecraft:chainmail_boots":1,"minecraft:prismarine_shard":3,"minecraft:smithing_table":6,"minecraft:diamond_sword":1,"minecraft:enchanted_book":5,"minecraft:potion":8,"minecraft:nether_brick":26,"minecraft:brewing_stand":1,"minecraft:golden_sword":1,"minecraft:string":87,"minecraft:raw_copper":163,"minecraft:iron_leggings":1,"universal_graves:grave_compass":1,"minecraft:zombie_head":2,"minecraft:gold_nugget":432,"minecraft:cobbled_deepslate":2699,"bosses_of_mass_destruction:soul_star":2,"minecraft:spruce_planks":2,"minecraft:trial_key":36,"minecraft:cobblestone_slab":5,"minecraft:ender_eye":11,"minecraft:azalea":1,"hangglider:hang_glider":1,"minecraft:furnace":1,"minecraft:tipped_arrow":85,"minecraft:golden_helmet":1,"minecraft:stick":109,"minecraft:oak_fence":8,"minecraft:torch":143,"minecraft:porkchop":11,"minecraft:lightning_rod":1,"minecraft:pointed_dripstone":1,"minecraft:diorite":83,"minecraft:quartz_block":1,"minecraft:honey_bottle":7,"minecraft:rotten_flesh":275,"minecraft:tropical_fish":1,"chococraft:chocobo_drumstick_cooked":3,"minecraft:blaze_rod":164,"minecraft:obsidian":51,"minecraft:cod":5,"minecraft:cobblestone":1577,"minecraft:magma_block":7,"minecraft:cooked_beef":213,"minecraft:magma_cream":9,"minecraft:water_bucket":1,"minecraft:andesite":104,"minecraft:golden_leggings":1,"minecraft:dark_oak_boat":7,"minecraft:potato":604,"minecraft:flint":6,"minecraft:tuff":145,"minecraft:lapis_lazuli":526,"minecraft:dirt":4007,"minecraft:twisting_vines":1,"minecraft:leather_boots":2,"travelersbackpack:bookshelf":1,"minecraft:bone":331,"minecraft:bow":23,"minecraft:wheat_seeds":12,"minecraft:raw_gold":126,"minecraft:bell":2,"minecraft:bolt_armor_trim_smithing_template":3,"minecraft:guster_banner_pattern":2,"minecraft:fletching_table":5,"minecraft:glowstone_dust":374,"travelersbackpack:gold":1,"minecraft:oak_planks":4,"minecraft:mossy_stone_brick_stairs":1,"minecraft:chiseled_polished_blackstone":1,"minecraft:cooked_porkchop":5,"minecraft:poisonous_potato":2,"minecraft:sand":286,"comforts:hammock_blue":2,"minecraft:mossy_cobblestone":39,"artifacts:plastic_drinking_hat":1,"minecraft:diamond":372,"minecraft:spruce_boat":1,"minecraft:cracked_polished_blackstone_bricks":7,"minecraft:granite":56,"minecraft:crossbow":1,"minecraft:breeze_rod":65,"minecraft:golden_apple":1,"minecraft:chainmail_helmet":3,"minecraft:spruce_sign":1,"minecraft:emerald":84,"minecraft:bread":9,"minecraft:music_disc_precipice":1,"minecraft:oak_sapling":2,"minecraft:netherrack":2442,"minecraft:ominous_trial_key":1,"minecraft:diamond_pickaxe":1,"minecraft:waxed_oxidized_cut_copper":5,"minecraft:crafting_table":21,"minecraft:ominous_bottle":5,"minecraft:ladder":13,"minecraft:clay_ball":28,"minecraft:leather_leggings":2,"minecraft:gold_block":16,"minecraft:shield":2,"minecraft:wind_charge":15,"minecraft:moss_carpet":1,"minecraft:iron_axe":1,"minecraft:flint_and_steel":1,"minecraft:blackstone":298,"travelersbackpack:horse":4,"minecraft:beef":7,"minecraft:oak_boat":3,"minecraft:poppy":11,"minecraft:iron_nugget":20,"minecraft:lectern":30,"minecraft:sugar_cane":122,"minecraft:chest":5,"minecraft:phantom_membrane":1,"minecraft:waxed_oxidized_copper":2,"minecraft:egg":3,"minecraft:raw_iron":551,"minecraft:sandstone":5,"minecraft:copper_ingot":1,"minecraft:bowl":1,"minecraft:fire_charge":2,"minecraft:polished_blackstone_bricks":1,"minecraft:stone_button":2,"minecraft:carrot":158,"minecraft:redstone":199,"minecraft:tnt":10,"minecraft:arrow":291,"minecraft:weeping_vines":1,"minecraft:diamond_chestplate":2,"minecraft:beetroot_seeds":6,"minecraft:decorated_pot":1,"minecraft:shears":1,"minecraft:gold_ingot":42,"minecraft:totem_of_undying":4,"minecraft:tuff_bricks":22,"minecraft:rail":1,"minecraft:skeleton_skull":2,"minecraft:white_wool":38,"minecraft:basalt":833,"minecraft:glow_ink_sac":3,"minecraft:crimson_stem":4,"minecraft:salmon":3,"minecraft:leather":182,"minecraft:red_mushroom":1,"minecraft:ancient_debris":36,"minecraft:golden_boots":1,"minecraft:cobbled_deepslate_stairs":4,"minecraft:gunpowder":19,"minecraft:blue_bed":2,"minecraft:white_banner":7,"comforts:rope_and_nail":2,"chococraft:chocobo_feather":3,"chococraft:gysahl_green":40,"minecraft:stone_bricks":1,"minecraft:kelp":1,"chococraft:gold_gysahl":2,"minecraft:iron_ingot":17,"minecraft:cooked_chicken":6,"artifacts:kitty_slippers":1,"minecraft:glass_bottle":1,"minecraft:gray_bed":1,"minecraft:soul_sand":11,"minecraft:book":345,"minecraft:scaffolding":3,"minecraft:heavy_core":1,"minecraft:dandelion":9,"minecraft:red_wool":1,"minecraft:quartz":778,"minecraft:dripstone_block":1,"minecraft:gravel":70,"chococraft:gysahl_green_seeds":15,"minecraft:spruce_sapling":157,"minecraft:white_bed":2,"minecraft:spruce_log":1770,"minecraft:crying_obsidian":7,"minecraft:spider_eye":66,"minecraft:polished_tuff":2,"minecraft:purple_bed":9,"minecraft:slime_ball":38,"minecraft:iron_helmet":3,"minecraft:oak_button":1,"minecraft:baked_potato":81,"minecraft:warped_nylium":1,"minecraft:coal":1611,"minecraft:chiseled_tuff_bricks":2,"minecraft:sunflower":1,"minecraft:ender_pearl":31},"minecraft:broken":{"minecraft:stone_pickaxe":4,"minecraft:stone_axe":7,"minecraft:stone_shovel":1,"minecraft:shield":3,"minecraft:iron_pickaxe":17},"minecraft:killed_by":{"minecraft:creeper":2,"minecraft:vindicator":1,"minecraft:vex":1,"minecraft:player":3},"minecraft:used":{"travelersbackpack:horse":65,"minecraft:ladder":45,"minecraft:chest":33,"minecraft:shield":156,"minecraft:iron_sword":155,"minecraft:bell":2,"minecraft:rotten_flesh":7,"chococraft:chocobo_drumstick_cooked":3,"minecraft:carrot":73,"minecraft:obsidian":51,"minecraft:waxed_oxidized_copper":2,"minecraft:honey_bottle":2,"minecraft:spruce_boat":1,"minecraft:lava_bucket":9,"minecraft:red_wool":1,"minecraft:warped_nylium":1,"minecraft:bow":678,"minecraft:dark_oak_boat":6,"minecraft:scaffolding":2,"minecraft:ominous_bottle":2,"minecraft:furnace":2,"minecraft:cooked_cod":5,"minecraft:skeleton_skull":1,"minecraft:egg":1,"minecraft:potato":163,"minecraft:diorite":3,"minecraft:spruce_door":1,"minecraft:stone_pickaxe":411,"minecraft:ender_pearl":2,"minecraft:sugar_cane":8,"minecraft:diamond_axe":1177,"minecraft:blue_bed":2,"minecraft:sand":2,"minecraft:dripstone_block":1,"minecraft:cobbled_deepslate_stairs":88,"minecraft:lightning_rod":2,"minecraft:crying_obsidian":1,"minecraft:zombie_head":2,"minecraft:bread":5,"minecraft:lectern":31,"minecraft:gravel":8,"minecraft:diamond_sword":1340,"minecraft:andesite":6,"minecraft:grindstone":1,"minecraft:smithing_table":7,"chococraft:gysahl_green":1,"minecraft:bone_meal":7,"minecraft:experience_bottle":6,"minecraft:trident":52,"minecraft:enchanting_table":1,"minecraft:flint_and_steel":10,"minecraft:stone_shovel":100,"minecraft:spruce_planks":2,"minecraft:cooked_salmon":6,"minecraft:trial_key":23,"minecraft:stone_hoe":25,"minecraft:netherrack":1602,"minecraft:torch":396,"minecraft:brewing_stand":1,"minecraft:dirt":415,"minecraft:anvil":2,"minecraft:granite":21,"minecraft:bookshelf":27,"travelersbackpack:gold":2,"minecraft:basalt":153,"minecraft:golden_carrot":1,"minecraft:netherite_pickaxe":4320,"minecraft:cooked_beef":161,"minecraft:cobbled_deepslate":692,"minecraft:powder_snow_bucket":1,"minecraft:iron_leggings":1,"minecraft:pointed_dripstone":1,"minecraft:water_bucket":560,"minecraft:baked_potato":264,"minecraft:spruce_sign":5,"minecraft:fletching_table":6,"minecraft:stonecutter":1,"minecraft:cobblestone_slab":13,"minecraft:tnt":20,"minecraft:crafting_table":23,"minecraft:white_bed":3,"comforts:hammock_blue":2,"minecraft:spruce_log":9,"minecraft:ender_eye":23,"minecraft:diamond_pickaxe":1159,"minecraft:ominous_trial_key":1,"minecraft:diamond_shovel":3900,"chococraft:gysahl_green_seeds":8,"travelersbackpack:bookshelf":7,"minecraft:iron_pickaxe":3990,"minecraft:map":1,"minecraft:spruce_sapling":118,"minecraft:stone_axe":841,"comforts:rope_and_nail":2,"minecraft:fishing_rod":8,"minecraft:purple_bed":9,"minecraft:cobblestone":397,"minecraft:potion":2,"minecraft:cooked_porkchop":5,"minecraft:bucket":572,"minecraft:pumpkin_pie":12},"minecraft:crafted":{"minecraft:grindstone":1,"minecraft:oak_planks":24,"minecraft:cobblestone_slab":12,"minecraft:blaze_powder":30,"hangglider:hang_glider":2,"minecraft:lightning_rod":1,"minecraft:stone":6,"minecraft:diamond_shovel":2,"minecraft:bookshelf":28,"minecraft:diamond_helmet":1,"minecraft:bow":2,"minecraft:diamond_leggings":2,"minecraft:iron_boots":1,"minecraft:netherite_boots":1,"minecraft:chest":28,"minecraft:netherite_helmet":1,"minecraft:netherite_upgrade_smithing_template":12,"minecraft:ender_eye":16,"minecraft:golden_boots":1,"minecraft:oak_slab":6,"minecraft:emerald":408,"minecraft:diamond_axe":1,"minecraft:crafting_table":2,"minecraft:spruce_planks":6824,"minecraft:iron_helmet":1,"minecraft:baked_potato":263,"minecraft:spruce_door":3,"minecraft:smithing_table":2,"minecraft:copper_ingot":3,"minecraft:fletching_table":1,"minecraft:lectern":1,"minecraft:iron_chestplate":1,"minecraft:book":50,"minecraft:paper":93,"minecraft:diamond_pickaxe":2,"minecraft:shield":4,"minecraft:stick":12836,"minecraft:stone_slab":6,"minecraft:iron_ingot":639,"minecraft:iron_pickaxe":17,"minecraft:iron_block":6,"minecraft:gold_ingot":162,"minecraft:netherite_ingot":5,"minecraft:golden_carrot":32,"minecraft:shears":1,"hangglider:glider_framework":2,"minecraft:stone_shovel":1,"minecraft:leather_boots":1,"minecraft:furnace":2,"minecraft:bone_meal":12,"hangglider:glider_wing":4,"minecraft:flint_and_steel":1,"minecraft:netherite_chestplate":1,"minecraft:netherite_leggings":1,"minecraft:ladder":69,"minecraft:stone_pickaxe":5,"minecraft:diamond_boots":1,"minecraft:spruce_boat":1,"minecraft:netherite_scrap":21,"minecraft:cooked_beef":7,"minecraft:cooked_cod":5,"minecraft:crimson_planks":16,"minecraft:netherite_pickaxe":1,"minecraft:diamond_sword":1,"minecraft:spruce_sign":6,"minecraft:enchanting_table":1,"minecraft:iron_sword":1,"minecraft:cooked_salmon":3,"minecraft:bucket":1,"minecraft:stone_axe":7,"minecraft:enchanted_book":13,"minecraft:air":0,"minecraft:gold_nugget":243,"minecraft:iron_leggings":1,"chococraft:chocobo_saddle":1,"minecraft:stonecutter":1,"minecraft:anvil":2,"minecraft:white_bed":3,"minecraft:coast_armor_trim_smithing_template":4,"minecraft:torch":256,"minecraft:diamond_chestplate":1},"minecraft:dropped":{"minecraft:spruce_sign":2,"minecraft:soul_sand":11,"minecraft:porkchop":11,"minecraft:lapis_lazuli":116,"minecraft:cooked_beef":48,"minecraft:baked_potato":64,"minecraft:glass_bottle":4,"minecraft:weeping_vines":1,"minecraft:leather":1,"minecraft:mossy_stone_brick_stairs":1,"minecraft:rail":1,"minecraft:red_mushroom":1,"minecraft:flint":1,"minecraft:gold_block":16,"minecraft:dirt":27,"minecraft:netherite_scrap":1,"minecraft:stone_button":2,"minecraft:cooked_cod":6,"minecraft:sunflower":1,"minecraft:phantom_membrane":1,"minecraft:polished_blackstone_bricks":1,"minecraft:sand":229,"minecraft:gold_ingot":62,"minecraft:bone":46,"minecraft:blackstone":10,"minecraft:sugar_cane":1,"hangglider:hang_glider":2,"minecraft:iron_nugget":30,"minecraft:chiseled_tuff_bricks":1,"minecraft:cobbled_deepslate":140,"minecraft:nether_brick":26,"minecraft:twisting_vines":1,"minecraft:beetroot":24,"minecraft:rotten_flesh":102,"universal_graves:grave_compass":4,"minecraft:oak_planks":1,"minecraft:diamond_shovel":1,"minecraft:glowstone_dust":384,"minecraft:honey_bottle":4,"minecraft:white_bed":2,"minecraft:carrot":25,"minecraft:poppy":11,"minecraft:leather_chestplate":2,"minecraft:tipped_arrow":29,"minecraft:gunpowder":11,"minecraft:beetroot_seeds":3,"minecraft:quartz_block":1,"minecraft:leather_boots":2,"minecraft:ladder":13,"minecraft:azalea":1,"minecraft:leather_leggings":1,"minecraft:scaffolding":1,"minecraft:arrow":40,"minecraft:egg":1,"minecraft:quartz":647,"minecraft:water_bucket":1,"minecraft:enchanted_book":2,"minecraft:golden_boots":1,"minecraft:iron_ingot":6,"minecraft:bread":9,"minecraft:wheat_seeds":12,"minecraft:golden_helmet":1,"minecraft:oak_fence":4,"minecraft:iron_helmet":2,"minecraft:cobblestone":73,"minecraft:granite":17,"minecraft:copper_ingot":1,"minecraft:tropical_fish":1,"minecraft:spruce_door":2,"minecraft:chainmail_helmet":3,"minecraft:stick":1,"minecraft:diorite":8,"minecraft:cooked_salmon":14,"minecraft:potion":1,"minecraft:iron_leggings":1,"minecraft:iron_axe":1,"minecraft:string":15,"minecraft:spruce_sapling":1,"minecraft:redstone":9,"minecraft:dandelion":9,"minecraft:moss_carpet":1,"minecraft:creeper_head":1,"minecraft:tuff_bricks":6,"minecraft:blaze_rod":135,"minecraft:raw_copper":14,"minecraft:guster_banner_pattern":2,"minecraft:shears":1,"minecraft:flint_and_steel":1,"minecraft:filled_map":4,"minecraft:diamond_sword":1,"minecraft:potato":120,"minecraft:spruce_boat":1,"minecraft:trial_key":13,"minecraft:diamond_pickaxe":1,"minecraft:iron_chestplate":2,"minecraft:andesite":20,"minecraft:golden_leggings":1,"minecraft:oak_boat":3,"minecraft:oak_sapling":2,"minecraft:golden_sword":1,"minecraft:spider_eye":64,"minecraft:stone_bricks":1,"minecraft:sandstone":3,"minecraft:bow":14,"minecraft:stone_pickaxe":1,"minecraft:raw_gold":8,"minecraft:magma_cream":3,"minecraft:magma_block":4,"chococraft:gysahl_green":3},"minecraft:killed":{"minecraft:cave_spider":7,"minecraft:zombified_piglin":2,"minecraft:witch":7,"minecraft:spider":37,"minecraft:skeleton":89,"minecraft:guardian":2,"minecraft:chicken":1,"minecraft:silverfish":2,"minecraft:skeleton_horse":1,"artifacts:mimic":1,"minecraft:magma_cube":44,"minecraft:piglin":25,"minecraft:zombie_villager":3,"minecraft:iron_golem":1,"minecraft:creeper":18,"minecraft:sheep":2,"minecraft:pillager":43,"minecraft:zombie":126,"minecraft:ghast":5,"minecraft:stray":81,"minecraft:cow":72,"minecraft:blaze":51,"chococraft:chocobo":1,"minecraft:evoker":3,"minecraft:vex":8,"minecraft:vindicator":20,"minecraft:slime":23,"minecraft:phantom":4,"minecraft:drowned":17,"minecraft:husk":35,"minecraft:ravager":2,"minecraft:hoglin":5,"minecraft:breeze":20,"minecraft:wither_skeleton":10,"minecraft:player":5,"minecraft:enderman":20},"minecraft:mined":{"minecraft:spruce_planks":2,"minecraft:white_bed":2,"minecraft:cobbled_deepslate_stairs":4,"comforts:rope_and_nail":1,"minecraft:brewing_stand":1,"minecraft:obsidian":47,"minecraft:cave_vines_plant":1,"minecraft:granite":56,"minecraft:chiseled_polished_blackstone":1,"minecraft:grass_block":1526,"minecraft:cracked_polished_blackstone_bricks":7,"minecraft:chiseled_tuff_bricks":2,"minecraft:frosted_ice":3,"minecraft:tuff_bricks":29,"minecraft:spawner":2,"minecraft:weeping_vines_plant":1,"minecraft:polished_blackstone_bricks":2,"minecraft:tall_seagrass":1,"minecraft:magma_block":8,"minecraft:glowstone":52,"minecraft:iron_ore":37,"minecraft:fire":129,"minecraft:cobbled_deepslate":210,"minecraft:polished_tuff":2,"minecraft:deepslate_lapis_ore":11,"minecraft:fletching_table":5,"minecraft:twisting_vines":4,"chococraft:gysahl_green":16,"minecraft:skeleton_wall_skull":1,"minecraft:cave_vines":1,"minecraft:deepslate_redstone_ore":9,"minecraft:blackstone":298,"minecraft:kelp_plant":3,"minecraft:twisting_vines_plant":1,"minecraft:crimson_nylium":3,"minecraft:powder_snow":3,"minecraft:clay":7,"minecraft:torch":23,"minecraft:chest":5,"minecraft:white_stained_glass_pane":1,"minecraft:nether_quartz_ore":50,"minecraft:cobblestone":314,"minecraft:oak_planks":3,"minecraft:sugar_cane":61,"minecraft:iron_door":9,"minecraft:wall_torch":81,"minecraft:seagrass":1,"minecraft:warped_nylium":5,"minecraft:light_gray_stained_glass":2,"minecraft:waxed_copper_block":1,"minecraft:tnt":8,"minecraft:oak_log":3,"minecraft:waxed_oxidized_copper":2,"minecraft:sand":288,"minecraft:dirt":2451,"minecraft:ancient_debris":36,"minecraft:netherrack":3027,"minecraft:deepslate":2497,"minecraft:oak_leaves":22,"minecraft:nether_gold_ore":12,"minecraft:crying_obsidian":4,"minecraft:tuff":174,"minecraft:mossy_cobblestone":39,"minecraft:dark_oak_leaves":8,"minecraft:deepslate_diamond_ore":60,"travelersbackpack:horse":3,"minecraft:nether_bricks":2,"minecraft:glow_lichen":1,"minecraft:dark_oak_fence":12,"minecraft:ladder":4,"minecraft:decorated_pot":2,"minecraft:weeping_vines":1,"minecraft:spruce_leaves":123,"minecraft:sandstone":6,"minecraft:crimson_stem":6,"minecraft:large_fern":15,"minecraft:spruce_sapling":24,"minecraft:furnace":1,"minecraft:carrots":39,"minecraft:andesite":109,"minecraft:peony":1,"minecraft:gold_block":16,"minecraft:bell":2,"minecraft:mossy_stone_brick_stairs":1,"minecraft:bookshelf":118,"minecraft:potatoes":156,"minecraft:cobblestone_slab":4,"minecraft:deepslate_iron_ore":26,"minecraft:stone":1357,"minecraft:podzol":1,"minecraft:smithing_table":6,"minecraft:red_wool":1,"minecraft:infested_stone_bricks":1,"minecraft:basalt":1074,"minecraft:oak_fence":4,"minecraft:crafting_table":21,"minecraft:short_grass":21,"minecraft:emerald_ore":2,"minecraft:lectern":30,"minecraft:lightning_rod":1,"minecraft:copper_ore":5,"minecraft:tall_grass":8,"minecraft:lapis_ore":3,"minecraft:deepslate_gold_ore":12,"minecraft:diorite":93,"minecraft:blue_bed":2,"minecraft:purple_bed":9,"minecraft:ice":21,"minecraft:spruce_log":1773,"minecraft:birch_leaves":8,"minecraft:coal_ore":55,"minecraft:gravel":26,"minecraft:sunflower":1,"minecraft:dripstone_block":1,"minecraft:cobweb":2,"minecraft:cracked_stone_bricks":7,"minecraft:stone_bricks":19,"minecraft:mossy_stone_bricks":9,"minecraft:gold_ore":2,"minecraft:fern":3},"minecraft:custom":{"minecraft:animals_bred":1,"minecraft:interact_with_crafting_table":144,"minecraft:open_barrel":75,"minecraft:bell_ring":123,"minecraft:leave_game":36,"minecraft:time_since_death":62682,"minecraft:sprint_one_cm":5335594,"minecraft:damage_blocked_by_shield":11377,"minecraft:drop":343,"minecraft:talked_to_villager":194,"minecraft:play_time":1805012,"minecraft:deaths":8,"minecraft:jump":35295,"minecraft:interact_with_brewingstand":1,"minecraft:walk_on_water_one_cm":537855,"minecraft:enchant_item":81,"minecraft:interact_with_furnace":160,"minecraft:traded_with_villager":431,"minecraft:sleep_in_bed":39,"minecraft:damage_dealt":109060,"minecraft:player_kills":8,"minecraft:crouch_one_cm":579331,"minecraft:interact_with_smoker":1,"minecraft:interact_with_smithing_table":22,"minecraft:inspect_dispenser":5,"minecraft:interact_with_anvil":34,"minecraft:mob_kills":862,"minecraft:climb_one_cm":140629,"minecraft:walk_one_cm":3021400,"minecraft:target_hit":1,"minecraft:sneak_time":194081,"minecraft:walk_under_water_one_cm":551048,"minecraft:boat_one_cm":523976,"minecraft:total_world_time":1805012,"minecraft:raid_trigger":1,"minecraft:interact_with_grindstone":2,"minecraft:interact_with_stonecutter":6,"minecraft:time_since_rest":43784,"minecraft:damage_taken":19932,"minecraft:trigger_trapped_chest":1,"minecraft:swim_one_cm":2281160,"minecraft:fly_one_cm":7111336,"minecraft:open_chest":1181,"minecraft:fish_caught":6,"minecraft:fall_one_cm":857080}},"DataVersion":3955}