{"stats":{"minecraft:dropped":{"minecraft:porkchop":11,"minecraft:lapis_lazuli":137,"minecraft:cooked_beef":61,"minecraft:glass_bottle":9,"minecraft:diamond":1,"minecraft:cooked_porkchop":2,"minecraft:weeping_vines":1,"minecraft:warped_roots":3,"minecraft:mossy_stone_brick_stairs":1,"minecraft:rail":1,"minecraft:red_mushroom":1,"minecraft:gold_block":16,"minecraft:dirt":50,"minecraft:stone_button":2,"minecraft:gold_nugget":3,"minecraft:sunflower":1,"minecraft:phantom_membrane":4,"minecraft:sand":229,"minecraft:sugar":3,"minecraft:bone":112,"minecraft:sugar_cane":1,"minecraft:ancient_debris":6,"minecraft:iron_nugget":30,"minecraft:cobbled_deepslate":140,"minecraft:nether_brick":26,"minecraft:rotten_flesh":123,"universal_graves:grave_compass":7,"minecraft:oak_planks":1,"minecraft:glowstone_dust":384,"minecraft:white_bed":2,"minecraft:tipped_arrow":29,"minecraft:quartz_block":1,"minecraft:leather_boots":2,"minecraft:ladder":13,"minecraft:leather_leggings":1,"minecraft:egg":1,"minecraft:enchanted_book":3,"minecraft:golden_boots":2,"minecraft:iron_ingot":6,"minecraft:wheat_seeds":12,"minecraft:oak_fence":4,"minecraft:iron_helmet":2,"minecraft:cobblestone":73,"minecraft:granite":26,"minecraft:spruce_door":2,"minecraft:chainmail_helmet":3,"minecraft:ink_sac":1,"minecraft:cooked_salmon":14,"minecraft:diamond_helmet":1,"minecraft:potion":2,"minecraft:string":19,"minecraft:spruce_sapling":1,"minecraft:moss_carpet":1,"minecraft:creeper_head":1,"minecraft:stone_sword":2,"minecraft:shears":1,"minecraft:diamond_sword":2,"minecraft:potato":120,"minecraft:spruce_boat":1,"minecraft:diamond_pickaxe":2,"minecraft:spider_eye":73,"minecraft:stone_bricks":1,"minecraft:sandstone":3,"minecraft:bow":15,"minecraft:magma_block":4,"minecraft:spruce_sign":2,"minecraft:soul_sand":15,"minecraft:brown_mushroom":3,"minecraft:warped_fungus":8,"minecraft:baked_potato":158,"minecraft:ender_pearl":1,"minecraft:leather":1,"minecraft:flint":1,"minecraft:netherite_scrap":1,"minecraft:polished_blackstone_brick_stairs":1,"minecraft:crimson_roots":3,"minecraft:cooked_cod":6,"minecraft:snowball":12,"minecraft:polished_blackstone_bricks":1,"minecraft:gold_ingot":71,"minecraft:gravel":2,"minecraft:blackstone":13,"hangglider:hang_glider":3,"minecraft:chiseled_tuff_bricks":1,"minecraft:twisting_vines":1,"minecraft:beetroot":24,"minecraft:diamond_shovel":1,"minecraft:honey_bottle":4,"minecraft:carrot":25,"minecraft:poppy":11,"minecraft:leather_chestplate":2,"minecraft:gunpowder":26,"minecraft:beetroot_seeds":3,"minecraft:azalea":1,"minecraft:basalt":26,"minecraft:arrow":115,"minecraft:scaffolding":1,"minecraft:quartz":1198,"minecraft:splash_potion":1,"minecraft:netherrack":636,"minecraft:water_bucket":1,"minecraft:bread":9,"minecraft:golden_helmet":1,"minecraft:diamond_leggings":2,"minecraft:copper_ingot":2,"minecraft:tropical_fish":1,"minecraft:stick":1,"minecraft:diorite":8,"minecraft:iron_leggings":1,"minecraft:iron_axe":2,"minecraft:dandelion":9,"minecraft:redstone":62,"minecraft:tuff_bricks":6,"minecraft:sweet_berries":1,"travelersbackpack:diamond":1,"minecraft:warped_nylium":1,"minecraft:blaze_rod":141,"minecraft:raw_copper":14,"minecraft:tuff":1,"minecraft:guster_banner_pattern":2,"minecraft:flint_and_steel":2,"minecraft:filled_map":4,"minecraft:shield":1,"minecraft:trial_key":13,"minecraft:diamond_chestplate":1,"minecraft:iron_chestplate":2,"minecraft:andesite":20,"minecraft:golden_leggings":1,"minecraft:oak_boat":3,"minecraft:oak_sapling":2,"minecraft:golden_sword":3,"minecraft:stone_pickaxe":1,"minecraft:raw_gold":8,"minecraft:magma_cream":3,"chococraft:gysahl_green":3},"minecraft:mined":{"minecraft:white_bed":2,"minecraft:obsidian":56,"minecraft:granite":70,"minecraft:chiseled_polished_blackstone":1,"minecraft:chiseled_tuff_bricks":2,"minecraft:nether_wart":10,"minecraft:spawner":2,"minecraft:polished_blackstone_bricks":19,"minecraft:weeping_vines_plant":1,"minecraft:tall_seagrass":1,"minecraft:magma_block":8,"minecraft:cobbled_deepslate":210,"minecraft:fire":174,"minecraft:fletching_table":5,"minecraft:deepslate_lapis_ore":14,"minecraft:twisting_vines":4,"minecraft:cave_vines":1,"minecraft:kelp_plant":3,"minecraft:crimson_nylium":49,"minecraft:soul_fire":1,"minecraft:powder_snow":3,"minecraft:torch":26,"minecraft:white_stained_glass_pane":1,"minecraft:sugar_cane":61,"minecraft:light_gray_stained_glass":2,"minecraft:wheat":1,"minecraft:waxed_copper_block":1,"minecraft:warped_fungus":10,"minecraft:deepslate":2674,"minecraft:mossy_cobblestone":39,"minecraft:nether_bricks":21,"minecraft:dark_oak_fence":12,"minecraft:crimson_roots":2,"minecraft:andesite":132,"minecraft:mossy_stone_brick_stairs":1,"minecraft:potatoes":194,"minecraft:cobblestone_slab":4,"minecraft:warped_stem":1,"bosses_of_mass_destruction:gauntlet_blackstone":1,"minecraft:smithing_table":6,"minecraft:soul_sand":11,"minecraft:short_grass":29,"minecraft:emerald_ore":2,"minecraft:warped_roots":1,"minecraft:lightning_rod":1,"minecraft:tall_grass":8,"minecraft:copper_ore":6,"minecraft:deepslate_gold_ore":14,"minecraft:diorite":95,"minecraft:purple_bed":9,"minecraft:spruce_log":1773,"minecraft:birch_leaves":8,"minecraft:sunflower":1,"minecraft:gravel":35,"minecraft:dripstone_block":1,"minecraft:cobweb":2,"minecraft:stone_bricks":19,"minecraft:gold_ore":5,"minecraft:fern":7,"minecraft:spruce_planks":2,"minecraft:cobbled_deepslate_stairs":4,"comforts:rope_and_nail":1,"minecraft:brewing_stand":1,"minecraft:cave_vines_plant":1,"minecraft:grass_block":1944,"minecraft:cracked_polished_blackstone_bricks":8,"minecraft:soul_soil":2,"minecraft:frosted_ice":3,"minecraft:tuff_bricks":29,"minecraft:glowstone":52,"minecraft:iron_ore":56,"minecraft:polished_tuff":2,"chococraft:gysahl_green":16,"minecraft:skeleton_wall_skull":1,"minecraft:deepslate_redstone_ore":11,"minecraft:blackstone":426,"minecraft:twisting_vines_plant":1,"minecraft:clay":7,"minecraft:chest":7,"minecraft:nether_quartz_ore":140,"minecraft:cobblestone":319,"minecraft:oak_planks":3,"minecraft:iron_door":9,"minecraft:wall_torch":83,"minecraft:seagrass":1,"minecraft:warped_nylium":15,"minecraft:tnt":8,"minecraft:oak_log":3,"minecraft:waxed_oxidized_copper":2,"minecraft:sand":288,"minecraft:dirt":2823,"minecraft:netherrack":9994,"minecraft:ancient_debris":50,"minecraft:oak_leaves":22,"minecraft:nether_gold_ore":16,"minecraft:crying_obsidian":4,"minecraft:tuff":207,"minecraft:dark_oak_leaves":8,"minecraft:deepslate_diamond_ore":64,"travelersbackpack:horse":3,"minecraft:glow_lichen":1,"minecraft:ladder":4,"minecraft:decorated_pot":2,"minecraft:weeping_vines":1,"minecraft:spruce_leaves":131,"minecraft:sandstone":6,"minecraft:crimson_stem":6,"minecraft:large_fern":18,"minecraft:spruce_sapling":24,"minecraft:furnace":1,"minecraft:carrots":39,"minecraft:peony":1,"minecraft:gold_block":20,"minecraft:bell":2,"minecraft:bookshelf":118,"minecraft:deepslate_iron_ore":35,"minecraft:stone":1824,"minecraft:podzol":1,"minecraft:red_wool":1,"minecraft:infested_stone_bricks":1,"minecraft:basalt":1202,"minecraft:oak_fence":4,"minecraft:crafting_table":22,"minecraft:sculk_sensor":1,"minecraft:lectern":30,"minecraft:deepslate_coal_ore":1,"minecraft:lapis_ore":4,"minecraft:polished_blackstone_brick_stairs":1,"minecraft:sculk":8,"minecraft:blue_bed":2,"minecraft:ice":21,"minecraft:sweet_berry_bush":2,"minecraft:coal_ore":64,"minecraft:cracked_stone_bricks":7,"minecraft:mossy_stone_bricks":9},"minecraft:picked_up":{"minecraft:iron_chestplate":2,"minecraft:chainmail_boots":1,"minecraft:creeper_head":1,"minecraft:prismarine_shard":3,"minecraft:smithing_table":6,"minecraft:diamond_sword":1,"minecraft:enchanted_book":6,"minecraft:brewing_stand":1,"minecraft:golden_sword":3,"minecraft:polished_blackstone_brick_stairs":7,"minecraft:string":91,"minecraft:diamond_leggings":1,"minecraft:gold_nugget":435,"minecraft:cobbled_deepslate":2862,"bosses_of_mass_destruction:soul_star":7,"minecraft:spruce_planks":2,"minecraft:trial_key":36,"hangglider:hang_glider":1,"minecraft:golden_helmet":1,"minecraft:lightning_rod":1,"minecraft:stone_sword":2,"minecraft:honey_bottle":7,"minecraft:tropical_fish":1,"minecraft:blaze_rod":183,"minecraft:snowball":44,"minecraft:magma_block":7,"minecraft:cooked_beef":233,"minecraft:water_bucket":1,"minecraft:dark_oak_boat":7,"minecraft:flint":7,"minecraft:twisting_vines":1,"minecraft:guster_banner_pattern":2,"minecraft:glowstone_dust":374,"minecraft:chiseled_polished_blackstone":1,"minecraft:ink_sac":1,"minecraft:granite":70,"minecraft:chainmail_helmet":3,"minecraft:bread":9,"minecraft:music_disc_precipice":1,"minecraft:ominous_trial_key":1,"minecraft:crimson_roots":3,"minecraft:diamond_pickaxe":1,"minecraft:crafting_table":22,"minecraft:ominous_bottle":5,"minecraft:nether_wart":10,"minecraft:clay_ball":28,"minecraft:leather_leggings":2,"minecraft:wind_charge":15,"minecraft:flint_and_steel":2,"travelersbackpack:redstone":1,"minecraft:beef":7,"minecraft:poppy":11,"minecraft:iron_nugget":20,"minecraft:chest":7,"minecraft:waxed_oxidized_copper":2,"minecraft:egg":3,"minecraft:sandstone":5,"minecraft:fire_charge":3,"minecraft:carrot":158,"minecraft:redstone":252,"minecraft:tnt":10,"minecraft:diamond_chestplate":2,"minecraft:decorated_pot":1,"minecraft:beetroot_seeds":6,"minecraft:shears":1,"minecraft:gold_ingot":42,"minecraft:totem_of_undying":8,"minecraft:tuff_bricks":22,"minecraft:white_wool":38,"minecraft:rail":1,"minecraft:red_mushroom":1,"minecraft:ancient_debris":44,"minecraft:golden_boots":2,"minecraft:blue_bed":2,"minecraft:white_banner":14,"comforts:rope_and_nail":2,"chococraft:chocobo_feather":3,"chococraft:gysahl_green":40,"minecraft:stone_bricks":1,"minecraft:kelp":1,"minecraft:glass_bottle":6,"minecraft:gray_bed":1,"minecraft:sweet_berries":1,"minecraft:red_wool":1,"minecraft:gravel":73,"minecraft:spruce_sapling":157,"minecraft:spruce_log":1770,"minecraft:crying_obsidian":7,"minecraft:polished_tuff":2,"minecraft:purple_bed":9,"minecraft:slime_ball":38,"minecraft:warped_roots":3,"minecraft:oak_button":1,"minecraft:baked_potato":230,"minecraft:warped_nylium":4,"minecraft:ender_pearl":68,"chococraft:loverly_gysahl_green":3,"minecraft:wheat":3,"minecraft:potion":9,"minecraft:nether_brick":26,"minecraft:raw_copper":163,"travelersbackpack:diamond":1,"minecraft:iron_leggings":1,"universal_graves:grave_compass":1,"minecraft:zombie_head":2,"minecraft:cobblestone_slab":5,"minecraft:ender_eye":11,"minecraft:azalea":1,"minecraft:furnace":1,"minecraft:tipped_arrow":85,"minecraft:stick":109,"minecraft:oak_fence":8,"minecraft:torch":148,"minecraft:porkchop":11,"minecraft:pointed_dripstone":1,"minecraft:diorite":85,"minecraft:quartz_block":1,"minecraft:rotten_flesh":302,"chococraft:chocobo_drumstick_cooked":3,"minecraft:obsidian":60,"minecraft:cod":5,"minecraft:cobblestone":2032,"minecraft:magma_cream":21,"minecraft:andesite":127,"minecraft:golden_leggings":1,"minecraft:potato":737,"minecraft:tuff":146,"minecraft:dirt":4815,"minecraft:lapis_lazuli":929,"minecraft:leather_boots":2,"travelersbackpack:bookshelf":1,"minecraft:bone":401,"minecraft:bow":23,"minecraft:wheat_seeds":13,"minecraft:raw_gold":202,"minecraft:bell":2,"minecraft:bolt_armor_trim_smithing_template":3,"minecraft:fletching_table":5,"travelersbackpack:gold":1,"minecraft:oak_planks":4,"minecraft:mossy_stone_brick_stairs":1,"minecraft:cooked_porkchop":61,"minecraft:poisonous_potato":4,"minecraft:sand":286,"comforts:hammock_blue":2,"minecraft:mossy_cobblestone":39,"artifacts:plastic_drinking_hat":1,"minecraft:sugar":3,"minecraft:diamond":383,"minecraft:spruce_boat":1,"minecraft:cracked_polished_blackstone_bricks":10,"minecraft:crossbow":1,"minecraft:breeze_rod":65,"minecraft:golden_apple":8,"minecraft:spruce_sign":1,"minecraft:emerald":119,"minecraft:oak_sapling":2,"minecraft:netherrack":4802,"minecraft:waxed_oxidized_cut_copper":5,"minecraft:splash_potion":1,"minecraft:ladder":13,"minecraft:brown_mushroom":4,"minecraft:gold_block":19,"minecraft:shield":2,"minecraft:moss_carpet":1,"minecraft:iron_axe":2,"minecraft:blackstone":327,"travelersbackpack:horse":4,"minecraft:oak_boat":3,"minecraft:lectern":30,"minecraft:sugar_cane":122,"minecraft:phantom_membrane":7,"minecraft:raw_iron":751,"minecraft:copper_ingot":2,"minecraft:bowl":1,"minecraft:polished_blackstone_bricks":81,"minecraft:stone_button":2,"minecraft:weeping_vines":1,"minecraft:arrow":369,"minecraft:nether_bricks":19,"minecraft:saddle":2,"minecraft:skeleton_skull":2,"minecraft:basalt":925,"minecraft:glow_ink_sac":3,"minecraft:crimson_stem":4,"minecraft:salmon":3,"minecraft:leather":218,"minecraft:cobbled_deepslate_stairs":4,"minecraft:gunpowder":34,"chococraft:gold_gysahl":2,"minecraft:iron_ingot":17,"minecraft:cooked_chicken":6,"artifacts:kitty_slippers":1,"minecraft:soul_sand":25,"minecraft:book":345,"minecraft:scaffolding":3,"minecraft:warped_fungus":19,"minecraft:heavy_core":1,"minecraft:quartz":1343,"minecraft:dandelion":9,"minecraft:dripstone_block":1,"chococraft:gysahl_green_seeds":15,"minecraft:white_bed":2,"minecraft:spider_eye":75,"minecraft:iron_helmet":3,"minecraft:chiseled_tuff_bricks":2,"minecraft:coal":1892,"minecraft:sunflower":1},"minecraft:broken":{"minecraft:shield":3,"minecraft:iron_pickaxe":17,"minecraft:stone_pickaxe":4,"minecraft:stone_axe":7,"minecraft:stone_shovel":1},"minecraft:custom":{"minecraft:interact_with_crafting_table":164,"minecraft:open_barrel":78,"minecraft:bell_ring":134,"minecraft:leave_game":41,"minecraft:time_since_death":29512,"minecraft:damage_blocked_by_shield":11482,"minecraft:play_time":2319374,"minecraft:deaths":20,"minecraft:jump":46807,"minecraft:enchant_item":149,"minecraft:interact_with_furnace":199,"minecraft:traded_with_villager":432,"minecraft:sleep_in_bed":43,"minecraft:damage_dealt":163636,"minecraft:interact_with_smoker":1,"minecraft:inspect_dispenser":5,"minecraft:interact_with_smithing_table":27,"minecraft:interact_with_anvil":51,"minecraft:target_hit":1,"minecraft:sneak_time":234188,"minecraft:interact_with_blast_furnace":1,"minecraft:total_world_time":2319374,"minecraft:interact_with_stonecutter":6,"minecraft:time_since_rest":29578,"minecraft:swim_one_cm":2364481,"minecraft:fly_one_cm":10011341,"minecraft:open_chest":1458,"minecraft:fish_caught":6,"minecraft:fall_one_cm":1188362,"minecraft:animals_bred":1,"minecraft:sprint_one_cm":6735893,"minecraft:drop":524,"minecraft:talked_to_villager":197,"minecraft:interact_with_brewingstand":2,"minecraft:walk_on_water_one_cm":593565,"minecraft:interact_with_loom":1,"minecraft:player_kills":12,"minecraft:crouch_one_cm":723808,"minecraft:mob_kills":1349,"minecraft:climb_one_cm":159875,"minecraft:walk_one_cm":4117768,"minecraft:walk_under_water_one_cm":592609,"minecraft:boat_one_cm":523976,"minecraft:raid_trigger":2,"minecraft:interact_with_grindstone":2,"minecraft:damage_taken":39207,"minecraft:damage_absorbed":781,"minecraft:trigger_trapped_chest":1},"minecraft:used":{"minecraft:ladder":45,"minecraft:chest":35,"minecraft:rotten_flesh":7,"minecraft:spruce_boat":1,"minecraft:lava_bucket":20,"minecraft:red_wool":1,"minecraft:bow":1231,"minecraft:dark_oak_boat":6,"minecraft:ominous_bottle":3,"minecraft:furnace":2,"minecraft:cooked_cod":5,"minecraft:egg":1,"minecraft:potato":201,"minecraft:diorite":5,"minecraft:spruce_door":1,"minecraft:blackstone":20,"minecraft:golden_apple":20,"minecraft:sand":2,"minecraft:lightning_rod":2,"minecraft:crying_obsidian":1,"minecraft:zombie_head":2,"minecraft:lectern":31,"minecraft:diamond_sword":1638,"minecraft:fire_charge":1,"minecraft:smithing_table":7,"minecraft:enchanting_table":1,"minecraft:cooked_salmon":6,"minecraft:netherrack":2533,"minecraft:trial_key":23,"minecraft:torch":407,"minecraft:brewing_stand":1,"minecraft:anvil":2,"travelersbackpack:gold":3,"minecraft:totem_of_undying":1,"minecraft:basalt":154,"minecraft:cobbled_deepslate":694,"minecraft:pointed_dripstone":1,"minecraft:water_bucket":615,"minecraft:fletching_table":6,"minecraft:polished_blackstone_bricks":17,"minecraft:tnt":20,"minecraft:crafting_table":24,"minecraft:white_bed":3,"comforts:hammock_blue":2,"minecraft:spruce_log":9,"minecraft:ender_eye":23,"minecraft:diamond_pickaxe":1686,"minecraft:diamond_shovel":4685,"minecraft:ominous_trial_key":1,"chococraft:gysahl_green_seeds":8,"travelersbackpack:bookshelf":21,"minecraft:iron_pickaxe":3990,"minecraft:spruce_sapling":118,"minecraft:cobblestone":412,"minecraft:potion":2,"minecraft:purple_bed":9,"minecraft:cooked_porkchop":34,"travelersbackpack:horse":92,"minecraft:shield":158,"minecraft:iron_sword":155,"minecraft:bell":2,"chococraft:chocobo_drumstick_cooked":3,"minecraft:carrot":73,"minecraft:axolotl_bucket":1,"minecraft:obsidian":62,"minecraft:honey_bottle":2,"minecraft:waxed_oxidized_copper":2,"minecraft:warped_nylium":3,"minecraft:warped_fungus":8,"minecraft:scaffolding":2,"minecraft:skeleton_skull":2,"minecraft:stone_pickaxe":411,"minecraft:ender_pearl":38,"minecraft:blue_bed":2,"minecraft:diamond_axe":1178,"minecraft:sugar_cane":8,"minecraft:dripstone_block":1,"minecraft:cobbled_deepslate_stairs":88,"minecraft:mace":5,"minecraft:bread":5,"minecraft:gravel":8,"minecraft:grindstone":1,"minecraft:andesite":6,"chococraft:gysahl_green":1,"minecraft:bone_meal":7,"minecraft:experience_bottle":6,"minecraft:netherite_sword":356,"minecraft:trident":60,"minecraft:flint_and_steel":11,"minecraft:stone_shovel":100,"minecraft:spruce_planks":2,"minecraft:stone_hoe":25,"minecraft:dirt":420,"minecraft:granite":26,"minecraft:bookshelf":27,"minecraft:polished_blackstone_brick_stairs":2,"minecraft:golden_carrot":41,"minecraft:netherite_pickaxe":12034,"minecraft:cooked_beef":175,"minecraft:powder_snow_bucket":1,"minecraft:iron_leggings":1,"minecraft:baked_potato":428,"minecraft:spruce_sign":5,"minecraft:stonecutter":1,"minecraft:cobblestone_slab":13,"bosses_of_mass_destruction:soul_star":3,"minecraft:cracked_polished_blackstone_bricks":3,"minecraft:map":1,"minecraft:netherite_axe":3,"minecraft:stone_axe":841,"comforts:rope_and_nail":2,"minecraft:fishing_rod":8,"minecraft:bucket":641,"minecraft:pumpkin_pie":12},"minecraft:killed":{"minecraft:cave_spider":7,"minecraft:skeleton":111,"minecraft:guardian":2,"minecraft:chicken":1,"minecraft:skeleton_horse":1,"minecraft:magma_cube":157,"minecraft:iron_golem":1,"minecraft:pillager":72,"minecraft:zombie":153,"minecraft:cow":77,"chococraft:chocobo":1,"minecraft:evoker":8,"minecraft:vindicator":39,"minecraft:husk":35,"minecraft:ravager":6,"minecraft:breeze":20,"minecraft:enderman":43,"minecraft:zombified_piglin":3,"minecraft:witch":13,"minecraft:spider":48,"minecraft:silverfish":2,"minecraft:piglin_brute":22,"artifacts:mimic":2,"minecraft:piglin":88,"minecraft:zombie_villager":4,"minecraft:creeper":24,"minecraft:sheep":2,"minecraft:stray":81,"minecraft:ghast":12,"minecraft:blaze":77,"minecraft:vex":17,"minecraft:slime":23,"minecraft:phantom":9,"minecraft:drowned":18,"minecraft:bat":1,"minecraft:hoglin":20,"minecraft:wither_skeleton":40,"minecraft:player":9},"minecraft:killed_by":{"bosses_of_mass_destruction:lich":1,"minecraft:vindicator":1,"minecraft:vex":1,"bosses_of_mass_destruction:gauntlet":8,"minecraft:creeper":2,"minecraft:player":4,"minecraft:skeleton":1},"minecraft:crafted":{"minecraft:blaze_powder":30,"minecraft:diamond_shovel":2,"minecraft:bookshelf":28,"minecraft:mace":1,"minecraft:diamond_helmet":2,"minecraft:diamond_leggings":3,"minecraft:netherite_boots":1,"minecraft:emerald":408,"minecraft:diamond_axe":1,"minecraft:spruce_door":3,"minecraft:smithing_table":2,"minecraft:copper_ingot":3,"minecraft:fletching_table":1,"minecraft:lectern":1,"minecraft:stone_slab":6,"minecraft:iron_pickaxe":17,"minecraft:iron_block":6,"minecraft:gold_ingot":265,"minecraft:netherite_ingot":9,"minecraft:golden_carrot":37,"hangglider:glider_framework":3,"minecraft:stone_shovel":1,"minecraft:bone_meal":12,"hangglider:glider_wing":6,"minecraft:netherite_axe":1,"minecraft:ladder":69,"minecraft:stone_pickaxe":5,"minecraft:diamond_boots":1,"minecraft:spruce_boat":1,"minecraft:netherite_pickaxe":1,"minecraft:enchanting_table":1,"minecraft:enchanted_book":14,"minecraft:golden_apple":8,"minecraft:iron_leggings":1,"chococraft:chocobo_saddle":1,"minecraft:white_bed":3,"minecraft:grindstone":1,"minecraft:oak_planks":24,"minecraft:cobblestone_slab":12,"hangglider:hang_glider":3,"minecraft:lightning_rod":1,"minecraft:stone":6,"minecraft:bow":5,"minecraft:iron_boots":1,"minecraft:chest":28,"minecraft:netherite_helmet":1,"minecraft:netherite_upgrade_smithing_template":20,"minecraft:ender_eye":16,"minecraft:golden_boots":1,"minecraft:oak_slab":6,"minecraft:crafting_table":2,"minecraft:spruce_planks":6824,"minecraft:baked_potato":414,"minecraft:iron_helmet":1,"minecraft:book":50,"minecraft:iron_chestplate":1,"minecraft:paper":93,"minecraft:diamond_pickaxe":2,"minecraft:shield":4,"minecraft:stick":12852,"minecraft:iron_ingot":853,"minecraft:shears":1,"minecraft:netherite_sword":1,"minecraft:leather_boots":1,"minecraft:furnace":2,"minecraft:flint_and_steel":1,"minecraft:netherite_chestplate":1,"minecraft:netherite_leggings":1,"minecraft:netherite_scrap":27,"minecraft:cooked_beef":7,"minecraft:cooked_cod":5,"minecraft:crimson_planks":16,"minecraft:diamond_sword":2,"minecraft:spruce_sign":6,"minecraft:iron_sword":1,"minecraft:cooked_salmon":3,"minecraft:bucket":1,"minecraft:stone_axe":7,"minecraft:air":0,"minecraft:gold_nugget":279,"minecraft:stonecutter":1,"minecraft:anvil":2,"minecraft:coast_armor_trim_smithing_template":4,"minecraft:torch":256,"minecraft:diamond_chestplate":2}},"DataVersion":3955}