{"stats":{"minecraft:mined":{"minecraft:diamond_ore":1,"minecraft:tuff":8,"minecraft:mossy_cobblestone":5,"minecraft:dark_oak_log":11,"minecraft:granite":6,"minecraft:grass_block":79,"minecraft:spruce_leaves":36,"minecraft:moss_block":1,"minecraft:oxeye_daisy":1,"minecraft:large_fern":4,"minecraft:hay_block":32,"minecraft:redstone_ore":6,"minecraft:spruce_sapling":1,"minecraft:furnace":2,"minecraft:iron_ore":65,"minecraft:barrel":6,"minecraft:andesite":5,"minecraft:azure_bluet":1,"minecraft:gold_block":1,"minecraft:pointed_dripstone":1,"minecraft:potatoes":15,"minecraft:deepslate_iron_ore":10,"minecraft:dirt_path":1,"minecraft:stone":359,"minecraft:deepslate_redstone_ore":1,"minecraft:smoker":1,"minecraft:dandelion":3,"minecraft:powder_snow":19,"minecraft:crafting_table":8,"minecraft:torch":13,"minecraft:short_grass":94,"minecraft:emerald_ore":5,"minecraft:calcite":3,"minecraft:poppy":3,"minecraft:tall_grass":3,"minecraft:cobblestone":5,"minecraft:deepslate_gold_ore":1,"minecraft:lapis_ore":3,"minecraft:sugar_cane":23,"minecraft:diorite":9,"minecraft:wall_torch":18,"minecraft:purple_bed":4,"minecraft:wheat":8,"minecraft:spruce_log":73,"minecraft:oak_log":21,"minecraft:coal_ore":36,"minecraft:dirt":35,"minecraft:smooth_basalt":2,"minecraft:gold_ore":5,"minecraft:deepslate":58,"minecraft:oak_leaves":7,"minecraft:infested_stone":1},"minecraft:custom":{"minecraft:mob_kills":120,"minecraft:interact_with_crafting_table":44,"minecraft:open_barrel":43,"minecraft:leave_game":4,"minecraft:time_since_death":83894,"minecraft:sprint_one_cm":554271,"minecraft:walk_one_cm":492481,"minecraft:damage_blocked_by_shield":734,"minecraft:drop":31,"minecraft:talked_to_villager":3,"minecraft:play_time":190926,"minecraft:deaths":2,"minecraft:sneak_time":5002,"minecraft:walk_under_water_one_cm":32111,"minecraft:boat_one_cm":222116,"minecraft:jump":3654,"minecraft:walk_on_water_one_cm":43842,"minecraft:total_world_time":190926,"minecraft:interact_with_furnace":40,"minecraft:sleep_in_bed":7,"minecraft:time_since_rest":4173,"minecraft:damage_taken":4588,"minecraft:damage_dealt":17721,"minecraft:swim_one_cm":42615,"minecraft:fly_one_cm":628478,"minecraft:open_chest":67,"minecraft:crouch_one_cm":12755,"minecraft:interact_with_smoker":17,"minecraft:use_cauldron":2,"minecraft:fall_one_cm":104313},"minecraft:killed":{"minecraft:witch":2,"minecraft:spider":7,"minecraft:skeleton":19,"minecraft:pig":26,"minecraft:creeper":4,"minecraft:zombie":26,"minecraft:cow":33},"minecraft:dropped":{"minecraft:moss_block":2,"minecraft:wheat_seeds":1,"minecraft:cooked_porkchop":1,"minecraft:cobblestone":3,"minecraft:flint":2,"minecraft:dirt":3,"minecraft:gravel":5,"minecraft:moss_carpet":6,"minecraft:rotten_flesh":22,"minecraft:andesite":2,"minecraft:azalea":2,"minecraft:spider_eye":1,"minecraft:bow":2,"minecraft:stone_pickaxe":1,"minecraft:calcite":1},"minecraft:picked_up":{"minecraft:crafting_table":8,"minecraft:wheat":8,"minecraft:azure_bluet":1,"minecraft:lead":2,"minecraft:gold_block":1,"travelersbackpack:sandstone":1,"minecraft:string":6,"minecraft:raw_copper":2,"minecraft:moss_carpet":6,"minecraft:cobbled_deepslate":58,"minecraft:beef":62,"minecraft:calcite":1,"minecraft:azalea":2,"minecraft:poppy":3,"minecraft:sugar_cane":49,"minecraft:furnace":2,"minecraft:stick":5,"minecraft:raw_iron":299,"minecraft:torch":36,"minecraft:porkchop":52,"minecraft:diorite":13,"minecraft:redstone":98,"minecraft:rotten_flesh":28,"minecraft:arrow":21,"minecraft:hay_block":32,"comforts:sleeping_bag_red":1,"minecraft:cobblestone":365,"minecraft:snowball":6,"minecraft:white_wool":3,"minecraft:pink_petals":4,"minecraft:andesite":5,"minecraft:leather":36,"minecraft:smoker":1,"minecraft:potato":53,"minecraft:flint":2,"minecraft:tuff":7,"minecraft:oak_log":21,"minecraft:gunpowder":7,"minecraft:lapis_lazuli":42,"minecraft:dirt":137,"minecraft:bone":22,"minecraft:bow":4,"minecraft:wheat_seeds":35,"minecraft:raw_gold":16,"minecraft:glass_bottle":1,"minecraft:moss_block":2,"minecraft:smooth_basalt":1,"minecraft:cooked_porkchop":1,"minecraft:dandelion":3,"minecraft:poisonous_potato":1,"minecraft:gravel":5,"minecraft:spruce_sapling":8,"minecraft:spruce_log":72,"minecraft:barrel":6,"minecraft:dark_oak_log":11,"minecraft:spider_eye":1,"minecraft:mossy_cobblestone":5,"minecraft:purple_bed":4,"minecraft:diamond":1,"minecraft:spruce_boat":4,"minecraft:granite":4,"minecraft:emerald":6,"minecraft:oak_sapling":1,"minecraft:coal":420},"minecraft:broken":{"minecraft:stone_sword":2,"minecraft:wooden_pickaxe":1,"minecraft:stone_pickaxe":2,"minecraft:stone_axe":1,"minecraft:iron_pickaxe":2},"minecraft:crafted":{"comforts:sleeping_bag_red":1,"minecraft:oak_planks":8,"minecraft:furnace":2,"minecraft:bone_meal":24,"minecraft:stone_pickaxe":4,"minecraft:chest":2,"minecraft:spruce_boat":1,"minecraft:dark_oak_planks":44,"minecraft:stone_hoe":1,"minecraft:smoker":1,"minecraft:wheat":288,"minecraft:cooked_beef":62,"minecraft:red_dye":3,"minecraft:cooked_porkchop":52,"minecraft:crafting_table":2,"minecraft:spruce_planks":40,"minecraft:wooden_pickaxe":2,"minecraft:iron_helmet":1,"minecraft:iron_sword":1,"minecraft:red_wool":3,"minecraft:bucket":2,"minecraft:stone_axe":2,"minecraft:bread":98,"minecraft:air":0,"minecraft:iron_chestplate":1,"minecraft:shield":1,"minecraft:stick":40,"minecraft:iron_ingot":96,"minecraft:iron_pickaxe":3,"minecraft:stone_sword":2,"minecraft:iron_leggings":1,"minecraft:iron_shovel":1,"minecraft:gold_ingot":9,"minecraft:torch":56,"minecraft:shears":1},"minecraft:killed_by":{"minecraft:skeleton":1,"minecraft:zombie":1},"minecraft:used":{"minecraft:stone_sword":275,"minecraft:iron_shovel":70,"comforts:sleeping_bag_red":1,"minecraft:chest":2,"minecraft:shield":15,"minecraft:iron_sword":150,"minecraft:stone_hoe":67,"minecraft:rotten_flesh":5,"minecraft:torch":55,"minecraft:dirt":69,"minecraft:granite":3,"minecraft:spruce_boat":4,"minecraft:barrel":6,"minecraft:smooth_basalt":1,"minecraft:golden_sword":11,"minecraft:bow":3,"minecraft:furnace":3,"minecraft:cooked_beef":6,"minecraft:potato":66,"minecraft:cobbled_deepslate":18,"minecraft:wheat_seeds":8,"minecraft:water_bucket":9,"minecraft:diorite":13,"minecraft:stone_pickaxe":200,"minecraft:wooden_pickaxe":75,"minecraft:mossy_cobblestone":5,"minecraft:crafting_table":9,"minecraft:spruce_log":2,"minecraft:smoker":2,"minecraft:iron_pickaxe":350,"minecraft:spruce_sapling":2,"minecraft:stone_axe":205,"minecraft:cobblestone":267,"minecraft:purple_bed":4,"minecraft:cooked_porkchop":46,"minecraft:andesite":3,"minecraft:bucket":10,"minecraft:bone_meal":24}},"DataVersion":3955}