{"stats":{"minecraft:mined":{"minecraft:mossy_cobblestone":5,"minecraft:smoker":1,"minecraft:dark_oak_log":11,"minecraft:dandelion":3,"minecraft:powder_snow":19,"minecraft:crafting_table":7,"minecraft:torch":2,"minecraft:granite":2,"minecraft:short_grass":94,"minecraft:emerald_ore":4,"minecraft:grass_block":74,"minecraft:tall_grass":3,"minecraft:spruce_leaves":36,"minecraft:sugar_cane":23,"minecraft:moss_block":1,"minecraft:oxeye_daisy":1,"minecraft:diorite":3,"minecraft:wall_torch":10,"minecraft:large_fern":4,"minecraft:hay_block":32,"minecraft:purple_bed":4,"minecraft:spruce_sapling":1,"minecraft:furnace":2,"minecraft:iron_ore":3,"minecraft:wheat":8,"minecraft:spruce_log":73,"minecraft:azure_bluet":1,"minecraft:gold_block":1,"minecraft:oak_log":21,"minecraft:coal_ore":20,"minecraft:dirt_path":1,"minecraft:dirt":23,"minecraft:stone":192,"minecraft:oak_leaves":7},"minecraft:custom":{"minecraft:interact_with_furnace":23,"minecraft:mob_kills":84,"minecraft:interact_with_crafting_table":30,"minecraft:leave_game":1,"minecraft:time_since_death":95941,"minecraft:sleep_in_bed":4,"minecraft:time_since_rest":18944,"minecraft:sprint_one_cm":301189,"minecraft:damage_taken":1531,"minecraft:walk_one_cm":267703,"minecraft:drop":15,"minecraft:damage_dealt":10974,"minecraft:talked_to_villager":2,"minecraft:swim_one_cm":18399,"minecraft:fly_one_cm":367913,"minecraft:open_chest":27,"minecraft:crouch_one_cm":4442,"minecraft:play_time":95941,"minecraft:sneak_time":1665,"minecraft:walk_under_water_one_cm":10990,"minecraft:boat_one_cm":222116,"minecraft:jump":2023,"minecraft:walk_on_water_one_cm":6642,"minecraft:interact_with_smoker":12,"minecraft:total_world_time":95941,"minecraft:fall_one_cm":47141},"minecraft:killed":{"minecraft:pig":26,"minecraft:spider":5,"minecraft:creeper":3,"minecraft:skeleton":6,"minecraft:zombie":11,"minecraft:cow":33},"minecraft:picked_up":{"minecraft:pink_petals":4,"minecraft:crafting_table":7,"minecraft:wheat":8,"minecraft:azure_bluet":1,"minecraft:leather":36,"minecraft:smoker":1,"minecraft:potato":1,"minecraft:gold_block":1,"minecraft:flint":2,"minecraft:oak_log":21,"minecraft:gunpowder":6,"minecraft:string":5,"minecraft:dirt":108,"minecraft:moss_carpet":6,"minecraft:raw_copper":2,"minecraft:bone":8,"minecraft:bow":3,"minecraft:wheat_seeds":35,"minecraft:beef":62,"minecraft:azalea":2,"minecraft:sugar_cane":49,"minecraft:moss_block":2,"minecraft:furnace":2,"minecraft:raw_iron":12,"minecraft:stick":3,"minecraft:torch":14,"minecraft:dandelion":3,"minecraft:gravel":5,"minecraft:porkchop":52,"minecraft:spruce_sapling":8,"minecraft:diorite":7,"minecraft:spruce_log":72,"minecraft:dark_oak_log":11,"minecraft:spider_eye":1,"minecraft:mossy_cobblestone":5,"minecraft:rotten_flesh":16,"minecraft:arrow":7,"minecraft:purple_bed":4,"minecraft:spruce_boat":4,"minecraft:hay_block":32,"minecraft:emerald":5,"minecraft:oak_sapling":1,"minecraft:coal":216,"minecraft:snowball":6,"minecraft:cobblestone":201},"minecraft:dropped":{"minecraft:gravel":5,"minecraft:moss_carpet":6,"minecraft:moss_block":2,"minecraft:wheat_seeds":1,"minecraft:rotten_flesh":10,"minecraft:flint":2,"minecraft:dirt":3,"minecraft:azalea":2,"minecraft:spider_eye":1,"minecraft:bow":2,"minecraft:stone_pickaxe":1},"minecraft:crafted":{"minecraft:cooked_beef":62,"minecraft:cooked_porkchop":52,"minecraft:crafting_table":2,"minecraft:spruce_planks":40,"minecraft:iron_helmet":1,"minecraft:iron_sword":1,"minecraft:wooden_pickaxe":1,"minecraft:furnace":2,"minecraft:stone_axe":2,"minecraft:bread":98,"minecraft:air":0,"minecraft:shield":1,"minecraft:stick":24,"minecraft:iron_pickaxe":1,"minecraft:iron_ingot":12,"minecraft:stone_pickaxe":3,"minecraft:stone_sword":2,"minecraft:chest":2,"minecraft:iron_shovel":1,"minecraft:spruce_boat":1,"minecraft:dark_oak_planks":44,"minecraft:torch":16,"minecraft:stone_hoe":1,"minecraft:wheat":288,"minecraft:smoker":1},"minecraft:broken":{"minecraft:stone_pickaxe":1,"minecraft:stone_axe":1,"minecraft:stone_sword":2,"minecraft:wooden_pickaxe":1},"minecraft:used":{"minecraft:wheat_seeds":8,"minecraft:diorite":7,"minecraft:stone_sword":275,"minecraft:iron_shovel":70,"minecraft:stone_pickaxe":155,"minecraft:chest":2,"minecraft:wooden_pickaxe":47,"minecraft:iron_sword":10,"minecraft:stone_hoe":15,"minecraft:rotten_flesh":5,"minecraft:torch":15,"minecraft:mossy_cobblestone":5,"minecraft:dirt":65,"minecraft:crafting_table":8,"minecraft:smoker":2,"minecraft:spruce_log":2,"minecraft:spruce_boat":4,"minecraft:iron_pickaxe":49,"minecraft:spruce_sapling":2,"minecraft:stone_axe":188,"minecraft:cobblestone":20,"minecraft:bow":3,"minecraft:purple_bed":4,"minecraft:furnace":3,"minecraft:cooked_porkchop":17,"minecraft:potato":9,"minecraft:cooked_beef":4}},"DataVersion":3955}