{"stats":{"minecraft:mined":{"minecraft:mossy_cobblestone":5,"minecraft:smoker":1,"minecraft:dark_oak_log":11,"minecraft:powder_snow":19,"minecraft:crafting_table":6,"minecraft:torch":2,"minecraft:granite":2,"minecraft:short_grass":9,"minecraft:grass_block":6,"minecraft:tall_grass":2,"minecraft:spruce_leaves":36,"minecraft:sugar_cane":10,"minecraft:moss_block":1,"minecraft:diorite":3,"minecraft:wall_torch":4,"minecraft:large_fern":4,"minecraft:purple_bed":4,"minecraft:spruce_sapling":1,"minecraft:furnace":2,"minecraft:iron_ore":3,"minecraft:wheat":8,"minecraft:spruce_log":73,"minecraft:gold_block":1,"minecraft:oak_log":21,"minecraft:coal_ore":15,"minecraft:dirt_path":1,"minecraft:dirt":23,"minecraft:stone":156,"minecraft:oak_leaves":7},"minecraft:custom":{"minecraft:interact_with_furnace":14,"minecraft:mob_kills":79,"minecraft:interact_with_crafting_table":18,"minecraft:leave_game":1,"minecraft:time_since_death":71941,"minecraft:sleep_in_bed":3,"minecraft:time_since_rest":13130,"minecraft:sprint_one_cm":240409,"minecraft:damage_taken":1202,"minecraft:walk_one_cm":200302,"minecraft:drop":14,"minecraft:damage_dealt":9954,"minecraft:swim_one_cm":18399,"minecraft:fly_one_cm":292397,"minecraft:open_chest":3,"minecraft:crouch_one_cm":1019,"minecraft:play_time":71941,"minecraft:sneak_time":833,"minecraft:walk_under_water_one_cm":10990,"minecraft:boat_one_cm":151941,"minecraft:jump":1643,"minecraft:walk_on_water_one_cm":5495,"minecraft:interact_with_smoker":9,"minecraft:total_world_time":71941,"minecraft:fall_one_cm":36798},"minecraft:killed":{"minecraft:pig":26,"minecraft:spider":2,"minecraft:creeper":2,"minecraft:skeleton":6,"minecraft:zombie":10,"minecraft:cow":33},"minecraft:picked_up":{"minecraft:crafting_table":6,"minecraft:wheat":8,"minecraft:leather":36,"minecraft:smoker":1,"minecraft:gold_block":1,"minecraft:flint":2,"minecraft:oak_log":21,"minecraft:gunpowder":3,"minecraft:string":3,"minecraft:dirt":30,"minecraft:moss_carpet":6,"minecraft:raw_copper":2,"minecraft:bone":8,"minecraft:bow":3,"minecraft:wheat_seeds":23,"minecraft:beef":62,"minecraft:azalea":2,"minecraft:sugar_cane":23,"minecraft:moss_block":2,"minecraft:furnace":2,"minecraft:raw_iron":12,"minecraft:stick":3,"minecraft:torch":8,"minecraft:gravel":5,"minecraft:porkchop":52,"minecraft:spruce_sapling":8,"minecraft:diorite":7,"minecraft:spruce_log":72,"minecraft:dark_oak_log":11,"minecraft:spider_eye":1,"minecraft:mossy_cobblestone":5,"minecraft:rotten_flesh":15,"minecraft:arrow":7,"minecraft:purple_bed":4,"minecraft:spruce_boat":3,"minecraft:oak_sapling":1,"minecraft:coal":174,"minecraft:snowball":6,"minecraft:cobblestone":165},"minecraft:dropped":{"minecraft:gravel":5,"minecraft:moss_carpet":6,"minecraft:moss_block":2,"minecraft:rotten_flesh":10,"minecraft:flint":2,"minecraft:dirt":3,"minecraft:azalea":2,"minecraft:spider_eye":1,"minecraft:bow":2,"minecraft:stone_pickaxe":1},"minecraft:crafted":{"minecraft:cooked_beef":4,"minecraft:cooked_porkchop":27,"minecraft:crafting_table":1,"minecraft:spruce_planks":40,"minecraft:wooden_pickaxe":1,"minecraft:furnace":2,"minecraft:stone_axe":2,"minecraft:air":0,"minecraft:stick":12,"minecraft:iron_pickaxe":1,"minecraft:iron_ingot":4,"minecraft:stone_pickaxe":2,"minecraft:stone_sword":2,"minecraft:spruce_boat":1,"minecraft:torch":4,"minecraft:smoker":1},"minecraft:broken":{"minecraft:stone_pickaxe":1,"minecraft:stone_axe":1,"minecraft:stone_sword":1,"minecraft:wooden_pickaxe":1},"minecraft:used":{"minecraft:wheat_seeds":8,"minecraft:diorite":7,"minecraft:stone_sword":257,"minecraft:stone_pickaxe":135,"minecraft:wooden_pickaxe":47,"minecraft:rotten_flesh":5,"minecraft:torch":8,"minecraft:mossy_cobblestone":5,"minecraft:crafting_table":6,"minecraft:smoker":1,"minecraft:spruce_log":2,"minecraft:spruce_boat":3,"minecraft:iron_pickaxe":24,"minecraft:spruce_sapling":2,"minecraft:stone_axe":152,"minecraft:cobblestone":19,"minecraft:bow":3,"minecraft:purple_bed":3,"minecraft:furnace":2,"minecraft:cooked_porkchop":13,"minecraft:cooked_beef":4}},"DataVersion":3955}