{"stats":{"minecraft:mined":{"minecraft:mossy_cobblestone":5,"minecraft:dark_oak_log":11,"minecraft:powder_snow":19,"minecraft:crafting_table":3,"minecraft:torch":2,"minecraft:short_grass":2,"minecraft:grass_block":2,"minecraft:tall_grass":1,"minecraft:spruce_leaves":36,"minecraft:sugar_cane":8,"minecraft:moss_block":1,"minecraft:diorite":1,"minecraft:wall_torch":2,"minecraft:large_fern":4,"minecraft:purple_bed":3,"minecraft:spruce_sapling":1,"minecraft:furnace":1,"minecraft:iron_ore":2,"minecraft:wheat":8,"minecraft:spruce_log":73,"minecraft:oak_log":7,"minecraft:coal_ore":12,"minecraft:dirt_path":1,"minecraft:dirt":20,"minecraft:stone":135,"minecraft:oak_leaves":4},"minecraft:custom":{"minecraft:interact_with_furnace":8,"minecraft:mob_kills":33,"minecraft:interact_with_crafting_table":12,"minecraft:leave_game":1,"minecraft:time_since_death":47941,"minecraft:sleep_in_bed":2,"minecraft:time_since_rest":2634,"minecraft:sprint_one_cm":150959,"minecraft:damage_taken":929,"minecraft:walk_one_cm":147158,"minecraft:drop":3,"minecraft:damage_dealt":5096,"minecraft:swim_one_cm":4245,"minecraft:fly_one_cm":189739,"minecraft:open_chest":2,"minecraft:crouch_one_cm":709,"minecraft:play_time":47941,"minecraft:sneak_time":239,"minecraft:walk_under_water_one_cm":3471,"minecraft:jump":1124,"minecraft:walk_on_water_one_cm":2713,"minecraft:total_world_time":47941,"minecraft:fall_one_cm":23826},"minecraft:killed":{"minecraft:pig":13,"minecraft:spider":2,"minecraft:creeper":1,"minecraft:skeleton":6,"minecraft:zombie":9,"minecraft:cow":2},"minecraft:picked_up":{"minecraft:crafting_table":3,"minecraft:wheat":8,"minecraft:leather":1,"minecraft:flint":1,"minecraft:oak_log":7,"minecraft:gunpowder":3,"minecraft:string":3,"minecraft:dirt":23,"minecraft:moss_carpet":6,"minecraft:raw_copper":2,"minecraft:bone":8,"minecraft:bow":2,"minecraft:wheat_seeds":23,"minecraft:beef":4,"minecraft:azalea":2,"minecraft:sugar_cane":18,"minecraft:moss_block":1,"minecraft:furnace":1,"minecraft:raw_iron":4,"minecraft:stick":3,"minecraft:torch":4,"minecraft:gravel":5,"minecraft:porkchop":27,"minecraft:spruce_sapling":8,"minecraft:diorite":7,"minecraft:spruce_log":72,"minecraft:dark_oak_log":11,"minecraft:spider_eye":1,"minecraft:mossy_cobblestone":5,"minecraft:rotten_flesh":10,"minecraft:arrow":7,"minecraft:purple_bed":3,"minecraft:coal":142,"minecraft:snowball":6,"minecraft:cobblestone":144},"minecraft:dropped":{"minecraft:gravel":5,"minecraft:moss_carpet":6,"minecraft:azalea":2},"minecraft:crafted":{"minecraft:cooked_porkchop":9,"minecraft:crafting_table":1,"minecraft:spruce_planks":40,"minecraft:wooden_pickaxe":1,"minecraft:furnace":2,"minecraft:stone_axe":1,"minecraft:air":0,"minecraft:stick":12,"minecraft:stone_pickaxe":2,"minecraft:stone_sword":1,"minecraft:torch":4},"minecraft:broken":{"minecraft:stone_pickaxe":1,"minecraft:stone_axe":1,"minecraft:stone_sword":1,"minecraft:wooden_pickaxe":1},"minecraft:used":{"minecraft:wheat_seeds":8,"minecraft:diorite":7,"minecraft:stone_sword":128,"minecraft:stone_pickaxe":125,"minecraft:wooden_pickaxe":47,"minecraft:rotten_flesh":5,"minecraft:torch":4,"minecraft:crafting_table":4,"minecraft:spruce_log":2,"minecraft:spruce_sapling":2,"minecraft:stone_axe":133,"minecraft:cobblestone":3,"minecraft:bow":3,"minecraft:purple_bed":2,"minecraft:furnace":2,"minecraft:cooked_porkchop":9}},"DataVersion":3955}