{"stats":{"minecraft:dropped":{"minecraft:rotten_flesh":2},"minecraft:used":{"minecraft:cobblestone":22,"minecraft:crafting_table":2,"minecraft:stone_pickaxe":15,"minecraft:wooden_pickaxe":32},"minecraft:picked_up":{"minecraft:raw_iron":1,"minecraft:crafting_table":2,"minecraft:rotten_flesh":2,"minecraft:oak_log":5,"minecraft:oak_sapling":2,"minecraft:mutton":4,"minecraft:coal":19,"minecraft:white_wool":4,"minecraft:cobblestone":28},"minecraft:custom":{"minecraft:crouch_one_cm":1909,"minecraft:time_since_rest":10921,"minecraft:play_time":10921,"minecraft:sprint_one_cm":27570,"minecraft:damage_taken":176,"minecraft:walk_one_cm":21705,"minecraft:sneak_time":476,"minecraft:mob_kills":4,"minecraft:drop":2,"minecraft:jump":298,"minecraft:damage_dealt":350,"minecraft:leave_game":2,"minecraft:time_since_death":10921,"minecraft:interact_with_crafting_table":5,"minecraft:total_world_time":10921,"minecraft:climb_one_cm":151,"minecraft:fly_one_cm":58394,"minecraft:fall_one_cm":13060},"minecraft:killed":{"minecraft:sheep":4},"minecraft:crafted":{"minecraft:oak_planks":20,"minecraft:crafting_table":1,"minecraft:stick":4,"minecraft:wooden_pickaxe":1,"minecraft:stone_pickaxe":1},"minecraft:mined":{"minecraft:short_grass":1,"minecraft:oak_log":5,"minecraft:coal_ore":19,"minecraft:iron_ore":1,"minecraft:stone":26,"minecraft:oak_leaves":1,"minecraft:crafting_table":2}},"DataVersion":3955}