{"stats":{"minecraft:mined":{"minecraft:mossy_cobblestone":5,"minecraft:smoker":1,"minecraft:dark_oak_log":11,"minecraft:dandelion":3,"minecraft:powder_snow":19,"minecraft:crafting_table":6,"minecraft:torch":2,"minecraft:granite":2,"minecraft:short_grass":90,"minecraft:grass_block":6,"minecraft:tall_grass":3,"minecraft:spruce_leaves":36,"minecraft:sugar_cane":23,"minecraft:moss_block":1,"minecraft:oxeye_daisy":1,"minecraft:diorite":3,"minecraft:wall_torch":9,"minecraft:large_fern":4,"minecraft:hay_block":32,"minecraft:purple_bed":4,"minecraft:spruce_sapling":1,"minecraft:furnace":2,"minecraft:iron_ore":3,"minecraft:wheat":8,"minecraft:spruce_log":73,"minecraft:azure_bluet":1,"minecraft:gold_block":1,"minecraft:oak_log":21,"minecraft:coal_ore":15,"minecraft:dirt_path":1,"minecraft:dirt":23,"minecraft:stone":156,"minecraft:oak_leaves":7},"minecraft:custom":{"minecraft:interact_with_furnace":20,"minecraft:mob_kills":83,"minecraft:interact_with_crafting_table":26,"minecraft:leave_game":1,"minecraft:time_since_death":83941,"minecraft:sleep_in_bed":4,"minecraft:time_since_rest":6944,"minecraft:sprint_one_cm":278938,"minecraft:damage_taken":1399,"minecraft:walk_one_cm":236696,"minecraft:drop":15,"minecraft:damage_dealt":10814,"minecraft:swim_one_cm":18399,"minecraft:fly_one_cm":337689,"minecraft:open_chest":15,"minecraft:crouch_one_cm":1238,"minecraft:play_time":83941,"minecraft:sneak_time":901,"minecraft:walk_under_water_one_cm":10990,"minecraft:boat_one_cm":222116,"minecraft:jump":1852,"minecraft:walk_on_water_one_cm":6642,"minecraft:interact_with_smoker":11,"minecraft:total_world_time":83941,"minecraft:fall_one_cm":40109},"minecraft:killed":{"minecraft:pig":26,"minecraft:spider":4,"minecraft:creeper":3,"minecraft:skeleton":6,"minecraft:zombie":11,"minecraft:cow":33},"minecraft:picked_up":{"minecraft:pink_petals":4,"minecraft:crafting_table":6,"minecraft:wheat":8,"minecraft:azure_bluet":1,"minecraft:leather":36,"minecraft:smoker":1,"minecraft:gold_block":1,"minecraft:flint":2,"minecraft:oak_log":21,"minecraft:gunpowder":6,"minecraft:string":3,"minecraft:dirt":40,"minecraft:moss_carpet":6,"minecraft:raw_copper":2,"minecraft:bone":8,"minecraft:bow":3,"minecraft:wheat_seeds":34,"minecraft:beef":62,"minecraft:azalea":2,"minecraft:sugar_cane":49,"minecraft:moss_block":2,"minecraft:furnace":2,"minecraft:raw_iron":12,"minecraft:stick":3,"minecraft:torch":13,"minecraft:dandelion":3,"minecraft:gravel":5,"minecraft:porkchop":52,"minecraft:spruce_sapling":8,"minecraft:diorite":7,"minecraft:spruce_log":72,"minecraft:dark_oak_log":11,"minecraft:spider_eye":1,"minecraft:mossy_cobblestone":5,"minecraft:rotten_flesh":16,"minecraft:arrow":7,"minecraft:purple_bed":4,"minecraft:spruce_boat":4,"minecraft:hay_block":32,"minecraft:oak_sapling":1,"minecraft:coal":174,"minecraft:snowball":6,"minecraft:cobblestone":165},"minecraft:dropped":{"minecraft:gravel":5,"minecraft:moss_carpet":6,"minecraft:moss_block":2,"minecraft:wheat_seeds":1,"minecraft:rotten_flesh":10,"minecraft:flint":2,"minecraft:dirt":3,"minecraft:azalea":2,"minecraft:spider_eye":1,"minecraft:bow":2,"minecraft:stone_pickaxe":1},"minecraft:crafted":{"minecraft:cooked_beef":4,"minecraft:cooked_porkchop":27,"minecraft:crafting_table":1,"minecraft:spruce_planks":40,"minecraft:iron_helmet":1,"minecraft:iron_sword":1,"minecraft:wooden_pickaxe":1,"minecraft:furnace":2,"minecraft:stone_axe":2,"minecraft:air":0,"minecraft:stick":20,"minecraft:iron_pickaxe":1,"minecraft:iron_ingot":12,"minecraft:stone_pickaxe":2,"minecraft:stone_sword":2,"minecraft:chest":1,"minecraft:iron_shovel":1,"minecraft:spruce_boat":1,"minecraft:dark_oak_planks":44,"minecraft:torch":4,"minecraft:stone_hoe":1,"minecraft:smoker":1},"minecraft:broken":{"minecraft:stone_pickaxe":1,"minecraft:stone_axe":1,"minecraft:stone_sword":2,"minecraft:wooden_pickaxe":1},"minecraft:used":{"minecraft:wheat_seeds":8,"minecraft:diorite":7,"minecraft:stone_sword":275,"minecraft:iron_shovel":1,"minecraft:stone_pickaxe":135,"minecraft:chest":1,"minecraft:wooden_pickaxe":47,"minecraft:iron_sword":7,"minecraft:stone_hoe":1,"minecraft:rotten_flesh":5,"minecraft:torch":14,"minecraft:mossy_cobblestone":5,"minecraft:crafting_table":7,"minecraft:smoker":2,"minecraft:spruce_log":2,"minecraft:spruce_boat":4,"minecraft:iron_pickaxe":24,"minecraft:spruce_sapling":2,"minecraft:stone_axe":187,"minecraft:cobblestone":19,"minecraft:bow":3,"minecraft:purple_bed":4,"minecraft:furnace":3,"minecraft:cooked_porkchop":15,"minecraft:cooked_beef":4}},"DataVersion":3955}