{"stats":{"minecraft:mined":{"minecraft:dark_oak_planks":1,"minecraft:diamond_ore":1,"minecraft:tuff":30,"minecraft:oak_sapling":1,"minecraft:mossy_cobblestone":5,"minecraft:deepslate_diamond_ore":3,"minecraft:cherry_log":47,"minecraft:cherry_sapling":5,"minecraft:dark_oak_log":11,"minecraft:granite":10,"minecraft:grass_block":476,"minecraft:spruce_leaves":36,"minecraft:moss_block":1,"minecraft:oxeye_daisy":1,"minecraft:large_fern":4,"minecraft:hay_block":39,"minecraft:raw_iron_block":1,"minecraft:redstone_ore":6,"minecraft:spruce_sapling":1,"minecraft:furnace":3,"minecraft:cobbled_deepslate":4,"minecraft:iron_ore":66,"minecraft:barrel":10,"minecraft:andesite":23,"minecraft:azure_bluet":1,"minecraft:gold_block":1,"minecraft:pointed_dripstone":1,"minecraft:potatoes":48,"minecraft:deepslate_iron_ore":25,"minecraft:dirt_path":3,"minecraft:stone":426,"minecraft:deepslate_redstone_ore":6,"minecraft:cherry_planks":1,"minecraft:smoker":1,"minecraft:dandelion":3,"minecraft:powder_snow":19,"minecraft:crafting_table":10,"minecraft:torch":30,"minecraft:short_grass":164,"minecraft:emerald_ore":5,"minecraft:calcite":3,"minecraft:poppy":3,"minecraft:tall_grass":10,"minecraft:cobblestone":5,"minecraft:deepslate_gold_ore":4,"minecraft:lapis_ore":3,"minecraft:sugar_cane":23,"minecraft:diorite":9,"minecraft:wall_torch":28,"minecraft:pink_petals":49,"minecraft:purple_bed":4,"minecraft:wheat":8,"minecraft:spruce_log":73,"minecraft:oak_log":88,"minecraft:coal_ore":39,"minecraft:cherry_leaves":8,"minecraft:gravel":3,"minecraft:dirt":55,"minecraft:smooth_basalt":2,"minecraft:gold_ore":5,"minecraft:deepslate":169,"minecraft:oak_leaves":37,"minecraft:infested_stone":1},"minecraft:custom":{"minecraft:mob_kills":162,"minecraft:interact_with_crafting_table":60,"minecraft:open_barrel":87,"minecraft:leave_game":4,"minecraft:time_since_death":33646,"minecraft:sprint_one_cm":861672,"minecraft:walk_one_cm":749583,"minecraft:damage_blocked_by_shield":734,"minecraft:drop":37,"minecraft:talked_to_villager":3,"minecraft:play_time":268926,"minecraft:deaths":3,"minecraft:sneak_time":5995,"minecraft:walk_under_water_one_cm":33649,"minecraft:boat_one_cm":222116,"minecraft:jump":5242,"minecraft:walk_on_water_one_cm":44653,"minecraft:total_world_time":268926,"minecraft:interact_with_furnace":60,"minecraft:sleep_in_bed":11,"minecraft:time_since_rest":15120,"minecraft:damage_taken":6164,"minecraft:damage_dealt":24358,"minecraft:swim_one_cm":42615,"minecraft:fly_one_cm":967232,"minecraft:open_chest":104,"minecraft:crouch_one_cm":15519,"minecraft:interact_with_smoker":23,"minecraft:use_cauldron":2,"minecraft:fall_one_cm":139857},"minecraft:killed":{"minecraft:witch":2,"minecraft:spider":11,"minecraft:skeleton":21,"minecraft:pig":26,"minecraft:creeper":9,"minecraft:zombie":57,"minecraft:cow":33},"minecraft:dropped":{"minecraft:moss_block":2,"minecraft:wheat_seeds":1,"minecraft:cooked_porkchop":1,"minecraft:cobblestone":3,"minecraft:flint":2,"minecraft:dirt":3,"minecraft:gravel":7,"minecraft:moss_carpet":6,"minecraft:cobbled_deepslate":40,"minecraft:tuff":21,"minecraft:rotten_flesh":24,"minecraft:andesite":2,"minecraft:azalea":2,"minecraft:spider_eye":1,"minecraft:bow":2,"minecraft:stone_pickaxe":1,"minecraft:calcite":1},"minecraft:picked_up":{"minecraft:crafting_table":10,"minecraft:wheat":8,"minecraft:azure_bluet":1,"minecraft:lead":2,"minecraft:gold_block":1,"travelersbackpack:sandstone":1,"minecraft:string":10,"minecraft:raw_copper":2,"minecraft:moss_carpet":6,"minecraft:iron_shovel":1,"minecraft:cobbled_deepslate":182,"minecraft:beef":62,"minecraft:calcite":1,"minecraft:azalea":2,"minecraft:poppy":3,"minecraft:sugar_cane":49,"minecraft:egg":2,"minecraft:furnace":3,"minecraft:stick":16,"minecraft:raw_iron":343,"minecraft:torch":64,"minecraft:porkchop":52,"minecraft:cherry_log":47,"minecraft:diorite":13,"minecraft:carrot":1,"minecraft:redstone":197,"minecraft:dark_oak_planks":1,"minecraft:rotten_flesh":55,"minecraft:arrow":23,"minecraft:hay_block":39,"comforts:sleeping_bag_red":2,"minecraft:cobblestone":432,"minecraft:snowball":6,"minecraft:white_wool":3,"minecraft:pink_petals":587,"minecraft:cherry_planks":1,"minecraft:andesite":23,"minecraft:leather":36,"minecraft:smoker":1,"minecraft:potato":174,"minecraft:flint":2,"minecraft:tuff":26,"minecraft:oak_log":88,"minecraft:golden_boots":1,"minecraft:gunpowder":11,"minecraft:lapis_lazuli":42,"minecraft:dirt":556,"minecraft:bone":25,"minecraft:bow":4,"minecraft:wheat_seeds":55,"minecraft:raw_gold":30,"minecraft:glass_bottle":1,"minecraft:moss_block":2,"minecraft:smooth_basalt":1,"minecraft:cooked_porkchop":1,"minecraft:dandelion":3,"minecraft:raw_iron_block":1,"minecraft:poisonous_potato":2,"minecraft:gravel":7,"minecraft:spruce_sapling":8,"minecraft:spruce_log":72,"minecraft:barrel":10,"minecraft:dark_oak_log":11,"minecraft:spider_eye":2,"minecraft:mossy_cobblestone":5,"minecraft:purple_bed":4,"minecraft:diamond":13,"minecraft:spruce_boat":4,"minecraft:granite":8,"minecraft:cherry_sapling":17,"minecraft:emerald":6,"minecraft:oak_sapling":12,"minecraft:coal":455},"minecraft:broken":{"minecraft:iron_shovel":2,"minecraft:stone_sword":2,"minecraft:wooden_pickaxe":1,"minecraft:stone_pickaxe":2,"minecraft:stone_axe":2,"minecraft:iron_sword":1,"minecraft:iron_pickaxe":4},"minecraft:crafted":{"comforts:sleeping_bag_red":1,"minecraft:cherry_planks":4,"minecraft:oak_planks":8,"minecraft:raw_iron":9,"minecraft:furnace":3,"minecraft:bone_meal":33,"minecraft:diamond_shovel":1,"minecraft:iron_axe":1,"minecraft:stone_pickaxe":4,"minecraft:chest":2,"minecraft:spruce_boat":1,"minecraft:dark_oak_planks":44,"minecraft:stone_hoe":1,"minecraft:smoker":1,"minecraft:wheat":351,"minecraft:cooked_beef":62,"minecraft:red_dye":3,"minecraft:diamond_sword":1,"minecraft:cooked_porkchop":52,"minecraft:crafting_table":2,"minecraft:spruce_planks":40,"minecraft:baked_potato":40,"minecraft:wooden_pickaxe":2,"minecraft:iron_helmet":1,"minecraft:iron_sword":1,"minecraft:red_wool":3,"minecraft:bucket":2,"minecraft:stone_axe":2,"minecraft:bread":103,"minecraft:air":0,"minecraft:iron_chestplate":1,"minecraft:shield":1,"minecraft:stick":52,"minecraft:iron_ingot":220,"minecraft:iron_pickaxe":6,"minecraft:stone_sword":2,"minecraft:iron_leggings":1,"minecraft:iron_shovel":1,"minecraft:gold_ingot":9,"minecraft:torch":56,"minecraft:shears":1},"minecraft:killed_by":{"minecraft:creeper":1,"minecraft:skeleton":1,"minecraft:zombie":1},"minecraft:used":{"minecraft:cherry_sapling":14,"minecraft:stone_sword":275,"minecraft:iron_shovel":271,"comforts:sleeping_bag_red":2,"minecraft:chest":2,"minecraft:shield":16,"minecraft:iron_sword":258,"minecraft:stone_hoe":117,"minecraft:rotten_flesh":5,"minecraft:torch":102,"minecraft:dirt":245,"minecraft:tuff":5,"minecraft:granite":7,"minecraft:spruce_boat":4,"minecraft:dark_oak_planks":1,"minecraft:iron_axe":151,"minecraft:barrel":7,"minecraft:smooth_basalt":1,"minecraft:golden_sword":11,"minecraft:bow":23,"minecraft:oak_sapling":11,"minecraft:furnace":5,"minecraft:cooked_beef":6,"minecraft:potato":145,"minecraft:cobbled_deepslate":142,"minecraft:wheat_seeds":8,"minecraft:water_bucket":17,"minecraft:diorite":13,"minecraft:baked_potato":17,"minecraft:stone_pickaxe":200,"minecraft:cherry_planks":1,"minecraft:wooden_pickaxe":75,"minecraft:mossy_cobblestone":5,"minecraft:crafting_table":12,"minecraft:spruce_log":2,"minecraft:smoker":2,"minecraft:diamond_shovel":289,"minecraft:bread":5,"minecraft:iron_pickaxe":611,"minecraft:spruce_sapling":2,"minecraft:pink_petals":214,"minecraft:stone_axe":237,"minecraft:diamond_sword":19,"minecraft:cobblestone":285,"minecraft:purple_bed":4,"minecraft:cooked_porkchop":52,"minecraft:andesite":21,"minecraft:bucket":17,"travelersbackpack:sandstone":1,"minecraft:bone_meal":33}},"DataVersion":3955}