{"stats":{"minecraft:mined":{"minecraft:mossy_cobblestone":5,"minecraft:smoker":1,"minecraft:dark_oak_log":11,"minecraft:dandelion":3,"minecraft:powder_snow":19,"minecraft:crafting_table":7,"minecraft:torch":2,"minecraft:granite":2,"minecraft:short_grass":94,"minecraft:emerald_ore":4,"minecraft:grass_block":74,"minecraft:tall_grass":3,"minecraft:cobblestone":2,"minecraft:lapis_ore":1,"minecraft:spruce_leaves":36,"minecraft:sugar_cane":23,"minecraft:moss_block":1,"minecraft:oxeye_daisy":1,"minecraft:diorite":3,"minecraft:wall_torch":13,"minecraft:large_fern":4,"minecraft:hay_block":32,"minecraft:purple_bed":4,"minecraft:redstone_ore":1,"minecraft:spruce_sapling":1,"minecraft:furnace":2,"minecraft:iron_ore":18,"minecraft:wheat":8,"minecraft:spruce_log":73,"minecraft:azure_bluet":1,"minecraft:gold_block":1,"minecraft:pointed_dripstone":1,"minecraft:oak_log":21,"minecraft:coal_ore":25,"minecraft:deepslate_iron_ore":1,"minecraft:dirt_path":1,"minecraft:dirt":32,"minecraft:stone":217,"minecraft:oak_leaves":7},"minecraft:custom":{"minecraft:interact_with_furnace":23,"minecraft:mob_kills":87,"minecraft:interact_with_crafting_table":35,"minecraft:leave_game":1,"minecraft:time_since_death":909,"minecraft:sleep_in_bed":4,"minecraft:time_since_rest":941,"minecraft:sprint_one_cm":321296,"minecraft:damage_taken":2563,"minecraft:walk_one_cm":299260,"minecraft:damage_blocked_by_shield":45,"minecraft:drop":15,"minecraft:damage_dealt":11564,"minecraft:talked_to_villager":2,"minecraft:swim_one_cm":18399,"minecraft:fly_one_cm":385734,"minecraft:deaths":2,"minecraft:open_chest":32,"minecraft:crouch_one_cm":8183,"minecraft:play_time":107941,"minecraft:sneak_time":2540,"minecraft:walk_under_water_one_cm":13462,"minecraft:boat_one_cm":222116,"minecraft:jump":2193,"minecraft:walk_on_water_one_cm":12979,"minecraft:interact_with_smoker":13,"minecraft:total_world_time":107941,"minecraft:fall_one_cm":60211},"minecraft:killed":{"minecraft:pig":26,"minecraft:spider":5,"minecraft:creeper":3,"minecraft:skeleton":6,"minecraft:zombie":14,"minecraft:cow":33},"minecraft:picked_up":{"minecraft:pink_petals":4,"minecraft:crafting_table":7,"minecraft:wheat":8,"minecraft:azure_bluet":1,"minecraft:leather":36,"minecraft:smoker":1,"minecraft:potato":1,"minecraft:gold_block":1,"minecraft:flint":2,"minecraft:oak_log":21,"minecraft:gunpowder":6,"minecraft:lapis_lazuli":25,"minecraft:string":5,"minecraft:dirt":117,"minecraft:moss_carpet":6,"minecraft:raw_copper":2,"minecraft:bone":8,"minecraft:bow":3,"minecraft:wheat_seeds":35,"minecraft:beef":62,"minecraft:azalea":2,"minecraft:sugar_cane":49,"minecraft:moss_block":2,"minecraft:furnace":2,"minecraft:raw_iron":90,"minecraft:stick":3,"minecraft:torch":17,"minecraft:dandelion":3,"minecraft:gravel":5,"minecraft:porkchop":52,"minecraft:spruce_sapling":8,"minecraft:redstone":24,"minecraft:diorite":7,"minecraft:spruce_log":72,"minecraft:dark_oak_log":11,"minecraft:spider_eye":1,"minecraft:mossy_cobblestone":5,"minecraft:rotten_flesh":16,"minecraft:arrow":7,"minecraft:purple_bed":4,"minecraft:spruce_boat":4,"minecraft:hay_block":32,"minecraft:emerald":5,"minecraft:oak_sapling":1,"minecraft:coal":266,"minecraft:snowball":6,"minecraft:cobblestone":227},"minecraft:dropped":{"minecraft:gravel":5,"minecraft:moss_carpet":6,"minecraft:moss_block":2,"minecraft:wheat_seeds":1,"minecraft:rotten_flesh":10,"minecraft:flint":2,"minecraft:dirt":3,"minecraft:azalea":2,"minecraft:spider_eye":1,"minecraft:bow":2,"minecraft:stone_pickaxe":1},"minecraft:crafted":{"minecraft:cooked_beef":62,"minecraft:oak_planks":8,"minecraft:cooked_porkchop":52,"minecraft:crafting_table":2,"minecraft:spruce_planks":40,"minecraft:iron_helmet":1,"minecraft:iron_sword":1,"minecraft:wooden_pickaxe":2,"minecraft:furnace":2,"minecraft:stone_axe":2,"minecraft:bread":98,"minecraft:air":0,"minecraft:shield":1,"minecraft:stick":28,"minecraft:iron_pickaxe":1,"minecraft:iron_ingot":12,"minecraft:stone_pickaxe":3,"minecraft:stone_sword":2,"minecraft:chest":2,"minecraft:iron_shovel":1,"minecraft:spruce_boat":1,"minecraft:dark_oak_planks":44,"minecraft:torch":16,"minecraft:stone_hoe":1,"minecraft:wheat":288,"minecraft:smoker":1},"minecraft:broken":{"minecraft:stone_pickaxe":1,"minecraft:stone_axe":1,"minecraft:stone_sword":2,"minecraft:wooden_pickaxe":1},"minecraft:killed_by":{"minecraft:skeleton":1,"minecraft:zombie":1},"minecraft:used":{"minecraft:wheat_seeds":8,"minecraft:diorite":7,"minecraft:stone_sword":275,"minecraft:iron_shovel":70,"minecraft:stone_pickaxe":172,"minecraft:shield":1,"minecraft:chest":2,"minecraft:wooden_pickaxe":47,"minecraft:iron_sword":24,"minecraft:stone_hoe":15,"minecraft:rotten_flesh":5,"minecraft:torch":20,"minecraft:mossy_cobblestone":5,"minecraft:dirt":65,"minecraft:crafting_table":8,"minecraft:smoker":2,"minecraft:spruce_log":2,"minecraft:spruce_boat":4,"minecraft:iron_pickaxe":83,"minecraft:spruce_sapling":2,"minecraft:stone_axe":197,"minecraft:cobblestone":78,"minecraft:bow":3,"minecraft:purple_bed":4,"minecraft:furnace":3,"minecraft:cooked_porkchop":22,"minecraft:potato":9,"minecraft:cooked_beef":4}},"DataVersion":3955}