{"stats":{"minecraft:mined":{"minecraft:mossy_cobblestone":5,"minecraft:dark_oak_log":11,"minecraft:granite":2,"minecraft:grass_block":75,"minecraft:spruce_leaves":36,"minecraft:moss_block":1,"minecraft:oxeye_daisy":1,"minecraft:large_fern":4,"minecraft:hay_block":32,"minecraft:redstone_ore":1,"minecraft:spruce_sapling":1,"minecraft:furnace":2,"minecraft:iron_ore":19,"minecraft:barrel":6,"minecraft:azure_bluet":1,"minecraft:gold_block":1,"minecraft:pointed_dripstone":1,"minecraft:deepslate_iron_ore":1,"minecraft:dirt_path":1,"minecraft:stone":284,"minecraft:smoker":1,"minecraft:dandelion":3,"minecraft:powder_snow":19,"minecraft:crafting_table":8,"minecraft:torch":4,"minecraft:short_grass":94,"minecraft:emerald_ore":4,"minecraft:tall_grass":3,"minecraft:cobblestone":2,"minecraft:lapis_ore":1,"minecraft:sugar_cane":23,"minecraft:diorite":3,"minecraft:wall_torch":14,"minecraft:purple_bed":4,"minecraft:wheat":8,"minecraft:spruce_log":73,"minecraft:oak_log":21,"minecraft:coal_ore":26,"minecraft:dirt":35,"minecraft:oak_leaves":7},"minecraft:custom":{"minecraft:mob_kills":89,"minecraft:interact_with_crafting_table":36,"minecraft:open_barrel":20,"minecraft:leave_game":2,"minecraft:time_since_death":24603,"minecraft:sprint_one_cm":350680,"minecraft:walk_one_cm":326644,"minecraft:damage_blocked_by_shield":119,"minecraft:drop":15,"minecraft:talked_to_villager":2,"minecraft:play_time":131635,"minecraft:deaths":2,"minecraft:sneak_time":3742,"minecraft:walk_under_water_one_cm":19031,"minecraft:boat_one_cm":222116,"minecraft:jump":2455,"minecraft:walk_on_water_one_cm":24235,"minecraft:total_world_time":131635,"minecraft:interact_with_furnace":29,"minecraft:sleep_in_bed":4,"minecraft:time_since_rest":24635,"minecraft:damage_taken":2780,"minecraft:damage_dealt":11957,"minecraft:swim_one_cm":19919,"minecraft:fly_one_cm":419871,"minecraft:open_chest":40,"minecraft:crouch_one_cm":10514,"minecraft:interact_with_smoker":14,"minecraft:fall_one_cm":69183},"minecraft:killed":{"minecraft:spider":6,"minecraft:skeleton":6,"minecraft:pig":26,"minecraft:creeper":3,"minecraft:zombie":14,"minecraft:cow":33},"minecraft:dropped":{"minecraft:moss_block":2,"minecraft:wheat_seeds":1,"minecraft:flint":2,"minecraft:dirt":3,"minecraft:gravel":5,"minecraft:moss_carpet":6,"minecraft:rotten_flesh":10,"minecraft:azalea":2,"minecraft:spider_eye":1,"minecraft:bow":2,"minecraft:stone_pickaxe":1},"minecraft:picked_up":{"minecraft:crafting_table":8,"minecraft:wheat":8,"minecraft:azure_bluet":1,"minecraft:gold_block":1,"minecraft:raw_copper":2,"minecraft:string":6,"minecraft:moss_carpet":6,"minecraft:beef":62,"minecraft:azalea":2,"minecraft:sugar_cane":49,"minecraft:furnace":2,"minecraft:raw_iron":96,"minecraft:stick":3,"minecraft:torch":22,"minecraft:porkchop":52,"minecraft:diorite":7,"minecraft:redstone":24,"minecraft:rotten_flesh":16,"minecraft:arrow":7,"minecraft:hay_block":32,"minecraft:cobblestone":293,"minecraft:snowball":6,"minecraft:pink_petals":4,"minecraft:leather":36,"minecraft:smoker":1,"minecraft:potato":1,"minecraft:flint":2,"minecraft:oak_log":21,"minecraft:gunpowder":6,"minecraft:lapis_lazuli":25,"minecraft:dirt":133,"minecraft:bone":8,"minecraft:bow":3,"minecraft:wheat_seeds":35,"minecraft:moss_block":2,"minecraft:dandelion":3,"minecraft:gravel":5,"minecraft:spruce_sapling":8,"minecraft:spruce_log":72,"minecraft:barrel":6,"minecraft:dark_oak_log":11,"minecraft:spider_eye":1,"minecraft:mossy_cobblestone":5,"minecraft:purple_bed":4,"minecraft:spruce_boat":4,"minecraft:emerald":5,"minecraft:oak_sapling":1,"minecraft:coal":288},"minecraft:broken":{"minecraft:stone_sword":2,"minecraft:wooden_pickaxe":1,"minecraft:stone_pickaxe":1,"minecraft:stone_axe":1,"minecraft:iron_pickaxe":1},"minecraft:crafted":{"minecraft:oak_planks":8,"minecraft:furnace":2,"minecraft:stone_pickaxe":4,"minecraft:chest":2,"minecraft:spruce_boat":1,"minecraft:dark_oak_planks":44,"minecraft:stone_hoe":1,"minecraft:smoker":1,"minecraft:wheat":288,"minecraft:cooked_beef":62,"minecraft:cooked_porkchop":52,"minecraft:crafting_table":2,"minecraft:spruce_planks":40,"minecraft:wooden_pickaxe":2,"minecraft:iron_helmet":1,"minecraft:iron_sword":1,"minecraft:stone_axe":2,"minecraft:bread":98,"minecraft:air":0,"minecraft:shield":1,"minecraft:stick":28,"minecraft:iron_ingot":27,"minecraft:iron_pickaxe":1,"minecraft:stone_sword":2,"minecraft:iron_shovel":1,"minecraft:gold_ingot":9,"minecraft:torch":24},"minecraft:killed_by":{"minecraft:skeleton":1,"minecraft:zombie":1},"minecraft:used":{"minecraft:stone_sword":275,"minecraft:iron_shovel":70,"minecraft:chest":2,"minecraft:shield":3,"minecraft:iron_sword":24,"minecraft:stone_hoe":15,"minecraft:rotten_flesh":5,"minecraft:torch":27,"minecraft:dirt":65,"minecraft:spruce_boat":4,"minecraft:barrel":6,"minecraft:golden_sword":11,"minecraft:bow":3,"minecraft:furnace":3,"minecraft:cooked_beef":6,"minecraft:potato":9,"minecraft:wheat_seeds":8,"minecraft:diorite":7,"minecraft:stone_pickaxe":189,"minecraft:wooden_pickaxe":75,"minecraft:mossy_cobblestone":5,"minecraft:crafting_table":9,"minecraft:spruce_log":2,"minecraft:smoker":2,"minecraft:iron_pickaxe":109,"minecraft:spruce_sapling":2,"minecraft:stone_axe":204,"minecraft:cobblestone":157,"minecraft:purple_bed":4,"minecraft:cooked_porkchop":23}},"DataVersion":3955}