{"stats":{"minecraft:mined":{"minecraft:spruce_sapling":1,"minecraft:iron_ore":2,"minecraft:spruce_log":55,"minecraft:powder_snow":1,"minecraft:torch":1,"minecraft:crafting_table":2,"minecraft:grass_block":2,"minecraft:coal_ore":5,"minecraft:dirt":1,"minecraft:spruce_leaves":27,"minecraft:stone":117,"minecraft:diorite":1},"minecraft:custom":{"minecraft:time_since_rest":23941,"minecraft:interact_with_furnace":6,"minecraft:sprint_one_cm":58479,"minecraft:damage_taken":209,"minecraft:walk_one_cm":89309,"minecraft:mob_kills":10,"minecraft:damage_dealt":1834,"minecraft:interact_with_crafting_table":9,"minecraft:fly_one_cm":72072,"minecraft:crouch_one_cm":373,"minecraft:play_time":23941,"minecraft:sneak_time":84,"minecraft:jump":482,"minecraft:walk_on_water_one_cm":328,"minecraft:leave_game":1,"minecraft:time_since_death":23941,"minecraft:total_world_time":23941,"minecraft:fall_one_cm":6959},"minecraft:killed":{"minecraft:pig":4,"minecraft:zombie":6},"minecraft:picked_up":{"minecraft:stick":1,"minecraft:crafting_table":2,"minecraft:raw_iron":4,"minecraft:torch":1,"minecraft:porkchop":9,"minecraft:spruce_sapling":5,"minecraft:diorite":7,"minecraft:spruce_log":54,"minecraft:dirt":3,"minecraft:raw_copper":2,"minecraft:rotten_flesh":5,"minecraft:coal":56,"minecraft:snowball":6,"minecraft:cobblestone":124},"minecraft:crafted":{"minecraft:cooked_porkchop":8,"minecraft:crafting_table":1,"minecraft:spruce_planks":40,"minecraft:stick":12,"minecraft:wooden_pickaxe":1,"minecraft:stone_pickaxe":2,"minecraft:stone_sword":1,"minecraft:furnace":1,"minecraft:torch":4,"minecraft:stone_axe":1,"minecraft:air":0},"minecraft:broken":{"minecraft:stone_pickaxe":1,"minecraft:wooden_pickaxe":1},"minecraft:used":{"minecraft:diorite":7,"minecraft:stone_sword":37,"minecraft:stone_pickaxe":90,"minecraft:wooden_pickaxe":47,"minecraft:spruce_sapling":2,"minecraft:rotten_flesh":5,"minecraft:stone_axe":69,"minecraft:torch":1,"minecraft:crafting_table":3,"minecraft:furnace":1,"minecraft:cooked_porkchop":2,"minecraft:spruce_log":2}},"DataVersion":3955}