{"stats":{"minecraft:mined":{"minecraft:mossy_cobblestone":5,"minecraft:smoker":1,"minecraft:dark_oak_log":11,"minecraft:powder_snow":19,"minecraft:crafting_table":5,"minecraft:torch":2,"minecraft:short_grass":3,"minecraft:grass_block":4,"minecraft:tall_grass":1,"minecraft:spruce_leaves":36,"minecraft:sugar_cane":10,"minecraft:moss_block":1,"minecraft:diorite":1,"minecraft:wall_torch":2,"minecraft:large_fern":4,"minecraft:purple_bed":4,"minecraft:spruce_sapling":1,"minecraft:furnace":2,"minecraft:iron_ore":2,"minecraft:wheat":8,"minecraft:spruce_log":73,"minecraft:oak_log":21,"minecraft:coal_ore":14,"minecraft:dirt_path":1,"minecraft:dirt":21,"minecraft:stone":141,"minecraft:oak_leaves":7},"minecraft:custom":{"minecraft:interact_with_furnace":14,"minecraft:mob_kills":57,"minecraft:interact_with_crafting_table":18,"minecraft:leave_game":1,"minecraft:time_since_death":59941,"minecraft:sleep_in_bed":3,"minecraft:time_since_rest":1130,"minecraft:sprint_one_cm":198215,"minecraft:damage_taken":1009,"minecraft:walk_one_cm":182633,"minecraft:drop":12,"minecraft:damage_dealt":7724,"minecraft:swim_one_cm":4245,"minecraft:fly_one_cm":223994,"minecraft:open_chest":2,"minecraft:crouch_one_cm":759,"minecraft:play_time":59941,"minecraft:sneak_time":244,"minecraft:walk_under_water_one_cm":3471,"minecraft:boat_one_cm":50629,"minecraft:jump":1366,"minecraft:walk_on_water_one_cm":3231,"minecraft:interact_with_smoker":9,"minecraft:total_world_time":59941,"minecraft:fall_one_cm":29547},"minecraft:killed":{"minecraft:pig":20,"minecraft:spider":2,"minecraft:creeper":2,"minecraft:skeleton":6,"minecraft:zombie":10,"minecraft:cow":17},"minecraft:picked_up":{"minecraft:crafting_table":5,"minecraft:wheat":8,"minecraft:leather":19,"minecraft:smoker":1,"minecraft:flint":2,"minecraft:oak_log":21,"minecraft:gunpowder":3,"minecraft:string":3,"minecraft:dirt":27,"minecraft:moss_carpet":6,"minecraft:raw_copper":2,"minecraft:bone":8,"minecraft:bow":3,"minecraft:wheat_seeds":23,"minecraft:beef":29,"minecraft:azalea":2,"minecraft:sugar_cane":23,"minecraft:moss_block":2,"minecraft:furnace":2,"minecraft:raw_iron":4,"minecraft:stick":3,"minecraft:torch":4,"minecraft:gravel":5,"minecraft:porkchop":38,"minecraft:spruce_sapling":8,"minecraft:diorite":7,"minecraft:spruce_log":72,"minecraft:dark_oak_log":11,"minecraft:spider_eye":1,"minecraft:mossy_cobblestone":5,"minecraft:rotten_flesh":15,"minecraft:arrow":7,"minecraft:purple_bed":4,"minecraft:spruce_boat":1,"minecraft:oak_sapling":1,"minecraft:coal":159,"minecraft:snowball":6,"minecraft:cobblestone":154},"minecraft:dropped":{"minecraft:gravel":5,"minecraft:moss_carpet":6,"minecraft:moss_block":2,"minecraft:rotten_flesh":10,"minecraft:flint":2,"minecraft:azalea":2,"minecraft:spider_eye":1,"minecraft:bow":2},"minecraft:crafted":{"minecraft:cooked_beef":4,"minecraft:cooked_porkchop":27,"minecraft:crafting_table":1,"minecraft:spruce_planks":40,"minecraft:wooden_pickaxe":1,"minecraft:furnace":2,"minecraft:stone_axe":2,"minecraft:air":0,"minecraft:stick":12,"minecraft:iron_pickaxe":1,"minecraft:iron_ingot":4,"minecraft:stone_pickaxe":2,"minecraft:stone_sword":2,"minecraft:spruce_boat":1,"minecraft:torch":4,"minecraft:smoker":1},"minecraft:broken":{"minecraft:stone_pickaxe":1,"minecraft:stone_axe":1,"minecraft:stone_sword":1,"minecraft:wooden_pickaxe":1},"minecraft:used":{"minecraft:wheat_seeds":8,"minecraft:diorite":7,"minecraft:stone_sword":195,"minecraft:stone_pickaxe":135,"minecraft:wooden_pickaxe":47,"minecraft:rotten_flesh":5,"minecraft:torch":4,"minecraft:mossy_cobblestone":5,"minecraft:crafting_table":5,"minecraft:smoker":1,"minecraft:spruce_log":2,"minecraft:spruce_boat":2,"minecraft:spruce_sapling":2,"minecraft:stone_axe":152,"minecraft:cobblestone":5,"minecraft:bow":3,"minecraft:purple_bed":3,"minecraft:furnace":2,"minecraft:cooked_porkchop":10,"minecraft:cooked_beef":3}},"DataVersion":3955}