{"stats":{"minecraft:mined":{"minecraft:mossy_cobblestone":5,"minecraft:dark_oak_log":11,"minecraft:granite":3,"minecraft:grass_block":79,"minecraft:spruce_leaves":36,"minecraft:moss_block":1,"minecraft:oxeye_daisy":1,"minecraft:large_fern":4,"minecraft:hay_block":32,"minecraft:redstone_ore":1,"minecraft:spruce_sapling":1,"minecraft:furnace":2,"minecraft:iron_ore":20,"minecraft:barrel":6,"minecraft:azure_bluet":1,"minecraft:gold_block":1,"minecraft:pointed_dripstone":1,"minecraft:potatoes":15,"minecraft:deepslate_iron_ore":1,"minecraft:dirt_path":1,"minecraft:stone":285,"minecraft:smoker":1,"minecraft:dandelion":3,"minecraft:powder_snow":19,"minecraft:crafting_table":8,"minecraft:torch":8,"minecraft:short_grass":94,"minecraft:emerald_ore":4,"minecraft:poppy":3,"minecraft:tall_grass":3,"minecraft:cobblestone":2,"minecraft:lapis_ore":1,"minecraft:sugar_cane":23,"minecraft:diorite":3,"minecraft:wall_torch":14,"minecraft:purple_bed":4,"minecraft:wheat":8,"minecraft:spruce_log":73,"minecraft:oak_log":21,"minecraft:coal_ore":29,"minecraft:dirt":35,"minecraft:oak_leaves":7},"minecraft:custom":{"minecraft:mob_kills":90,"minecraft:interact_with_crafting_table":44,"minecraft:open_barrel":43,"minecraft:leave_game":3,"minecraft:time_since_death":48392,"minecraft:sprint_one_cm":434077,"minecraft:walk_one_cm":391671,"minecraft:damage_blocked_by_shield":119,"minecraft:drop":17,"minecraft:talked_to_villager":3,"minecraft:play_time":155424,"minecraft:deaths":2,"minecraft:sneak_time":3750,"minecraft:walk_under_water_one_cm":19031,"minecraft:boat_one_cm":222116,"minecraft:jump":2862,"minecraft:walk_on_water_one_cm":24375,"minecraft:total_world_time":155424,"minecraft:interact_with_furnace":39,"minecraft:sleep_in_bed":6,"minecraft:time_since_rest":8010,"minecraft:damage_taken":2922,"minecraft:damage_dealt":11977,"minecraft:swim_one_cm":19919,"minecraft:fly_one_cm":518238,"minecraft:open_chest":64,"minecraft:crouch_one_cm":10520,"minecraft:interact_with_smoker":17,"minecraft:use_cauldron":2,"minecraft:fall_one_cm":85362},"minecraft:killed":{"minecraft:spider":6,"minecraft:skeleton":6,"minecraft:pig":26,"minecraft:creeper":3,"minecraft:zombie":15,"minecraft:cow":33},"minecraft:dropped":{"minecraft:moss_block":2,"minecraft:wheat_seeds":1,"minecraft:flint":2,"minecraft:dirt":3,"minecraft:gravel":5,"minecraft:moss_carpet":6,"minecraft:rotten_flesh":12,"minecraft:azalea":2,"minecraft:spider_eye":1,"minecraft:bow":2,"minecraft:stone_pickaxe":1},"minecraft:picked_up":{"minecraft:crafting_table":8,"minecraft:wheat":8,"minecraft:azure_bluet":1,"minecraft:lead":2,"minecraft:gold_block":1,"minecraft:raw_copper":2,"minecraft:string":6,"minecraft:moss_carpet":6,"minecraft:beef":62,"minecraft:azalea":2,"minecraft:poppy":3,"minecraft:sugar_cane":49,"minecraft:furnace":2,"minecraft:stick":3,"minecraft:raw_iron":99,"minecraft:torch":26,"minecraft:porkchop":52,"minecraft:diorite":7,"minecraft:redstone":24,"minecraft:rotten_flesh":18,"minecraft:arrow":7,"minecraft:hay_block":32,"minecraft:white_wool":3,"minecraft:cobblestone":294,"minecraft:snowball":6,"minecraft:pink_petals":4,"minecraft:leather":36,"minecraft:smoker":1,"minecraft:potato":53,"minecraft:flint":2,"minecraft:oak_log":21,"minecraft:gunpowder":6,"minecraft:lapis_lazuli":25,"minecraft:dirt":137,"minecraft:bone":8,"minecraft:bow":3,"minecraft:wheat_seeds":35,"minecraft:moss_block":2,"minecraft:dandelion":3,"minecraft:poisonous_potato":1,"minecraft:gravel":5,"minecraft:spruce_sapling":8,"minecraft:spruce_log":72,"minecraft:barrel":6,"minecraft:dark_oak_log":11,"minecraft:spider_eye":1,"minecraft:mossy_cobblestone":5,"minecraft:purple_bed":4,"minecraft:spruce_boat":4,"minecraft:granite":1,"minecraft:emerald":5,"minecraft:oak_sapling":1,"minecraft:coal":336},"minecraft:broken":{"minecraft:stone_sword":2,"minecraft:wooden_pickaxe":1,"minecraft:stone_pickaxe":1,"minecraft:stone_axe":1,"minecraft:iron_pickaxe":1},"minecraft:crafted":{"comforts:sleeping_bag_red":1,"minecraft:oak_planks":8,"minecraft:furnace":2,"minecraft:bone_meal":24,"minecraft:stone_pickaxe":4,"minecraft:chest":2,"minecraft:spruce_boat":1,"minecraft:dark_oak_planks":44,"minecraft:stone_hoe":1,"minecraft:smoker":1,"minecraft:wheat":288,"minecraft:cooked_beef":62,"minecraft:red_dye":3,"minecraft:cooked_porkchop":52,"minecraft:crafting_table":2,"minecraft:spruce_planks":40,"minecraft:wooden_pickaxe":2,"minecraft:iron_helmet":1,"minecraft:iron_sword":1,"minecraft:red_wool":3,"minecraft:bucket":2,"minecraft:stone_axe":2,"minecraft:bread":98,"minecraft:air":0,"minecraft:iron_chestplate":1,"minecraft:shield":1,"minecraft:stick":40,"minecraft:iron_ingot":96,"minecraft:iron_pickaxe":3,"minecraft:stone_sword":2,"minecraft:iron_leggings":1,"minecraft:iron_shovel":1,"minecraft:gold_ingot":9,"minecraft:torch":56,"minecraft:shears":1},"minecraft:killed_by":{"minecraft:skeleton":1,"minecraft:zombie":1},"minecraft:used":{"minecraft:stone_sword":275,"minecraft:iron_shovel":70,"minecraft:chest":2,"minecraft:shield":3,"minecraft:iron_sword":26,"minecraft:stone_hoe":67,"minecraft:rotten_flesh":5,"minecraft:torch":33,"minecraft:dirt":67,"minecraft:spruce_boat":4,"minecraft:barrel":6,"minecraft:golden_sword":11,"minecraft:bow":3,"minecraft:furnace":3,"minecraft:cooked_beef":6,"minecraft:potato":66,"minecraft:wheat_seeds":8,"minecraft:water_bucket":3,"minecraft:diorite":7,"minecraft:stone_pickaxe":195,"minecraft:wooden_pickaxe":75,"minecraft:mossy_cobblestone":5,"minecraft:crafting_table":9,"minecraft:spruce_log":2,"minecraft:smoker":2,"minecraft:iron_pickaxe":110,"minecraft:spruce_sapling":2,"minecraft:stone_axe":205,"minecraft:cobblestone":157,"minecraft:purple_bed":4,"minecraft:cooked_porkchop":27,"minecraft:bucket":4,"minecraft:bone_meal":24}},"DataVersion":3955}