{"stats":{"minecraft:mined":{"minecraft:large_fern":4,"minecraft:purple_bed":2,"minecraft:spruce_sapling":1,"minecraft:furnace":1,"minecraft:wheat":8,"minecraft:iron_ore":2,"minecraft:spruce_log":73,"minecraft:powder_snow":19,"minecraft:torch":1,"minecraft:crafting_table":3,"minecraft:dirt_path":1,"minecraft:grass_block":2,"minecraft:coal_ore":9,"minecraft:dirt":20,"minecraft:spruce_leaves":36,"minecraft:stone":129,"minecraft:wall_torch":2,"minecraft:diorite":1},"minecraft:custom":{"minecraft:time_since_rest":5325,"minecraft:interact_with_furnace":7,"minecraft:sprint_one_cm":101223,"minecraft:damage_taken":526,"minecraft:walk_one_cm":119514,"minecraft:mob_kills":18,"minecraft:damage_dealt":2909,"minecraft:swim_one_cm":1486,"minecraft:interact_with_crafting_table":10,"minecraft:fly_one_cm":116725,"minecraft:open_chest":2,"minecraft:crouch_one_cm":588,"minecraft:play_time":35941,"minecraft:sneak_time":198,"minecraft:walk_under_water_one_cm":3092,"minecraft:jump":777,"minecraft:walk_on_water_one_cm":1385,"minecraft:leave_game":1,"minecraft:time_since_death":35941,"minecraft:sleep_in_bed":1,"minecraft:total_world_time":35941,"minecraft:fall_one_cm":16225},"minecraft:killed":{"minecraft:skeleton":2,"minecraft:pig":10,"minecraft:zombie":6},"minecraft:picked_up":{"minecraft:wheat":8,"minecraft:stick":3,"minecraft:crafting_table":3,"minecraft:raw_iron":4,"minecraft:torch":3,"minecraft:gravel":5,"minecraft:flint":1,"minecraft:porkchop":21,"minecraft:spruce_sapling":8,"minecraft:gunpowder":1,"minecraft:diorite":7,"minecraft:spruce_log":72,"minecraft:dirt":23,"minecraft:raw_copper":2,"minecraft:bone":2,"minecraft:arrow":3,"minecraft:purple_bed":2,"minecraft:rotten_flesh":5,"minecraft:wheat_seeds":20,"minecraft:coal":120,"minecraft:snowball":6,"minecraft:cobblestone":138,"minecraft:furnace":1},"minecraft:crafted":{"minecraft:cooked_porkchop":9,"minecraft:crafting_table":1,"minecraft:spruce_planks":40,"minecraft:stick":12,"minecraft:wooden_pickaxe":1,"minecraft:stone_pickaxe":2,"minecraft:stone_sword":1,"minecraft:furnace":1,"minecraft:torch":4,"minecraft:stone_axe":1,"minecraft:air":0},"minecraft:broken":{"minecraft:stone_pickaxe":1,"minecraft:wooden_pickaxe":1},"minecraft:used":{"minecraft:diorite":7,"minecraft:stone_sword":71,"minecraft:stone_pickaxe":109,"minecraft:wooden_pickaxe":47,"minecraft:spruce_sapling":2,"minecraft:rotten_flesh":5,"minecraft:stone_axe":112,"minecraft:torch":3,"minecraft:cobblestone":2,"minecraft:purple_bed":1,"minecraft:crafting_table":3,"minecraft:furnace":1,"minecraft:cooked_porkchop":6,"minecraft:spruce_log":2,"minecraft:wheat_seeds":8}},"DataVersion":3955}