{"stats":{"minecraft:mined":{"minecraft:coal_ore":1,"minecraft:dirt":1,"minecraft:iron_ore":1,"minecraft:spruce_leaves":13,"minecraft:spruce_log":19,"minecraft:stone":100,"minecraft:crafting_table":1},"minecraft:custom":{"minecraft:time_since_rest":11556,"minecraft:crouch_one_cm":373,"minecraft:play_time":11556,"minecraft:sprint_one_cm":18164,"minecraft:damage_taken":125,"minecraft:walk_one_cm":27755,"minecraft:sneak_time":84,"minecraft:mob_kills":4,"minecraft:jump":141,"minecraft:leave_game":1,"minecraft:damage_dealt":784,"minecraft:walk_on_water_one_cm":328,"minecraft:time_since_death":11556,"minecraft:total_world_time":11556,"minecraft:interact_with_crafting_table":7,"minecraft:fall_one_cm":2415,"minecraft:fly_one_cm":21338},"minecraft:killed":{"minecraft:zombie":4},"minecraft:picked_up":{"minecraft:crafting_table":1,"minecraft:raw_iron":3,"minecraft:rotten_flesh":5,"minecraft:spruce_sapling":1,"minecraft:spruce_log":12,"minecraft:coal":16,"minecraft:cobblestone":100},"minecraft:broken":{"minecraft:wooden_pickaxe":1},"minecraft:crafted":{"minecraft:stone_sword":1,"minecraft:torch":4,"minecraft:stone_axe":1,"minecraft:crafting_table":1,"minecraft:spruce_planks":40,"minecraft:stick":8,"minecraft:wooden_pickaxe":1,"minecraft:stone_pickaxe":1},"minecraft:used":{"minecraft:stone_axe":18,"minecraft:stone_sword":14,"minecraft:crafting_table":1,"minecraft:stone_pickaxe":67,"minecraft:wooden_pickaxe":47,"minecraft:spruce_sapling":1,"minecraft:spruce_log":2}},"DataVersion":3955}