{"stats":{"minecraft:mined":{"minecraft:podzol":11,"minecraft:brown_mushroom":2,"minecraft:kelp_plant":1,"minecraft:snow_block":9,"minecraft:dark_oak_log":9,"minecraft:powder_snow":21,"minecraft:short_grass":2,"minecraft:blast_furnace":1,"minecraft:grass_block":27,"minecraft:oak_planks":1,"minecraft:sugar_cane":1,"minecraft:kelp":1,"minecraft:blue_bed":4,"minecraft:skeleton_skull":1,"minecraft:birch_planks":1,"minecraft:furnace":1,"minecraft:snow":4,"minecraft:sweet_berry_bush":26,"minecraft:spruce_log":30,"minecraft:pumpkin":2,"minecraft:coal_ore":15,"minecraft:dirt":56,"minecraft:stone":83,"minecraft:fern":1},"minecraft:custom":{"minecraft:interact_with_furnace":2,"minecraft:mob_kills":20,"minecraft:interact_with_crafting_table":12,"minecraft:open_barrel":6,"minecraft:time_since_death":14493,"minecraft:sleep_in_bed":3,"minecraft:time_since_rest":14531,"minecraft:sprint_one_cm":402227,"minecraft:damage_taken":908,"minecraft:walk_one_cm":166646,"minecraft:drop":13,"minecraft:damage_dealt":2663,"minecraft:swim_one_cm":44776,"minecraft:talked_to_villager":2,"minecraft:fly_one_cm":142950,"minecraft:open_chest":12,"minecraft:crouch_one_cm":494,"minecraft:play_time":76032,"minecraft:deaths":2,"minecraft:sneak_time":361,"minecraft:walk_under_water_one_cm":28989,"minecraft:boat_one_cm":291641,"minecraft:jump":1188,"minecraft:walk_on_water_one_cm":8952,"minecraft:total_world_time":76032,"minecraft:fall_one_cm":23942},"minecraft:killed":{"minecraft:pig":4,"minecraft:sheep":6,"minecraft:donkey":1,"minecraft:zombie":2,"minecraft:drowned":3,"minecraft:cow":2},"minecraft:dropped":{"minecraft:birch_planks":1,"minecraft:wheat_seeds":1,"minecraft:iron_helmet":2,"universal_graves:grave_compass":1,"minecraft:oak_planks":1,"minecraft:filled_map":1,"minecraft:spruce_planks":2,"minecraft:wooden_axe":1,"minecraft:wooden_shovel":1,"minecraft:wooden_pickaxe":1,"minecraft:stone_pickaxe":1,"minecraft:bell":1},"minecraft:picked_up":{"minecraft:leather":2,"minecraft:brown_mushroom":2,"minecraft:birch_planks":1,"minecraft:blue_bed":4,"minecraft:dirt":111,"minecraft:moss_carpet":1,"minecraft:cooked_mutton":4,"minecraft:wheat_seeds":2,"minecraft:beef":3,"minecraft:stone_pickaxe":1,"minecraft:moss_block":6,"minecraft:sugar_cane":3,"minecraft:flowering_azalea":1,"minecraft:oak_planks":1,"minecraft:egg":1,"minecraft:furnace":1,"minecraft:cooked_porkchop":9,"minecraft:pumpkin":2,"minecraft:sweet_berries":62,"minecraft:copper_ingot":1,"minecraft:porkchop":8,"minecraft:spruce_log":27,"minecraft:dark_oak_log":9,"minecraft:spruce_boat":3,"minecraft:skeleton_skull":1,"minecraft:mutton":8,"minecraft:snowball":50,"minecraft:coal":223,"minecraft:white_wool":9,"minecraft:cobblestone":80},"minecraft:crafted":{"minecraft:wooden_shovel":2,"minecraft:stone_shovel":3,"minecraft:crafting_table":7,"minecraft:spruce_planks":108,"minecraft:wooden_pickaxe":3,"minecraft:furnace":2,"minecraft:stone_axe":3,"minecraft:stick":52,"minecraft:stone_pickaxe":4,"minecraft:wooden_axe":3,"minecraft:stone_sword":1,"minecraft:white_bed":1,"minecraft:spruce_boat":1,"minecraft:dark_oak_planks":36},"minecraft:killed_by":{"minecraft:creeper":1,"minecraft:iron_golem":1},"minecraft:used":{"minecraft:stone_pickaxe":34,"minecraft:stone_shovel":83,"minecraft:wooden_pickaxe":56,"minecraft:blue_bed":3,"minecraft:wooden_shovel":46,"minecraft:dirt":49,"minecraft:crafting_table":7,"minecraft:snowball":50,"minecraft:spruce_boat":4,"minecraft:wooden_axe":44,"minecraft:iron_pickaxe":16,"minecraft:map":1,"minecraft:stone_axe":63,"minecraft:golden_sword":10,"minecraft:sweet_berries":27,"minecraft:furnace":1,"minecraft:cooked_porkchop":6,"minecraft:pumpkin_pie":1,"minecraft:egg":1}},"DataVersion":3955}