{"stats":{"minecraft:picked_up":{"minecraft:mud":1,"minecraft:crafting_table":2,"minecraft:ominous_bottle":1,"minecraft:brown_mushroom":2,"minecraft:oak_stairs":16,"minecraft:enchanted_book":1,"minecraft:brewing_stand":2,"minecraft:brick":59,"minecraft:wind_charge":3,"minecraft:moss_carpet":3,"minecraft:raw_copper":47,"minecraft:smooth_stone":8,"minecraft:cobbled_deepslate":81,"minecraft:beef":4,"minecraft:trial_key":2,"minecraft:sugar_cane":3,"minecraft:furnace":2,"minecraft:egg":3,"minecraft:stick":2,"minecraft:raw_iron":59,"minecraft:stone":1,"minecraft:glow_item_frame":1,"minecraft:copper_ingot":1,"minecraft:torch":2,"minecraft:porkchop":8,"minecraft:waxed_copper_grate":4,"minecraft:carrot":1,"minecraft:redstone":18,"minecraft:arrow":33,"minecraft:stone_shovel":1,"minecraft:rotten_flesh":52,"minecraft:decorated_pot":6,"minecraft:hay_block":1,"minecraft:mangrove_roots":1,"minecraft:tuff_bricks":76,"minecraft:glow_berries":1,"minecraft:mutton":12,"minecraft:snowball":50,"minecraft:skeleton_skull":1,"minecraft:white_wool":12,"minecraft:cobblestone":298,"minecraft:birch_log":3,"minecraft:medium_amethyst_bud":1,"minecraft:dark_oak_boat":1,"minecraft:leather":2,"minecraft:golden_leggings":1,"minecraft:birch_planks":8,"minecraft:tuff":65,"minecraft:oak_log":21,"minecraft:lily_pad":1,"minecraft:dirt":369,"minecraft:lapis_lazuli":28,"minecraft:blue_bed":4,"minecraft:cooked_mutton":4,"minecraft:kelp":1,"minecraft:wheat_seeds":7,"minecraft:raw_gold":3,"minecraft:iron_ingot":12,"minecraft:stone_pickaxe":2,"minecraft:moss_block":6,"minecraft:scrape_pottery_sherd":2,"minecraft:oak_planks":1,"minecraft:flowering_azalea":1,"minecraft:cooked_porkchop":9,"minecraft:birch_boat":3,"minecraft:pumpkin":2,"minecraft:sweet_berries":62,"minecraft:gravel":7,"minecraft:sand":5,"minecraft:white_bed":3,"minecraft:spruce_log":27,"minecraft:diamond_block":1,"minecraft:dark_oak_log":10,"minecraft:coal_ore":18,"minecraft:slime_ball":8,"minecraft:diamond":1,"minecraft:spruce_boat":3,"minecraft:waxed_oxidized_copper_grate":2,"minecraft:breeze_rod":5,"minecraft:bread":3,"minecraft:emerald":20,"minecraft:baked_potato":3,"minecraft:oak_sapling":2,"minecraft:mangrove_propagule":2,"minecraft:coal":404,"minecraft:chiseled_tuff_bricks":6,"minecraft:sunflower":1},"minecraft:dropped":{"minecraft:iron_sword":1,"minecraft:brown_mushroom":2,"minecraft:birch_planks":15,"minecraft:wheat_seeds":6,"minecraft:lapis_lazuli":1,"minecraft:mangrove_propagule":2,"minecraft:iron_helmet":2,"minecraft:glow_berries":1,"minecraft:glow_item_frame":1,"minecraft:stick":4,"minecraft:dirt":8,"minecraft:dark_oak_log":1,"minecraft:brewing_stand":1,"minecraft:mutton":4,"minecraft:wooden_axe":2,"minecraft:potion":1,"minecraft:oak_stairs":15,"minecraft:sunflower":1,"minecraft:mud":1,"minecraft:smooth_stone":8,"minecraft:dark_oak_planks":1,"minecraft:lily_pad":1,"minecraft:gravel":2,"minecraft:moss_carpet":2,"minecraft:kelp":1,"minecraft:tuff_bricks":12,"minecraft:sweet_berries":22,"minecraft:mangrove_roots":1,"minecraft:stone_sword":1,"minecraft:tuff":31,"minecraft:stone_shovel":2,"minecraft:rotten_flesh":27,"universal_graves:grave_compass":2,"minecraft:oak_planks":1,"minecraft:filled_map":2,"minecraft:hay_block":1,"minecraft:spruce_planks":2,"minecraft:coal_ore":18,"minecraft:iron_chestplate":1,"minecraft:oak_sapling":2,"minecraft:wooden_shovel":2,"minecraft:beef":1,"minecraft:stone_pickaxe":3,"minecraft:wooden_pickaxe":2,"minecraft:bell":1,"minecraft:medium_amethyst_bud":1,"minecraft:waxed_oxidized_copper_grate":2,"minecraft:egg":1},"minecraft:crafted":{"minecraft:oak_planks":84,"minecraft:stone_shovel":4,"minecraft:dark_oak_boat":1,"minecraft:birch_boat":1,"minecraft:furnace":3,"minecraft:stone":54,"minecraft:flint_and_steel":1,"minecraft:iron_axe":1,"minecraft:stone_pickaxe":4,"minecraft:chest":5,"minecraft:spruce_boat":1,"minecraft:dark_oak_planks":36,"minecraft:wooden_shovel":2,"minecraft:crafting_table":11,"minecraft:spruce_planks":108,"minecraft:wooden_pickaxe":3,"minecraft:birch_planks":12,"minecraft:stone_axe":3,"minecraft:iron_chestplate":1,"minecraft:shield":1,"minecraft:golden_apple":1,"minecraft:gold_nugget":45,"minecraft:stick":100,"minecraft:iron_ingot":21,"minecraft:iron_pickaxe":4,"minecraft:wooden_axe":3,"minecraft:stone_sword":1,"minecraft:iron_shovel":1,"minecraft:iron_leggings":1,"minecraft:gold_ingot":5,"minecraft:white_bed":2,"minecraft:torch":168},"minecraft:used":{"minecraft:iron_shovel":101,"minecraft:stone_sword":5,"minecraft:flint_and_steel":4,"minecraft:stone_shovel":217,"minecraft:chest":5,"minecraft:decorated_pot":6,"minecraft:shield":45,"minecraft:iron_sword":139,"minecraft:wooden_shovel":46,"minecraft:cooked_salmon":5,"minecraft:trial_key":2,"minecraft:torch":126,"minecraft:brewing_stand":1,"minecraft:dirt":290,"minecraft:tuff":34,"minecraft:snowball":50,"minecraft:wooden_axe":44,"minecraft:spruce_boat":4,"minecraft:iron_axe":15,"minecraft:golden_sword":42,"minecraft:dark_oak_boat":2,"minecraft:sweet_berries":40,"minecraft:cooked_cod":7,"minecraft:furnace":4,"minecraft:egg":2,"minecraft:cobbled_deepslate":4,"minecraft:oak_planks":3,"minecraft:stone_pickaxe":76,"minecraft:glass_bottle":1,"minecraft:wooden_pickaxe":56,"minecraft:birch_boat":3,"minecraft:blue_bed":3,"minecraft:scrape_pottery_sherd":2,"minecraft:tnt":4,"minecraft:crafting_table":13,"minecraft:white_bed":5,"minecraft:cake":1,"minecraft:apple":18,"minecraft:iron_pickaxe":335,"minecraft:map":1,"minecraft:wind_charge":1,"minecraft:bread":7,"minecraft:stone_axe":95,"minecraft:chiseled_tuff_bricks":6,"minecraft:potion":1,"minecraft:cobblestone":6,"minecraft:cooked_porkchop":6,"minecraft:pumpkin_pie":1,"minecraft:golden_pickaxe":4,"minecraft:experience_bottle":1},"minecraft:killed_by":{"minecraft:creeper":4,"minecraft:iron_golem":1,"minecraft:skeleton":1},"minecraft:killed":{"minecraft:spider":1,"minecraft:drowned":5,"minecraft:husk":18,"minecraft:pig":4,"minecraft:frog":1,"minecraft:sheep":9,"minecraft:zombie":12,"minecraft:donkey":1,"minecraft:breeze":4,"minecraft:cow":3},"minecraft:mined":{"minecraft:tuff":66,"minecraft:white_bed":3,"minecraft:deepslate_diamond_ore":1,"minecraft:dark_oak_log":10,"minecraft:mangrove_roots":2,"minecraft:brewing_stand":1,"minecraft:grass_block":217,"minecraft:decorated_pot":22,"minecraft:chiseled_tuff_bricks":7,"minecraft:kelp":1,"minecraft:tuff_bricks":78,"minecraft:hay_block":1,"minecraft:smooth_stone":8,"minecraft:furnace":2,"minecraft:waxed_copper_grate":6,"minecraft:iron_ore":5,"minecraft:snow":4,"minecraft:pumpkin":2,"minecraft:deepslate_lapis_ore":1,"minecraft:deepslate_iron_ore":8,"minecraft:oak_stairs":8,"minecraft:stone":148,"minecraft:cake":1,"minecraft:podzol":11,"minecraft:deepslate_redstone_ore":1,"minecraft:brown_mushroom":2,"minecraft:kelp_plant":1,"minecraft:medium_amethyst_bud":1,"minecraft:snow_block":9,"minecraft:powder_snow":21,"minecraft:crafting_table":2,"minecraft:short_grass":63,"minecraft:blast_furnace":1,"minecraft:copper_ore":1,"minecraft:deepslate_gold_ore":1,"minecraft:oak_planks":1,"minecraft:sugar_cane":1,"minecraft:blue_bed":4,"minecraft:skeleton_skull":1,"minecraft:birch_planks":1,"minecraft:mud":1,"minecraft:waxed_oxidized_copper_grate":2,"minecraft:birch_log":5,"minecraft:sweet_berry_bush":26,"minecraft:spruce_log":30,"minecraft:birch_leaves":3,"minecraft:oak_log":21,"minecraft:coal_ore":34,"minecraft:dirt":82,"minecraft:sand":8,"minecraft:sunflower":3,"minecraft:flower_pot":1,"minecraft:deepslate":83,"minecraft:oak_leaves":6,"minecraft:fern":1},"minecraft:broken":{"minecraft:golden_sword":1,"minecraft:iron_pickaxe":2,"minecraft:stone_shovel":1},"minecraft:custom":{"minecraft:mob_kills":60,"minecraft:interact_with_crafting_table":34,"minecraft:open_barrel":14,"minecraft:eat_cake_slice":3,"minecraft:leave_game":2,"minecraft:time_since_death":50796,"minecraft:climb_one_cm":6794,"minecraft:sprint_one_cm":993957,"minecraft:walk_one_cm":645344,"minecraft:damage_blocked_by_shield":1125,"minecraft:drop":73,"minecraft:talked_to_villager":8,"minecraft:play_time":271907,"minecraft:sneak_time":1952,"minecraft:deaths":6,"minecraft:walk_under_water_one_cm":73192,"minecraft:boat_one_cm":801868,"minecraft:interact_with_brewingstand":1,"minecraft:jump":2678,"minecraft:walk_on_water_one_cm":38736,"minecraft:total_world_time":271907,"minecraft:interact_with_furnace":13,"minecraft:interact_with_cartography_table":2,"minecraft:interact_with_stonecutter":1,"minecraft:sleep_in_bed":11,"minecraft:time_since_rest":50611,"minecraft:damage_taken":3164,"minecraft:damage_dealt":10672,"minecraft:swim_one_cm":94848,"minecraft:fly_one_cm":345004,"minecraft:open_chest":87,"minecraft:crouch_one_cm":3567,"minecraft:fall_one_cm":53674}},"DataVersion":3955}