{"stats":{"minecraft:mined":{"minecraft:spruce_log":13},"minecraft:custom":{"minecraft:jump":36,"minecraft:time_since_rest":4032,"minecraft:damage_taken":20,"minecraft:crouch_one_cm":104,"minecraft:sprint_one_cm":19167,"minecraft:play_time":4032,"minecraft:time_since_death":4032,"minecraft:walk_one_cm":3583,"minecraft:sneak_time":12,"minecraft:total_world_time":4032,"minecraft:interact_with_crafting_table":1,"minecraft:fall_one_cm":1109,"minecraft:fly_one_cm":8626},"minecraft:picked_up":{"minecraft:spruce_log":13},"minecraft:crafted":{"minecraft:crafting_table":1,"minecraft:spruce_planks":28,"minecraft:stick":8,"minecraft:wooden_shovel":1,"minecraft:wooden_pickaxe":1,"minecraft:wooden_axe":1},"minecraft:used":{"minecraft:wooden_axe":8,"minecraft:crafting_table":1}},"DataVersion":3955}