{"stats":{"minecraft:mined":{"minecraft:podzol":11,"minecraft:sweet_berry_bush":8,"minecraft:snow_block":9,"minecraft:snow":4,"minecraft:spruce_log":16,"minecraft:powder_snow":21,"minecraft:grass_block":2,"minecraft:coal_ore":3,"minecraft:dirt":35,"minecraft:stone":14,"minecraft:fern":1,"minecraft:blue_bed":2},"minecraft:custom":{"minecraft:time_since_rest":5325,"minecraft:sprint_one_cm":83075,"minecraft:damage_taken":95,"minecraft:walk_one_cm":41919,"minecraft:mob_kills":4,"minecraft:damage_dealt":350,"minecraft:swim_one_cm":4741,"minecraft:interact_with_crafting_table":2,"minecraft:fly_one_cm":28909,"minecraft:crouch_one_cm":104,"minecraft:play_time":16032,"minecraft:sneak_time":12,"minecraft:walk_under_water_one_cm":1325,"minecraft:jump":283,"minecraft:time_since_death":16032,"minecraft:walk_on_water_one_cm":370,"minecraft:sleep_in_bed":1,"minecraft:total_world_time":16032,"minecraft:fall_one_cm":4448},"minecraft:picked_up":{"minecraft:sweet_berries":23,"minecraft:porkchop":5,"minecraft:spruce_log":16,"minecraft:dirt":48,"minecraft:blue_bed":2,"minecraft:mutton":2,"minecraft:coal":37,"minecraft:snowball":29,"minecraft:white_wool":1,"minecraft:cobblestone":14,"minecraft:egg":1},"minecraft:killed":{"minecraft:sheep":1,"minecraft:pig":2,"minecraft:zombie":1},"minecraft:crafted":{"minecraft:wooden_shovel":1,"minecraft:stone_shovel":1,"minecraft:crafting_table":2,"minecraft:spruce_planks":64,"minecraft:stick":16,"minecraft:wooden_pickaxe":1,"minecraft:stone_pickaxe":1,"minecraft:wooden_axe":1,"minecraft:stone_axe":1},"minecraft:used":{"minecraft:wooden_axe":8,"minecraft:stone_shovel":82,"minecraft:stone_pickaxe":7,"minecraft:wooden_pickaxe":10,"minecraft:blue_bed":1,"minecraft:stone_axe":19,"minecraft:dirt":34,"minecraft:sweet_berries":12,"minecraft:crafting_table":2,"minecraft:snowball":29}},"DataVersion":3955}