{"stats":{"minecraft:mined":{"minecraft:podzol":11,"minecraft:kelp_plant":1,"minecraft:snow_block":9,"minecraft:powder_snow":21,"minecraft:short_grass":1,"minecraft:grass_block":2,"minecraft:oak_planks":1,"minecraft:sugar_cane":1,"minecraft:kelp":1,"minecraft:blue_bed":4,"minecraft:birch_planks":1,"minecraft:furnace":1,"minecraft:snow":4,"minecraft:sweet_berry_bush":8,"minecraft:spruce_log":23,"minecraft:coal_ore":8,"minecraft:dirt":35,"minecraft:stone":36,"minecraft:fern":1},"minecraft:custom":{"minecraft:interact_with_furnace":1,"minecraft:mob_kills":12,"minecraft:interact_with_crafting_table":8,"minecraft:open_barrel":6,"minecraft:time_since_death":40032,"minecraft:sleep_in_bed":3,"minecraft:time_since_rest":1130,"minecraft:sprint_one_cm":168275,"minecraft:damage_taken":324,"minecraft:walk_one_cm":65037,"minecraft:drop":10,"minecraft:damage_dealt":1571,"minecraft:swim_one_cm":25707,"minecraft:fly_one_cm":67716,"minecraft:open_chest":4,"minecraft:crouch_one_cm":104,"minecraft:play_time":40032,"minecraft:sneak_time":172,"minecraft:walk_under_water_one_cm":22878,"minecraft:boat_one_cm":210645,"minecraft:jump":581,"minecraft:walk_on_water_one_cm":5896,"minecraft:total_world_time":40032,"minecraft:fall_one_cm":10909},"minecraft:killed":{"minecraft:pig":4,"minecraft:sheep":3,"minecraft:donkey":1,"minecraft:zombie":1,"minecraft:drowned":3},"minecraft:picked_up":{"minecraft:birch_planks":1,"minecraft:blue_bed":4,"minecraft:dirt":48,"minecraft:wheat_seeds":1,"minecraft:stone_pickaxe":1,"minecraft:sugar_cane":3,"minecraft:oak_planks":1,"minecraft:egg":1,"minecraft:furnace":1,"minecraft:cooked_porkchop":8,"minecraft:sweet_berries":23,"minecraft:copper_ingot":1,"minecraft:porkchop":8,"minecraft:spruce_log":20,"minecraft:spruce_boat":2,"minecraft:mutton":4,"minecraft:snowball":29,"minecraft:coal":146,"minecraft:white_wool":3,"minecraft:cobblestone":36},"minecraft:dropped":{"minecraft:birch_planks":1,"minecraft:wheat_seeds":1,"minecraft:iron_helmet":2,"minecraft:oak_planks":1,"minecraft:filled_map":1,"minecraft:wooden_axe":1,"minecraft:wooden_shovel":1,"minecraft:wooden_pickaxe":1,"minecraft:stone_pickaxe":1},"minecraft:crafted":{"minecraft:wooden_shovel":1,"minecraft:stone_shovel":2,"minecraft:crafting_table":3,"minecraft:spruce_planks":80,"minecraft:wooden_pickaxe":1,"minecraft:furnace":1,"minecraft:stone_axe":2,"minecraft:stick":28,"minecraft:stone_pickaxe":3,"minecraft:wooden_axe":1,"minecraft:spruce_boat":1},"minecraft:used":{"minecraft:stone_pickaxe":34,"minecraft:stone_shovel":82,"minecraft:wooden_pickaxe":10,"minecraft:blue_bed":3,"minecraft:dirt":48,"minecraft:crafting_table":3,"minecraft:snowball":29,"minecraft:spruce_boat":2,"minecraft:wooden_axe":8,"minecraft:iron_pickaxe":2,"minecraft:map":1,"minecraft:stone_axe":55,"minecraft:sweet_berries":23,"minecraft:furnace":1,"minecraft:cooked_porkchop":3,"minecraft:egg":1}},"DataVersion":3955}