{"stats":{"minecraft:mined":{"minecraft:podzol":11,"minecraft:kelp_plant":1,"minecraft:snow_block":9,"minecraft:powder_snow":21,"minecraft:short_grass":2,"minecraft:grass_block":2,"minecraft:oak_planks":1,"minecraft:sugar_cane":1,"minecraft:kelp":1,"minecraft:blue_bed":4,"minecraft:birch_planks":1,"minecraft:furnace":1,"minecraft:snow":4,"minecraft:sweet_berry_bush":8,"minecraft:spruce_log":23,"minecraft:pumpkin":2,"minecraft:coal_ore":14,"minecraft:dirt":35,"minecraft:stone":41,"minecraft:fern":1},"minecraft:custom":{"minecraft:interact_with_furnace":1,"minecraft:mob_kills":16,"minecraft:interact_with_crafting_table":8,"minecraft:open_barrel":6,"minecraft:time_since_death":52032,"minecraft:sleep_in_bed":3,"minecraft:time_since_rest":13130,"minecraft:sprint_one_cm":237769,"minecraft:damage_taken":344,"minecraft:walk_one_cm":87255,"minecraft:drop":11,"minecraft:damage_dealt":1917,"minecraft:swim_one_cm":32766,"minecraft:talked_to_villager":2,"minecraft:fly_one_cm":100771,"minecraft:open_chest":9,"minecraft:crouch_one_cm":494,"minecraft:play_time":52032,"minecraft:sneak_time":335,"minecraft:walk_under_water_one_cm":24175,"minecraft:boat_one_cm":291641,"minecraft:jump":756,"minecraft:walk_on_water_one_cm":6752,"minecraft:total_world_time":52032,"minecraft:fall_one_cm":15075},"minecraft:killed":{"minecraft:pig":4,"minecraft:sheep":3,"minecraft:donkey":1,"minecraft:zombie":1,"minecraft:drowned":3,"minecraft:cow":2},"minecraft:dropped":{"minecraft:birch_planks":1,"minecraft:wheat_seeds":1,"minecraft:iron_helmet":2,"minecraft:oak_planks":1,"minecraft:filled_map":1,"minecraft:wooden_axe":1,"minecraft:wooden_shovel":1,"minecraft:wooden_pickaxe":1,"minecraft:stone_pickaxe":1,"minecraft:bell":1},"minecraft:picked_up":{"minecraft:leather":2,"minecraft:birch_planks":1,"minecraft:blue_bed":4,"minecraft:dirt":48,"minecraft:cooked_mutton":4,"minecraft:wheat_seeds":1,"minecraft:beef":3,"minecraft:stone_pickaxe":1,"minecraft:sugar_cane":3,"minecraft:oak_planks":1,"minecraft:egg":1,"minecraft:furnace":1,"minecraft:cooked_porkchop":9,"minecraft:pumpkin":2,"minecraft:sweet_berries":23,"minecraft:copper_ingot":1,"minecraft:porkchop":8,"minecraft:spruce_log":20,"minecraft:spruce_boat":3,"minecraft:mutton":4,"minecraft:snowball":29,"minecraft:coal":221,"minecraft:white_wool":6,"minecraft:cobblestone":41},"minecraft:crafted":{"minecraft:wooden_shovel":1,"minecraft:stone_shovel":2,"minecraft:crafting_table":3,"minecraft:spruce_planks":80,"minecraft:wooden_pickaxe":1,"minecraft:furnace":1,"minecraft:stone_axe":2,"minecraft:stick":28,"minecraft:stone_pickaxe":3,"minecraft:wooden_axe":1,"minecraft:spruce_boat":1},"minecraft:used":{"minecraft:stone_pickaxe":34,"minecraft:stone_shovel":83,"minecraft:wooden_pickaxe":10,"minecraft:blue_bed":3,"minecraft:dirt":48,"minecraft:crafting_table":3,"minecraft:snowball":29,"minecraft:spruce_boat":4,"minecraft:wooden_axe":8,"minecraft:iron_pickaxe":14,"minecraft:map":1,"minecraft:stone_axe":63,"minecraft:golden_sword":2,"minecraft:sweet_berries":23,"minecraft:furnace":1,"minecraft:cooked_porkchop":6,"minecraft:egg":1}},"DataVersion":3955}