{"stats":{"minecraft:mined":{"minecraft:podzol":11,"minecraft:white_bed":3,"minecraft:brown_mushroom":2,"minecraft:kelp_plant":1,"minecraft:snow_block":9,"minecraft:dark_oak_log":10,"minecraft:powder_snow":21,"minecraft:crafting_table":2,"minecraft:short_grass":2,"minecraft:blast_furnace":1,"minecraft:grass_block":27,"minecraft:oak_planks":1,"minecraft:sugar_cane":1,"minecraft:kelp":1,"minecraft:blue_bed":4,"minecraft:skeleton_skull":1,"minecraft:hay_block":1,"minecraft:smooth_stone":8,"minecraft:birch_planks":1,"minecraft:furnace":2,"minecraft:birch_log":5,"minecraft:snow":4,"minecraft:sweet_berry_bush":26,"minecraft:spruce_log":30,"minecraft:birch_leaves":3,"minecraft:pumpkin":2,"minecraft:coal_ore":16,"minecraft:sand":5,"minecraft:dirt":62,"minecraft:stone":115,"minecraft:fern":1},"minecraft:custom":{"minecraft:interact_with_furnace":3,"minecraft:mob_kills":22,"minecraft:interact_with_crafting_table":16,"minecraft:open_barrel":6,"minecraft:interact_with_stonecutter":1,"minecraft:time_since_death":11741,"minecraft:climb_one_cm":564,"minecraft:sleep_in_bed":6,"minecraft:time_since_rest":11801,"minecraft:sprint_one_cm":627006,"minecraft:damage_taken":1954,"minecraft:walk_one_cm":224355,"minecraft:drop":36,"minecraft:damage_dealt":2971,"minecraft:swim_one_cm":75945,"minecraft:talked_to_villager":5,"minecraft:fly_one_cm":189547,"minecraft:open_chest":31,"minecraft:crouch_one_cm":572,"minecraft:play_time":124032,"minecraft:deaths":5,"minecraft:sneak_time":387,"minecraft:walk_under_water_one_cm":40864,"minecraft:boat_one_cm":455156,"minecraft:jump":1530,"minecraft:walk_on_water_one_cm":18182,"minecraft:total_world_time":124032,"minecraft:fall_one_cm":29059},"minecraft:killed":{"minecraft:pig":4,"minecraft:sheep":6,"minecraft:donkey":1,"minecraft:zombie":3,"minecraft:drowned":3,"minecraft:cow":3},"minecraft:dropped":{"minecraft:gravel":2,"minecraft:sweet_berries":22,"minecraft:brown_mushroom":2,"minecraft:kelp":1,"minecraft:birch_planks":15,"minecraft:wheat_seeds":1,"minecraft:stone_sword":1,"minecraft:stone_shovel":2,"minecraft:iron_helmet":2,"minecraft:glow_berries":1,"minecraft:glow_item_frame":1,"universal_graves:grave_compass":2,"minecraft:oak_planks":1,"minecraft:dirt":8,"minecraft:filled_map":1,"minecraft:hay_block":1,"minecraft:dark_oak_log":1,"minecraft:spruce_planks":2,"minecraft:wooden_axe":2,"minecraft:wooden_shovel":2,"minecraft:wooden_pickaxe":2,"minecraft:stone_pickaxe":3,"minecraft:bell":1,"minecraft:dark_oak_planks":1},"minecraft:picked_up":{"minecraft:birch_log":3,"minecraft:crafting_table":2,"minecraft:dark_oak_boat":1,"minecraft:leather":2,"minecraft:brown_mushroom":2,"minecraft:birch_planks":8,"minecraft:blue_bed":4,"minecraft:dirt":136,"minecraft:moss_carpet":1,"minecraft:cooked_mutton":4,"minecraft:kelp":1,"minecraft:wheat_seeds":2,"minecraft:smooth_stone":8,"minecraft:beef":4,"minecraft:stone_pickaxe":2,"minecraft:moss_block":6,"minecraft:sugar_cane":3,"minecraft:flowering_azalea":1,"minecraft:oak_planks":1,"minecraft:egg":1,"minecraft:furnace":2,"minecraft:cooked_porkchop":9,"minecraft:pumpkin":2,"minecraft:sweet_berries":62,"minecraft:glow_item_frame":1,"minecraft:copper_ingot":1,"minecraft:sand":3,"minecraft:gravel":2,"minecraft:porkchop":8,"minecraft:white_bed":3,"minecraft:spruce_log":27,"minecraft:dark_oak_log":10,"minecraft:stone_shovel":1,"minecraft:spruce_boat":3,"minecraft:hay_block":1,"minecraft:glow_berries":1,"minecraft:skeleton_skull":1,"minecraft:mutton":8,"minecraft:snowball":50,"minecraft:coal":235,"minecraft:white_wool":9,"minecraft:cobblestone":113},"minecraft:crafted":{"minecraft:wooden_shovel":2,"minecraft:stone_shovel":4,"minecraft:dark_oak_boat":1,"minecraft:crafting_table":10,"minecraft:spruce_planks":108,"minecraft:birch_boat":1,"minecraft:wooden_pickaxe":3,"minecraft:furnace":2,"minecraft:birch_planks":12,"minecraft:stone_axe":3,"minecraft:stick":52,"minecraft:stone_pickaxe":4,"minecraft:wooden_axe":3,"minecraft:stone_sword":1,"minecraft:white_bed":1,"minecraft:spruce_boat":1,"minecraft:dark_oak_planks":36,"minecraft:torch":8},"minecraft:killed_by":{"minecraft:creeper":4,"minecraft:iron_golem":1},"minecraft:used":{"minecraft:stone_sword":5,"minecraft:stone_pickaxe":76,"minecraft:stone_shovel":94,"minecraft:wooden_pickaxe":56,"minecraft:blue_bed":3,"minecraft:wooden_shovel":46,"minecraft:torch":1,"minecraft:dirt":57,"minecraft:crafting_table":11,"minecraft:white_bed":3,"minecraft:snowball":50,"minecraft:spruce_boat":4,"minecraft:wooden_axe":44,"minecraft:bread":5,"minecraft:iron_pickaxe":16,"minecraft:map":1,"minecraft:stone_axe":71,"minecraft:golden_sword":13,"minecraft:dark_oak_boat":2,"minecraft:sweet_berries":40,"minecraft:furnace":2,"minecraft:cooked_porkchop":6,"minecraft:pumpkin_pie":1,"minecraft:egg":1,"minecraft:experience_bottle":1}},"DataVersion":3955}