{"stats":{"minecraft:mined":{"minecraft:podzol":11,"minecraft:kelp_plant":1,"minecraft:snow_block":9,"minecraft:powder_snow":21,"minecraft:short_grass":2,"minecraft:blast_furnace":1,"minecraft:grass_block":2,"minecraft:oak_planks":1,"minecraft:sugar_cane":1,"minecraft:kelp":1,"minecraft:blue_bed":4,"minecraft:skeleton_skull":1,"minecraft:birch_planks":1,"minecraft:furnace":1,"minecraft:snow":4,"minecraft:sweet_berry_bush":8,"minecraft:spruce_log":26,"minecraft:pumpkin":2,"minecraft:coal_ore":14,"minecraft:dirt":35,"minecraft:stone":41,"minecraft:fern":1},"minecraft:custom":{"minecraft:interact_with_furnace":2,"minecraft:mob_kills":17,"minecraft:interact_with_crafting_table":9,"minecraft:open_barrel":6,"minecraft:time_since_death":2493,"minecraft:sleep_in_bed":3,"minecraft:time_since_rest":2531,"minecraft:sprint_one_cm":324513,"minecraft:damage_taken":878,"minecraft:walk_one_cm":142614,"minecraft:drop":12,"minecraft:damage_dealt":2265,"minecraft:swim_one_cm":32766,"minecraft:talked_to_villager":2,"minecraft:fly_one_cm":123502,"minecraft:open_chest":11,"minecraft:crouch_one_cm":494,"minecraft:play_time":64032,"minecraft:deaths":2,"minecraft:sneak_time":342,"minecraft:walk_under_water_one_cm":28532,"minecraft:boat_one_cm":291641,"minecraft:jump":1043,"minecraft:walk_on_water_one_cm":7134,"minecraft:total_world_time":64032,"minecraft:fall_one_cm":20296},"minecraft:killed":{"minecraft:pig":4,"minecraft:sheep":3,"minecraft:donkey":1,"minecraft:zombie":2,"minecraft:drowned":3,"minecraft:cow":2},"minecraft:dropped":{"minecraft:birch_planks":1,"minecraft:wheat_seeds":1,"minecraft:iron_helmet":2,"universal_graves:grave_compass":1,"minecraft:oak_planks":1,"minecraft:filled_map":1,"minecraft:wooden_axe":1,"minecraft:wooden_shovel":1,"minecraft:wooden_pickaxe":1,"minecraft:stone_pickaxe":1,"minecraft:bell":1},"minecraft:picked_up":{"minecraft:leather":2,"minecraft:birch_planks":1,"minecraft:blue_bed":4,"minecraft:dirt":61,"minecraft:cooked_mutton":4,"minecraft:wheat_seeds":1,"minecraft:beef":3,"minecraft:stone_pickaxe":1,"minecraft:sugar_cane":3,"minecraft:oak_planks":1,"minecraft:egg":1,"minecraft:furnace":1,"minecraft:cooked_porkchop":9,"minecraft:pumpkin":2,"minecraft:sweet_berries":23,"minecraft:copper_ingot":1,"minecraft:porkchop":8,"minecraft:spruce_log":23,"minecraft:spruce_boat":3,"minecraft:skeleton_skull":1,"minecraft:mutton":4,"minecraft:snowball":50,"minecraft:coal":221,"minecraft:white_wool":6,"minecraft:cobblestone":41},"minecraft:crafted":{"minecraft:wooden_shovel":1,"minecraft:stone_shovel":2,"minecraft:crafting_table":4,"minecraft:spruce_planks":92,"minecraft:wooden_pickaxe":2,"minecraft:furnace":1,"minecraft:stone_axe":2,"minecraft:stick":32,"minecraft:stone_pickaxe":3,"minecraft:wooden_axe":2,"minecraft:spruce_boat":1},"minecraft:killed_by":{"minecraft:creeper":1,"minecraft:iron_golem":1},"minecraft:used":{"minecraft:stone_pickaxe":34,"minecraft:stone_shovel":83,"minecraft:wooden_pickaxe":10,"minecraft:blue_bed":3,"minecraft:dirt":48,"minecraft:crafting_table":4,"minecraft:snowball":50,"minecraft:spruce_boat":4,"minecraft:wooden_axe":9,"minecraft:iron_pickaxe":16,"minecraft:map":1,"minecraft:stone_axe":63,"minecraft:golden_sword":10,"minecraft:sweet_berries":23,"minecraft:furnace":1,"minecraft:cooked_porkchop":6,"minecraft:egg":1}},"DataVersion":3955}