{"stats":{"minecraft:mined":{"minecraft:podzol":11,"minecraft:birch_planks":1,"minecraft:furnace":1,"minecraft:sweet_berry_bush":8,"minecraft:snow_block":9,"minecraft:snow":4,"minecraft:spruce_log":23,"minecraft:powder_snow":21,"minecraft:grass_block":2,"minecraft:coal_ore":6,"minecraft:dirt":35,"minecraft:stone":36,"minecraft:oak_planks":1,"minecraft:fern":1,"minecraft:blue_bed":3},"minecraft:custom":{"minecraft:time_since_rest":2634,"minecraft:interact_with_furnace":1,"minecraft:sprint_one_cm":138785,"minecraft:damage_taken":135,"minecraft:walk_one_cm":59102,"minecraft:mob_kills":9,"minecraft:drop":3,"minecraft:damage_dealt":970,"minecraft:swim_one_cm":11088,"minecraft:interact_with_crafting_table":8,"minecraft:fly_one_cm":52829,"minecraft:open_chest":2,"minecraft:crouch_one_cm":104,"minecraft:play_time":28032,"minecraft:sneak_time":20,"minecraft:walk_under_water_one_cm":4710,"minecraft:boat_one_cm":62212,"minecraft:jump":495,"minecraft:time_since_death":28032,"minecraft:walk_on_water_one_cm":1641,"minecraft:sleep_in_bed":2,"minecraft:total_world_time":28032,"minecraft:fall_one_cm":9611},"minecraft:dropped":{"minecraft:wooden_axe":1,"minecraft:wooden_shovel":1,"minecraft:wooden_pickaxe":1},"minecraft:picked_up":{"minecraft:cooked_porkchop":8,"minecraft:sweet_berries":23,"minecraft:birch_planks":1,"minecraft:porkchop":8,"minecraft:spruce_log":20,"minecraft:dirt":48,"minecraft:blue_bed":3,"minecraft:oak_planks":1,"minecraft:furnace":1,"minecraft:mutton":4,"minecraft:coal":136,"minecraft:snowball":29,"minecraft:white_wool":3,"minecraft:cobblestone":36,"minecraft:egg":1},"minecraft:killed":{"minecraft:sheep":3,"minecraft:donkey":1,"minecraft:pig":4,"minecraft:zombie":1},"minecraft:crafted":{"minecraft:wooden_shovel":1,"minecraft:stone_shovel":2,"minecraft:crafting_table":3,"minecraft:spruce_planks":80,"minecraft:stick":28,"minecraft:wooden_pickaxe":1,"minecraft:stone_pickaxe":3,"minecraft:wooden_axe":1,"minecraft:furnace":1,"minecraft:spruce_boat":1,"minecraft:stone_axe":2},"minecraft:used":{"minecraft:spruce_boat":1,"minecraft:wooden_axe":8,"minecraft:stone_shovel":82,"minecraft:stone_pickaxe":33,"minecraft:wooden_pickaxe":10,"minecraft:blue_bed":2,"minecraft:stone_axe":39,"minecraft:dirt":48,"minecraft:sweet_berries":23,"minecraft:crafting_table":3,"minecraft:furnace":1,"minecraft:cooked_porkchop":2,"minecraft:egg":1,"minecraft:snowball":29}},"DataVersion":3955}