{"stats":{"minecraft:mined":{"minecraft:tuff":59,"minecraft:white_bed":3,"minecraft:deepslate_diamond_ore":1,"minecraft:dark_oak_log":10,"minecraft:mangrove_roots":2,"minecraft:brewing_stand":1,"minecraft:grass_block":217,"minecraft:chiseled_tuff_bricks":7,"minecraft:kelp":1,"minecraft:tuff_bricks":76,"minecraft:hay_block":1,"minecraft:smooth_stone":8,"minecraft:furnace":2,"minecraft:iron_ore":5,"minecraft:snow":4,"minecraft:pumpkin":2,"minecraft:deepslate_lapis_ore":1,"minecraft:deepslate_iron_ore":6,"minecraft:oak_stairs":8,"minecraft:stone":148,"minecraft:podzol":11,"minecraft:deepslate_redstone_ore":1,"minecraft:brown_mushroom":2,"minecraft:kelp_plant":1,"minecraft:snow_block":9,"minecraft:medium_amethyst_bud":1,"minecraft:powder_snow":21,"minecraft:crafting_table":2,"minecraft:short_grass":63,"minecraft:blast_furnace":1,"minecraft:copper_ore":1,"minecraft:oak_planks":1,"minecraft:sugar_cane":1,"minecraft:blue_bed":4,"minecraft:skeleton_skull":1,"minecraft:birch_planks":1,"minecraft:mud":1,"minecraft:birch_log":5,"minecraft:sweet_berry_bush":26,"minecraft:spruce_log":30,"minecraft:birch_leaves":3,"minecraft:oak_log":21,"minecraft:coal_ore":34,"minecraft:sunflower":3,"minecraft:sand":8,"minecraft:dirt":71,"minecraft:deepslate":82,"minecraft:oak_leaves":6,"minecraft:fern":1},"minecraft:custom":{"minecraft:mob_kills":38,"minecraft:interact_with_crafting_table":34,"minecraft:open_barrel":9,"minecraft:leave_game":1,"minecraft:time_since_death":16627,"minecraft:climb_one_cm":819,"minecraft:sprint_one_cm":897848,"minecraft:walk_one_cm":481229,"minecraft:drop":66,"minecraft:talked_to_villager":8,"minecraft:play_time":237738,"minecraft:sneak_time":1612,"minecraft:deaths":6,"minecraft:walk_under_water_one_cm":71024,"minecraft:boat_one_cm":801868,"minecraft:interact_with_brewingstand":1,"minecraft:jump":2487,"minecraft:walk_on_water_one_cm":36666,"minecraft:total_world_time":237738,"minecraft:interact_with_furnace":13,"minecraft:interact_with_cartography_table":2,"minecraft:interact_with_stonecutter":1,"minecraft:sleep_in_bed":11,"minecraft:time_since_rest":16442,"minecraft:damage_taken":2717,"minecraft:damage_dealt":6008,"minecraft:swim_one_cm":94848,"minecraft:fly_one_cm":321736,"minecraft:open_chest":73,"minecraft:crouch_one_cm":2592,"minecraft:fall_one_cm":49653},"minecraft:killed":{"minecraft:spider":1,"minecraft:drowned":5,"minecraft:pig":4,"minecraft:frog":1,"minecraft:sheep":9,"minecraft:zombie":12,"minecraft:donkey":1,"minecraft:cow":3},"minecraft:dropped":{"minecraft:iron_sword":1,"minecraft:brown_mushroom":2,"minecraft:birch_planks":15,"minecraft:wheat_seeds":6,"minecraft:lapis_lazuli":1,"minecraft:mangrove_propagule":2,"minecraft:iron_helmet":2,"minecraft:glow_berries":1,"minecraft:glow_item_frame":1,"minecraft:dirt":8,"minecraft:dark_oak_log":1,"minecraft:brewing_stand":1,"minecraft:mutton":4,"minecraft:wooden_axe":2,"minecraft:potion":1,"minecraft:oak_stairs":15,"minecraft:sunflower":1,"minecraft:mud":1,"minecraft:smooth_stone":8,"minecraft:dark_oak_planks":1,"minecraft:lily_pad":1,"minecraft:gravel":2,"minecraft:moss_carpet":2,"minecraft:kelp":1,"minecraft:sweet_berries":22,"minecraft:mangrove_roots":1,"minecraft:stone_sword":1,"minecraft:stone_shovel":2,"minecraft:rotten_flesh":5,"universal_graves:grave_compass":2,"minecraft:oak_planks":1,"minecraft:filled_map":2,"minecraft:hay_block":1,"minecraft:spruce_planks":2,"minecraft:coal_ore":18,"minecraft:oak_sapling":2,"minecraft:wooden_shovel":2,"minecraft:wooden_pickaxe":2,"minecraft:beef":1,"minecraft:stone_pickaxe":3,"minecraft:bell":1,"minecraft:medium_amethyst_bud":1},"minecraft:picked_up":{"minecraft:mud":1,"minecraft:crafting_table":2,"minecraft:brown_mushroom":2,"minecraft:oak_stairs":16,"minecraft:brewing_stand":2,"minecraft:moss_carpet":3,"minecraft:raw_copper":47,"minecraft:cobbled_deepslate":80,"minecraft:smooth_stone":8,"minecraft:beef":4,"minecraft:sugar_cane":3,"minecraft:furnace":2,"minecraft:egg":2,"minecraft:stick":2,"minecraft:raw_iron":56,"minecraft:stone":1,"minecraft:glow_item_frame":1,"minecraft:copper_ingot":1,"minecraft:torch":2,"minecraft:porkchop":8,"minecraft:carrot":1,"minecraft:redstone":18,"minecraft:stone_shovel":1,"minecraft:rotten_flesh":10,"minecraft:hay_block":1,"minecraft:mangrove_roots":1,"minecraft:tuff_bricks":76,"minecraft:glow_berries":1,"minecraft:mutton":12,"minecraft:snowball":50,"minecraft:skeleton_skull":1,"minecraft:white_wool":12,"minecraft:cobblestone":298,"minecraft:birch_log":3,"minecraft:medium_amethyst_bud":1,"minecraft:leather":2,"minecraft:dark_oak_boat":1,"minecraft:birch_planks":8,"minecraft:tuff":59,"minecraft:oak_log":21,"minecraft:lily_pad":1,"minecraft:dirt":358,"minecraft:lapis_lazuli":28,"minecraft:blue_bed":4,"minecraft:cooked_mutton":4,"minecraft:kelp":1,"minecraft:wheat_seeds":7,"minecraft:iron_ingot":1,"minecraft:stone_pickaxe":2,"minecraft:moss_block":6,"minecraft:flowering_azalea":1,"minecraft:oak_planks":1,"minecraft:cooked_porkchop":9,"minecraft:birch_boat":3,"minecraft:pumpkin":2,"minecraft:sweet_berries":62,"minecraft:gravel":7,"minecraft:sand":5,"minecraft:white_bed":3,"minecraft:spruce_log":27,"minecraft:dark_oak_log":10,"minecraft:coal_ore":18,"minecraft:slime_ball":8,"minecraft:diamond":1,"minecraft:spruce_boat":3,"minecraft:oak_sapling":2,"minecraft:chiseled_tuff_bricks":6,"minecraft:mangrove_propagule":2,"minecraft:coal":404,"minecraft:sunflower":1},"minecraft:broken":{"minecraft:golden_sword":1,"minecraft:iron_pickaxe":2,"minecraft:stone_shovel":1},"minecraft:crafted":{"minecraft:oak_planks":84,"minecraft:stone_shovel":4,"minecraft:dark_oak_boat":1,"minecraft:birch_boat":1,"minecraft:furnace":3,"minecraft:stone":54,"minecraft:flint_and_steel":1,"minecraft:iron_axe":1,"minecraft:stone_pickaxe":4,"minecraft:chest":5,"minecraft:spruce_boat":1,"minecraft:dark_oak_planks":36,"minecraft:wooden_shovel":2,"minecraft:crafting_table":11,"minecraft:spruce_planks":108,"minecraft:wooden_pickaxe":3,"minecraft:birch_planks":12,"minecraft:stone_axe":3,"minecraft:iron_chestplate":1,"minecraft:shield":1,"minecraft:golden_apple":1,"minecraft:gold_nugget":45,"minecraft:stick":100,"minecraft:iron_ingot":21,"minecraft:iron_pickaxe":4,"minecraft:wooden_axe":3,"minecraft:stone_sword":1,"minecraft:iron_shovel":1,"minecraft:iron_leggings":1,"minecraft:gold_ingot":5,"minecraft:white_bed":2,"minecraft:torch":168},"minecraft:killed_by":{"minecraft:creeper":4,"minecraft:iron_golem":1,"minecraft:skeleton":1},"minecraft:used":{"minecraft:iron_shovel":90,"minecraft:stone_sword":5,"minecraft:flint_and_steel":4,"minecraft:stone_shovel":217,"minecraft:chest":5,"minecraft:iron_sword":25,"minecraft:wooden_shovel":46,"minecraft:cooked_salmon":5,"minecraft:torch":123,"minecraft:brewing_stand":1,"minecraft:dirt":239,"minecraft:snowball":50,"minecraft:wooden_axe":44,"minecraft:spruce_boat":4,"minecraft:iron_axe":15,"minecraft:golden_sword":42,"minecraft:dark_oak_boat":2,"minecraft:sweet_berries":40,"minecraft:cooked_cod":7,"minecraft:furnace":4,"minecraft:egg":1,"minecraft:cobbled_deepslate":2,"minecraft:oak_planks":1,"minecraft:stone_pickaxe":76,"minecraft:glass_bottle":1,"minecraft:wooden_pickaxe":56,"minecraft:birch_boat":3,"minecraft:blue_bed":3,"minecraft:tnt":4,"minecraft:crafting_table":13,"minecraft:white_bed":5,"minecraft:apple":4,"minecraft:iron_pickaxe":305,"minecraft:map":1,"minecraft:bread":7,"minecraft:chiseled_tuff_bricks":6,"minecraft:stone_axe":95,"minecraft:cobblestone":6,"minecraft:potion":1,"minecraft:cooked_porkchop":6,"minecraft:pumpkin_pie":1,"minecraft:golden_pickaxe":4,"minecraft:experience_bottle":1}},"DataVersion":3955}