{"stats":{"minecraft:killed":{"minecraft:skeleton":9,"minecraft:chicken":10,"minecraft:piglin_brute":2,"minecraft:skeleton_horse":1,"minecraft:tropical_fish":1,"minecraft:wolf":2,"minecraft:piglin":1,"minecraft:pig":7,"minecraft:sheep":11,"minecraft:zombie":9,"minecraft:ghast":1,"minecraft:glow_squid":1,"minecraft:blaze":1,"minecraft:player":2,"minecraft:villager":1},"minecraft:dropped":{"minecraft:moss_block":9,"minecraft:glow_ink_sac":5,"minecraft:glass_bottle":1,"minecraft:dirt":131,"minecraft:polished_blackstone_bricks":10,"minecraft:sand":78,"minecraft:iron_pickaxe":1,"minecraft:white_wool":2,"minecraft:gold_ingot":10,"minecraft:bone":23,"minecraft:gravel":15,"minecraft:stone_axe":4,"minecraft:golden_chestplate":2,"minecraft:cobbled_deepslate":64,"minecraft:rotten_flesh":11,"universal_graves:grave_compass":28,"minecraft:oak_planks":6,"minecraft:fern":2,"minecraft:glowstone_dust":2,"minecraft:carrot":1,"minecraft:arrow":7,"minecraft:netherrack":189,"minecraft:egg":2,"minecraft:golden_boots":1,"minecraft:bread":1,"minecraft:wheat_seeds":2,"minecraft:golden_helmet":2,"minecraft:tnt":1,"minecraft:oak_fence":4,"minecraft:feather":8,"minecraft:cobblestone":155,"minecraft:granite":24,"minecraft:spruce_button":1,"minecraft:tropical_fish":1,"minecraft:spruce_stairs":24,"minecraft:diorite":2,"minecraft:torch":1,"minecraft:wooden_axe":1,"minecraft:iron_leggings":2,"minecraft:pumpkin":1,"minecraft:string":2,"minecraft:spruce_sapling":10,"minecraft:moss_carpet":3,"minecraft:sweet_berries":2,"travelersbackpack:diamond":1,"minecraft:raw_copper":73,"minecraft:bowl":1,"minecraft:chicken":2,"minecraft:clay_ball":60,"minecraft:shears":1,"minecraft:pumpkin_seeds":5,"minecraft:shield":1,"minecraft:spruce_planks":58,"minecraft:iron_chestplate":1,"minecraft:andesite":36,"minecraft:stone_pickaxe":2,"minecraft:raw_gold":1,"minecraft:nether_quartz_ore":11,"minecraft:brick":4},"minecraft:mined":{"minecraft:spruce_planks":68,"minecraft:white_bed":7,"minecraft:granite":26,"minecraft:grass_block":234,"minecraft:tuff_bricks":1,"minecraft:magma_block":21,"minecraft:glowstone":1,"minecraft:iron_ore":5,"minecraft:cobbled_deepslate":1,"minecraft:fire":6,"minecraft:polished_tuff":1,"minecraft:pumpkin":1,"minecraft:moss_carpet":2,"minecraft:deepslate_lapis_ore":3,"minecraft:spruce_slab":49,"minecraft:deepslate_redstone_ore":3,"minecraft:brown_mushroom":2,"minecraft:crimson_nylium":2,"minecraft:clay":7,"minecraft:torch":17,"minecraft:chest":8,"minecraft:glass":16,"minecraft:nether_quartz_ore":1,"minecraft:cobblestone":40,"minecraft:wall_torch":8,"minecraft:deepslate_copper_ore":1,"minecraft:nether_wart_block":1,"minecraft:wheat":8,"minecraft:oak_log":6,"minecraft:sand":1194,"minecraft:dirt":350,"minecraft:netherrack":181,"minecraft:oak_leaves":7,"minecraft:deepslate":164,"minecraft:nether_gold_ore":3,"minecraft:tuff":11,"minecraft:mossy_cobblestone":5,"minecraft:deepslate_diamond_ore":2,"minecraft:candle":2,"minecraft:glow_lichen":1,"minecraft:ladder":12,"minecraft:spruce_fence":24,"minecraft:decorated_pot":1,"travelersbackpack:white_sleeping_bag":2,"minecraft:spruce_leaves":185,"minecraft:moss_block":2,"minecraft:sandstone":59,"minecraft:large_fern":10,"minecraft:furnace":2,"minecraft:andesite":20,"minecraft:deepslate_iron_ore":4,"minecraft:vine":2,"minecraft:packed_ice":1,"minecraft:waxed_weathered_copper_bulb":1,"minecraft:stone":324,"minecraft:white_wool":1,"minecraft:basalt":2,"minecraft:spruce_door":7,"minecraft:crafting_table":4,"minecraft:short_grass":22,"minecraft:spruce_button":4,"minecraft:campfire":1,"minecraft:copper_ore":3,"minecraft:deepslate_gold_ore":4,"minecraft:diorite":21,"minecraft:spruce_stairs":23,"minecraft:sweet_berry_bush":1,"minecraft:ice":1,"minecraft:gray_bed":1,"minecraft:spruce_log":307,"minecraft:yellow_bed":1,"minecraft:coal_ore":7,"minecraft:gravel":25,"minecraft:iron_trapdoor":1,"minecraft:fern":5},"minecraft:broken":{"minecraft:golden_helmet":1,"minecraft:iron_boots":1,"minecraft:iron_chestplate":1,"minecraft:golden_shovel":1,"minecraft:stone_pickaxe":5,"minecraft:golden_sword":2,"minecraft:stone_axe":3,"minecraft:iron_sword":1,"minecraft:wooden_axe":2,"minecraft:stone_shovel":1,"minecraft:golden_chestplate":1,"minecraft:shield":2,"minecraft:golden_axe":2,"minecraft:iron_axe":1,"minecraft:iron_pickaxe":2,"minecraft:iron_helmet":1,"minecraft:golden_pickaxe":1},"minecraft:used":{"minecraft:spruce_slab":402,"minecraft:ladder":42,"minecraft:chest":15,"minecraft:shield":181,"minecraft:iron_sword":60,"travelersbackpack:diamond":1,"minecraft:rotten_flesh":2,"minecraft:iron_chestplate":1,"minecraft:spruce_leaves":16,"minecraft:carrot":17,"minecraft:axolotl_bucket":5,"minecraft:glass":456,"minecraft:lava_bucket":19,"minecraft:iron_helmet":1,"minecraft:rabbit_stew":1,"minecraft:golden_sword":33,"minecraft:magma_block":2,"minecraft:furnace":9,"minecraft:cooked_cod":6,"minecraft:gray_bed":2,"minecraft:egg":2,"minecraft:golden_boots":1,"minecraft:diorite":17,"minecraft:spruce_door":13,"minecraft:waxed_weathered_copper_bulb":1,"minecraft:stone_pickaxe":639,"minecraft:blackstone":3,"minecraft:ender_pearl":3,"minecraft:sandstone":18,"minecraft:cookie":17,"minecraft:white_wool":1,"minecraft:sand":499,"minecraft:crossbow":21,"minecraft:shears":69,"minecraft:lever":1,"minecraft:bread":47,"minecraft:gravel":68,"minecraft:golden_helmet":1,"minecraft:diamond_sword":44,"minecraft:andesite":36,"minecraft:bone_meal":1,"minecraft:golden_pickaxe":32,"minecraft:stone_sword":7,"minecraft:flint_and_steel":9,"minecraft:stone_shovel":111,"minecraft:spruce_planks":176,"minecraft:cooked_salmon":12,"minecraft:trial_key":1,"minecraft:cooked_chicken":18,"minecraft:netherrack":172,"minecraft:torch":87,"minecraft:dirt":294,"minecraft:spruce_stairs":361,"minecraft:salmon_bucket":1,"minecraft:golden_chestplate":3,"minecraft:golden_shovel":32,"minecraft:spruce_fence":237,"minecraft:wooden_axe":97,"minecraft:iron_axe":236,"minecraft:spruce_button":6,"minecraft:iron_boots":1,"minecraft:light_gray_wool":1,"minecraft:iron_trapdoor":2,"minecraft:cooked_beef":17,"minecraft:cobbled_deepslate":368,"minecraft:golden_axe":37,"minecraft:iron_leggings":5,"minecraft:cooked_mutton":10,"minecraft:water_bucket":286,"minecraft:salmon":1,"minecraft:crafting_table":9,"minecraft:white_bed":10,"minecraft:oak_log":1,"minecraft:apple":4,"minecraft:diamond_shovel":1474,"minecraft:chicken":1,"minecraft:iron_pickaxe":325,"travelersbackpack:white_sleeping_bag":2,"minecraft:spruce_pressure_plate":2,"minecraft:spruce_sapling":1,"minecraft:golden_leggings":1,"minecraft:stone_axe":329,"minecraft:cobblestone":687,"minecraft:potion":1,"minecraft:porkchop":1,"minecraft:cooked_porkchop":9,"minecraft:bucket":311,"minecraft:yellow_bed":1,"minecraft:diamond_leggings":2,"minecraft:candle":1},"minecraft:crafted":{"minecraft:oak_planks":48,"minecraft:oak_pressure_plate":2,"minecraft:cooked_chicken":8,"minecraft:lever":1,"minecraft:diamond_shovel":1,"minecraft:cooked_mutton":10,"minecraft:spruce_pressure_plate":2,"minecraft:glass":488,"minecraft:chest":7,"minecraft:golden_sword":1,"minecraft:golden_boots":1,"minecraft:golden_axe":1,"minecraft:cooked_porkchop":11,"minecraft:crafting_table":5,"minecraft:spruce_planks":1436,"minecraft:spruce_door":3,"minecraft:golden_pickaxe":2,"minecraft:copper_ingot":65,"minecraft:oak_wood":3,"minecraft:golden_leggings":1,"minecraft:diamond_pickaxe":1,"minecraft:shield":7,"minecraft:stick":224,"minecraft:iron_ingot":50,"minecraft:stone_sword":1,"minecraft:gold_ingot":53,"minecraft:shears":1,"minecraft:stone_shovel":1,"minecraft:golden_chestplate":1,"minecraft:spruce_button":3,"minecraft:furnace":7,"minecraft:spruce_fence":213,"minecraft:spruce_stairs":392,"travelersbackpack:white_sleeping_bag":1,"minecraft:ladder":6,"minecraft:spruce_wood":3,"minecraft:spruce_slab":348,"minecraft:stone_pickaxe":5,"minecraft:netherite_scrap":15,"minecraft:golden_helmet":1,"minecraft:diamond_sword":1,"minecraft:iron_trapdoor":1,"minecraft:bucket":1,"minecraft:stone_axe":4,"minecraft:bread":3,"minecraft:wooden_axe":2,"minecraft:white_bed":1,"minecraft:torch":128},"minecraft:custom":{"minecraft:interact_with_crafting_table":124,"minecraft:open_barrel":14,"minecraft:bell_ring":13,"minecraft:eat_cake_slice":5,"minecraft:leave_game":15,"minecraft:time_since_death":168,"minecraft:sprint_one_cm":2631970,"minecraft:damage_blocked_by_shield":6204,"minecraft:drop":403,"minecraft:play_time":1045831,"minecraft:deaths":64,"minecraft:jump":9507,"minecraft:walk_on_water_one_cm":180309,"minecraft:interact_with_furnace":169,"minecraft:sleep_in_bed":37,"minecraft:damage_dealt":8448,"minecraft:player_kills":1,"minecraft:crouch_one_cm":127611,"minecraft:interact_with_smoker":1,"minecraft:inspect_dispenser":1,"minecraft:interact_with_smithing_table":1,"minecraft:mob_kills":60,"minecraft:interact_with_anvil":2,"minecraft:climb_one_cm":67598,"minecraft:walk_one_cm":2769151,"minecraft:strider_one_cm":10645,"minecraft:sneak_time":54845,"minecraft:walk_under_water_one_cm":248077,"minecraft:total_world_time":1045831,"minecraft:interact_with_stonecutter":1,"minecraft:time_since_rest":202,"minecraft:damage_taken":24544,"minecraft:swim_one_cm":110986,"minecraft:fly_one_cm":1098615,"minecraft:open_chest":614,"minecraft:fall_one_cm":242382},"minecraft:killed_by":{"minecraft:zombie_villager":1,"minecraft:piglin_brute":1,"minecraft:wither_skeleton":1,"minecraft:creeper":3,"bosses_of_mass_destruction:lich":3,"minecraft:cave_spider":1,"minecraft:zombie":6,"minecraft:player":8,"minecraft:stray":2,"minecraft:spider":1,"minecraft:iron_golem":5,"minecraft:skeleton":14},"minecraft:picked_up":{"minecraft:wooden_axe":1,"minecraft:iron_chestplate":1,"minecraft:wheat":9,"minecraft:iron_trapdoor":1,"minecraft:potion":1,"minecraft:golden_shovel":1,"minecraft:brewing_stand":1,"minecraft:golden_sword":1,"minecraft:string":7,"minecraft:raw_copper":138,"travelersbackpack:diamond":2,"minecraft:cooked_salmon":14,"minecraft:iron_leggings":3,"universal_graves:grave_compass":11,"minecraft:diamond_leggings":1,"minecraft:gold_nugget":67,"minecraft:cobbled_deepslate":210,"minecraft:spruce_planks":83,"minecraft:trial_key":1,"minecraft:iron_pickaxe":2,"hangglider:hang_glider":2,"minecraft:furnace":2,"minecraft:golden_helmet":2,"minecraft:stick":23,"minecraft:torch":91,"minecraft:spruce_stairs":47,"minecraft:porkchop":12,"minecraft:golden_axe":1,"minecraft:waxed_weathered_copper_bulb":1,"minecraft:diorite":19,"minecraft:golden_chestplate":2,"minecraft:stone_sword":1,"minecraft:honey_bottle":1,"minecraft:rotten_flesh":34,"minecraft:tropical_fish":1,"minecraft:blaze_rod":2,"minecraft:cobblestone":373,"minecraft:magma_block":40,"minecraft:leather_chestplate":1,"minecraft:feather":19,"minecraft:cooked_beef":23,"minecraft:magma_cream":3,"minecraft:water_bucket":1,"minecraft:andesite":63,"minecraft:golden_leggings":1,"minecraft:flint":5,"minecraft:tuff":11,"minecraft:lapis_lazuli":28,"minecraft:dirt":546,"minecraft:glass":2,"minecraft:bone":39,"minecraft:bow":1,"minecraft:wheat_seeds":29,"minecraft:raw_gold":70,"minecraft:diamond_helmet":1,"minecraft:glowstone_dust":2,"minecraft:moss_block":9,"minecraft:sand":1647,"travelersbackpack:white_sleeping_bag":2,"minecraft:diamond":17,"minecraft:crossbow":1,"minecraft:granite":29,"minecraft:bone_meal":1,"minecraft:spruce_button":5,"minecraft:emerald":4,"minecraft:bread":1,"minecraft:netherrack":435,"minecraft:spruce_leaves":64,"minecraft:crafting_table":4,"minecraft:chicken":12,"minecraft:ladder":12,"minecraft:clay_ball":60,"minecraft:brown_mushroom":1,"minecraft:brick":4,"minecraft:shield":1,"minecraft:wind_charge":8,"minecraft:moss_carpet":3,"minecraft:flint_and_steel":1,"minecraft:netherite_scrap":1,"minecraft:blackstone":3,"minecraft:candle":1,"minecraft:spruce_slab":58,"minecraft:light_gray_wool":2,"minecraft:chest":8,"minecraft:egg":5,"minecraft:raw_iron":88,"minecraft:sandstone":18,"minecraft:spruce_fence":24,"minecraft:polished_blackstone_bricks":10,"minecraft:carrot":3,"minecraft:redstone":96,"minecraft:tnt":1,"minecraft:diamond_chestplate":1,"minecraft:arrow":20,"minecraft:cooked_cod":6,"minecraft:shears":1,"minecraft:gold_ingot":13,"minecraft:mutton":17,"minecraft:white_wool":11,"minecraft:basalt":2,"minecraft:golden_carrot":2,"minecraft:glow_ink_sac":5,"minecraft:salmon":1,"minecraft:fern":2,"minecraft:oak_log":9,"minecraft:nether_wart_block":1,"minecraft:golden_boots":1,"minecraft:yellow_bed":1,"minecraft:stone_pickaxe":5,"minecraft:cooked_chicken":4,"minecraft:gray_bed":2,"minecraft:soul_sand":8,"minecraft:nether_quartz_ore":11,"minecraft:pumpkin":1,"minecraft:sweet_berries":2,"minecraft:quartz":43,"minecraft:gravel":31,"minecraft:spruce_sapling":22,"minecraft:blast_furnace":1,"minecraft:white_bed":9,"minecraft:spruce_log":301,"minecraft:spruce_door":11,"minecraft:spider_eye":3,"minecraft:diamond_shovel":1,"minecraft:pumpkin_seeds":5,"minecraft:stone_axe":4,"minecraft:warped_roots":2,"minecraft:coal":642,"minecraft:ender_pearl":6}},"DataVersion":3955}