{"stats":{"minecraft:picked_up":{"minecraft:wooden_axe":1,"minecraft:iron_chestplate":1,"minecraft:crafting_table":3,"minecraft:chicken":5,"minecraft:clay_ball":32,"minecraft:brown_mushroom":1,"minecraft:brick":4,"minecraft:wind_charge":8,"minecraft:string":3,"minecraft:moss_carpet":3,"minecraft:raw_copper":73,"minecraft:cooked_salmon":14,"minecraft:flint_and_steel":1,"minecraft:iron_leggings":3,"universal_graves:grave_compass":8,"minecraft:candle":1,"minecraft:cobbled_deepslate":154,"minecraft:spruce_planks":82,"minecraft:trial_key":1,"minecraft:spruce_slab":56,"hangglider:hang_glider":1,"minecraft:chest":4,"minecraft:furnace":1,"minecraft:egg":2,"minecraft:stick":22,"minecraft:raw_iron":51,"minecraft:sandstone":18,"minecraft:torch":25,"minecraft:spruce_stairs":45,"minecraft:porkchop":5,"minecraft:waxed_weathered_copper_bulb":1,"minecraft:carrot":3,"minecraft:tnt":1,"minecraft:arrow":6,"minecraft:honey_bottle":1,"minecraft:rotten_flesh":11,"minecraft:cooked_cod":6,"minecraft:tropical_fish":1,"minecraft:mutton":2,"minecraft:white_wool":2,"minecraft:cobblestone":125,"minecraft:magma_block":40,"minecraft:feather":2,"minecraft:cooked_beef":23,"minecraft:golden_carrot":2,"minecraft:glow_ink_sac":2,"minecraft:water_bucket":1,"minecraft:andesite":60,"minecraft:flint":4,"minecraft:tuff":11,"minecraft:oak_log":5,"minecraft:golden_boots":1,"minecraft:dirt":331,"minecraft:glass":2,"minecraft:bone":10,"minecraft:wheat_seeds":5,"minecraft:raw_gold":55,"minecraft:stone_pickaxe":3,"minecraft:cooked_chicken":4,"minecraft:moss_block":9,"minecraft:pumpkin":1,"minecraft:sweet_berries":2,"minecraft:gravel":28,"minecraft:sand":1456,"minecraft:spruce_sapling":16,"minecraft:white_bed":9,"minecraft:spruce_log":211,"minecraft:spruce_door":10,"minecraft:spider_eye":3,"minecraft:diamond_shovel":1,"minecraft:pumpkin_seeds":5,"minecraft:diamond":8,"minecraft:stone_axe":2,"minecraft:crossbow":1,"minecraft:granite":19,"minecraft:bread":1,"minecraft:spruce_button":2,"minecraft:emerald":4,"minecraft:coal":496,"minecraft:ender_pearl":3},"minecraft:broken":{"minecraft:iron_boots":1,"minecraft:iron_chestplate":1,"minecraft:golden_shovel":1,"minecraft:stone_pickaxe":3,"minecraft:iron_axe":1,"minecraft:stone_axe":1,"minecraft:iron_sword":1,"minecraft:iron_pickaxe":1,"minecraft:iron_helmet":1,"minecraft:wooden_axe":1,"minecraft:stone_shovel":1},"minecraft:killed_by":{"minecraft:player":4,"minecraft:stray":2,"minecraft:creeper":2,"minecraft:iron_golem":4,"minecraft:skeleton":8,"minecraft:zombie":3},"minecraft:used":{"minecraft:stone_sword":5,"minecraft:flint_and_steel":9,"minecraft:spruce_slab":402,"minecraft:stone_shovel":111,"minecraft:chest":5,"minecraft:spruce_planks":174,"minecraft:iron_sword":60,"minecraft:cooked_salmon":12,"minecraft:cooked_chicken":5,"minecraft:rotten_flesh":2,"minecraft:trial_key":1,"minecraft:iron_chestplate":1,"minecraft:torch":22,"minecraft:dirt":90,"minecraft:spruce_stairs":321,"minecraft:carrot":2,"minecraft:golden_shovel":32,"minecraft:glass":456,"minecraft:wooden_axe":94,"minecraft:iron_axe":236,"minecraft:spruce_button":4,"minecraft:iron_helmet":1,"minecraft:iron_boots":1,"minecraft:rabbit_stew":1,"minecraft:magma_block":2,"minecraft:furnace":3,"minecraft:cooked_cod":6,"minecraft:cooked_beef":17,"minecraft:cobbled_deepslate":330,"minecraft:iron_leggings":1,"minecraft:cooked_mutton":2,"minecraft:water_bucket":157,"minecraft:spruce_door":12,"minecraft:waxed_weathered_copper_bulb":1,"minecraft:stone_pickaxe":393,"minecraft:sandstone":18,"minecraft:cookie":17,"minecraft:sand":403,"minecraft:crafting_table":7,"minecraft:white_bed":9,"minecraft:diamond_shovel":1140,"minecraft:chicken":1,"minecraft:iron_pickaxe":18,"minecraft:gravel":66,"minecraft:stone_axe":129,"minecraft:cobblestone":221,"minecraft:porkchop":1,"minecraft:cooked_porkchop":4,"minecraft:andesite":8,"minecraft:bucket":157,"minecraft:candle":1},"minecraft:crafted":{"minecraft:oak_planks":16,"minecraft:stone_shovel":1,"minecraft:spruce_button":2,"minecraft:cooked_chicken":1,"minecraft:furnace":2,"minecraft:diamond_shovel":1,"minecraft:cooked_mutton":2,"minecraft:glass":488,"minecraft:spruce_stairs":316,"minecraft:spruce_wood":3,"minecraft:spruce_slab":348,"minecraft:stone_pickaxe":3,"minecraft:chest":1,"minecraft:netherite_scrap":15,"minecraft:diamond_sword":1,"minecraft:cooked_porkchop":4,"minecraft:crafting_table":4,"minecraft:spruce_planks":808,"minecraft:spruce_door":3,"minecraft:oak_wood":3,"minecraft:stone_axe":2,"minecraft:diamond_pickaxe":1,"minecraft:stick":24,"minecraft:wooden_axe":2,"minecraft:stone_sword":1},"minecraft:dropped":{"minecraft:golden_boots":1,"minecraft:bread":1,"minecraft:moss_block":9,"minecraft:wheat_seeds":2,"minecraft:glow_ink_sac":2,"minecraft:tnt":1,"minecraft:cobblestone":155,"minecraft:granite":19,"minecraft:tropical_fish":1,"minecraft:spruce_stairs":24,"minecraft:dirt":3,"minecraft:torch":1,"minecraft:wooden_axe":1,"minecraft:iron_leggings":2,"minecraft:pumpkin":1,"minecraft:sand":4,"minecraft:white_wool":2,"minecraft:spruce_sapling":4,"minecraft:bone":2,"minecraft:gravel":14,"minecraft:stone_axe":2,"minecraft:moss_carpet":3,"minecraft:sweet_berries":2,"minecraft:cobbled_deepslate":64,"minecraft:raw_copper":73,"minecraft:bowl":1,"minecraft:chicken":2,"minecraft:rotten_flesh":7,"universal_graves:grave_compass":22,"minecraft:clay_ball":32,"minecraft:pumpkin_seeds":5,"minecraft:carrot":1,"minecraft:spruce_planks":17,"minecraft:iron_chestplate":1,"minecraft:andesite":36,"minecraft:arrow":6,"minecraft:stone_pickaxe":1,"minecraft:raw_gold":1,"minecraft:brick":4,"minecraft:egg":1},"minecraft:killed":{"minecraft:skeleton":7,"minecraft:chicken":3,"minecraft:skeleton_horse":1,"minecraft:wolf":1,"minecraft:pig":3,"minecraft:sheep":1,"minecraft:zombie":1,"minecraft:glow_squid":1,"minecraft:player":2,"minecraft:villager":1},"minecraft:mined":{"minecraft:tuff":11,"minecraft:spruce_planks":67,"minecraft:white_bed":7,"minecraft:mossy_cobblestone":5,"minecraft:candle":2,"minecraft:granite":21,"minecraft:grass_block":109,"minecraft:decorated_pot":1,"minecraft:spruce_leaves":93,"minecraft:moss_block":1,"minecraft:sandstone":59,"minecraft:tuff_bricks":1,"minecraft:large_fern":8,"minecraft:magma_block":21,"minecraft:furnace":1,"minecraft:iron_ore":1,"minecraft:fire":6,"minecraft:polished_tuff":1,"minecraft:andesite":16,"minecraft:pumpkin":1,"minecraft:deepslate_iron_ore":2,"minecraft:packed_ice":1,"minecraft:waxed_weathered_copper_bulb":1,"minecraft:stone":97,"minecraft:spruce_slab":48,"minecraft:brown_mushroom":2,"minecraft:spruce_door":7,"minecraft:clay":3,"minecraft:crafting_table":3,"minecraft:torch":17,"minecraft:short_grass":13,"minecraft:spruce_button":2,"minecraft:chest":4,"minecraft:copper_ore":1,"minecraft:glass":13,"minecraft:cobblestone":20,"minecraft:deepslate_gold_ore":1,"minecraft:diorite":3,"minecraft:wall_torch":5,"minecraft:spruce_stairs":21,"minecraft:sweet_berry_bush":1,"minecraft:ice":1,"minecraft:spruce_log":213,"minecraft:oak_log":2,"minecraft:gravel":20,"minecraft:sand":1029,"minecraft:dirt":240,"minecraft:oak_leaves":2,"minecraft:deepslate":109,"minecraft:fern":5},"minecraft:custom":{"minecraft:mob_kills":19,"minecraft:interact_with_crafting_table":55,"minecraft:open_barrel":8,"minecraft:bell_ring":13,"minecraft:eat_cake_slice":2,"minecraft:leave_game":6,"minecraft:time_since_death":18592,"minecraft:climb_one_cm":25708,"minecraft:sprint_one_cm":1110722,"minecraft:walk_one_cm":1452817,"minecraft:drop":255,"minecraft:play_time":547789,"minecraft:sneak_time":27042,"minecraft:deaths":35,"minecraft:walk_under_water_one_cm":117399,"minecraft:jump":4547,"minecraft:walk_on_water_one_cm":127935,"minecraft:total_world_time":547789,"minecraft:interact_with_furnace":82,"minecraft:sleep_in_bed":16,"minecraft:time_since_rest":9848,"minecraft:damage_taken":13116,"minecraft:damage_dealt":3439,"minecraft:swim_one_cm":69871,"minecraft:fly_one_cm":319306,"minecraft:player_kills":1,"minecraft:open_chest":223,"minecraft:crouch_one_cm":45302,"minecraft:interact_with_smoker":1,"minecraft:fall_one_cm":127677,"minecraft:inspect_dispenser":1}},"DataVersion":3955}