{"stats":{"minecraft:dropped":{"minecraft:golden_boots":1,"minecraft:bread":1,"minecraft:moss_block":9,"minecraft:wheat_seeds":2,"minecraft:glow_ink_sac":2,"minecraft:tnt":1,"minecraft:oak_fence":4,"minecraft:cobblestone":155,"minecraft:feather":8,"minecraft:granite":24,"minecraft:spruce_button":1,"minecraft:tropical_fish":1,"minecraft:spruce_stairs":24,"minecraft:dirt":63,"minecraft:diorite":2,"minecraft:torch":1,"minecraft:wooden_axe":1,"minecraft:iron_leggings":2,"minecraft:pumpkin":1,"minecraft:sand":6,"minecraft:white_wool":2,"minecraft:spruce_sapling":4,"minecraft:bone":2,"minecraft:gravel":15,"minecraft:stone_axe":3,"minecraft:moss_carpet":3,"minecraft:sweet_berries":2,"minecraft:cobbled_deepslate":64,"minecraft:raw_copper":73,"minecraft:bowl":1,"minecraft:chicken":2,"minecraft:rotten_flesh":7,"universal_graves:grave_compass":23,"minecraft:clay_ball":36,"minecraft:fern":2,"minecraft:shears":1,"minecraft:pumpkin_seeds":5,"minecraft:carrot":1,"minecraft:shield":1,"minecraft:spruce_planks":18,"minecraft:iron_chestplate":1,"minecraft:andesite":36,"minecraft:arrow":6,"minecraft:stone_pickaxe":1,"minecraft:raw_gold":1,"minecraft:brick":4,"minecraft:egg":2},"minecraft:mined":{"minecraft:tuff":11,"minecraft:spruce_planks":68,"minecraft:white_bed":7,"minecraft:mossy_cobblestone":5,"minecraft:deepslate_diamond_ore":1,"minecraft:candle":2,"minecraft:ladder":12,"minecraft:granite":26,"minecraft:grass_block":228,"minecraft:spruce_fence":4,"minecraft:decorated_pot":1,"minecraft:spruce_leaves":169,"minecraft:moss_block":2,"minecraft:sandstone":59,"minecraft:tuff_bricks":1,"minecraft:large_fern":9,"minecraft:magma_block":21,"minecraft:furnace":2,"minecraft:cobbled_deepslate":1,"minecraft:iron_ore":1,"minecraft:fire":6,"minecraft:polished_tuff":1,"minecraft:moss_carpet":2,"minecraft:andesite":18,"minecraft:pumpkin":1,"minecraft:deepslate_lapis_ore":1,"minecraft:deepslate_iron_ore":2,"minecraft:packed_ice":1,"minecraft:waxed_weathered_copper_bulb":1,"minecraft:stone":304,"minecraft:spruce_slab":48,"minecraft:deepslate_redstone_ore":2,"minecraft:brown_mushroom":2,"minecraft:spruce_door":7,"minecraft:clay":4,"minecraft:crafting_table":4,"minecraft:torch":17,"minecraft:short_grass":18,"minecraft:spruce_button":4,"minecraft:chest":8,"minecraft:campfire":1,"minecraft:copper_ore":2,"minecraft:glass":16,"minecraft:cobblestone":36,"minecraft:deepslate_gold_ore":3,"minecraft:diorite":21,"minecraft:wall_torch":7,"minecraft:deepslate_copper_ore":1,"minecraft:spruce_stairs":23,"minecraft:sweet_berry_bush":1,"minecraft:ice":1,"minecraft:gray_bed":1,"minecraft:spruce_log":240,"minecraft:yellow_bed":1,"minecraft:coal_ore":2,"minecraft:oak_log":2,"minecraft:gravel":25,"minecraft:sand":1176,"minecraft:dirt":339,"minecraft:iron_trapdoor":1,"minecraft:oak_leaves":2,"minecraft:deepslate":136,"minecraft:fern":5},"minecraft:picked_up":{"minecraft:wooden_axe":1,"minecraft:spruce_leaves":64,"minecraft:iron_chestplate":1,"minecraft:crafting_table":4,"minecraft:iron_trapdoor":1,"minecraft:chicken":12,"minecraft:ladder":12,"minecraft:clay_ball":36,"minecraft:brown_mushroom":1,"minecraft:golden_shovel":1,"minecraft:shield":1,"minecraft:brewing_stand":1,"minecraft:brick":4,"minecraft:wind_charge":8,"minecraft:string":5,"minecraft:moss_carpet":3,"minecraft:raw_copper":133,"minecraft:cooked_salmon":14,"minecraft:flint_and_steel":1,"minecraft:iron_leggings":3,"minecraft:netherite_scrap":1,"universal_graves:grave_compass":8,"minecraft:candle":1,"minecraft:cobbled_deepslate":182,"minecraft:spruce_planks":83,"minecraft:trial_key":1,"minecraft:iron_pickaxe":1,"minecraft:light_gray_wool":1,"minecraft:spruce_slab":56,"hangglider:hang_glider":1,"minecraft:chest":8,"minecraft:furnace":2,"minecraft:egg":5,"minecraft:stick":22,"minecraft:raw_iron":51,"minecraft:sandstone":18,"minecraft:torch":28,"minecraft:spruce_stairs":47,"minecraft:spruce_fence":4,"minecraft:porkchop":12,"minecraft:diorite":19,"minecraft:waxed_weathered_copper_bulb":1,"minecraft:carrot":3,"minecraft:redstone":45,"minecraft:tnt":1,"minecraft:arrow":6,"minecraft:honey_bottle":1,"minecraft:rotten_flesh":28,"minecraft:cooked_cod":6,"minecraft:tropical_fish":1,"minecraft:shears":1,"minecraft:blaze_rod":2,"minecraft:mutton":10,"minecraft:white_wool":7,"minecraft:cobblestone":349,"minecraft:salmon":1,"minecraft:magma_block":40,"minecraft:water_bucket":1,"minecraft:feather":19,"minecraft:cooked_beef":23,"minecraft:magma_cream":3,"minecraft:golden_carrot":2,"minecraft:glow_ink_sac":2,"minecraft:andesite":62,"minecraft:fern":2,"minecraft:flint":5,"minecraft:tuff":11,"minecraft:oak_log":5,"minecraft:yellow_bed":1,"minecraft:golden_boots":1,"minecraft:lapis_lazuli":16,"minecraft:dirt":536,"minecraft:glass":2,"minecraft:bone":10,"minecraft:wheat_seeds":5,"minecraft:raw_gold":69,"minecraft:stone_pickaxe":3,"minecraft:cooked_chicken":4,"minecraft:gray_bed":2,"minecraft:moss_block":9,"minecraft:pumpkin":1,"minecraft:sweet_berries":2,"minecraft:gravel":30,"minecraft:sand":1621,"minecraft:spruce_sapling":16,"minecraft:blast_furnace":1,"minecraft:white_bed":9,"minecraft:spruce_log":235,"minecraft:spruce_door":11,"minecraft:spider_eye":3,"minecraft:diamond_shovel":1,"minecraft:pumpkin_seeds":5,"minecraft:diamond":9,"minecraft:stone_axe":3,"minecraft:crossbow":1,"minecraft:granite":29,"minecraft:bone_meal":1,"minecraft:bread":1,"minecraft:spruce_button":5,"minecraft:emerald":4,"minecraft:coal":594,"minecraft:ender_pearl":3},"minecraft:broken":{"minecraft:iron_boots":1,"minecraft:iron_chestplate":1,"minecraft:golden_shovel":1,"minecraft:stone_pickaxe":4,"minecraft:iron_axe":1,"minecraft:stone_axe":1,"minecraft:iron_sword":1,"minecraft:iron_pickaxe":1,"minecraft:iron_helmet":1,"minecraft:wooden_axe":2,"minecraft:stone_shovel":1},"minecraft:custom":{"minecraft:interact_with_smithing_table":1,"minecraft:interact_with_anvil":1,"minecraft:mob_kills":38,"minecraft:interact_with_crafting_table":90,"minecraft:open_barrel":12,"minecraft:bell_ring":13,"minecraft:eat_cake_slice":5,"minecraft:leave_game":9,"minecraft:time_since_death":74712,"minecraft:climb_one_cm":51681,"minecraft:sprint_one_cm":1738874,"minecraft:walk_one_cm":1941186,"minecraft:drop":274,"minecraft:play_time":736166,"minecraft:sneak_time":37612,"minecraft:deaths":40,"minecraft:walk_under_water_one_cm":178249,"minecraft:jump":6139,"minecraft:walk_on_water_one_cm":152571,"minecraft:total_world_time":736166,"minecraft:interact_with_furnace":142,"minecraft:interact_with_stonecutter":1,"minecraft:sleep_in_bed":26,"minecraft:time_since_rest":10616,"minecraft:damage_taken":15670,"minecraft:damage_dealt":4864,"minecraft:swim_one_cm":92192,"minecraft:fly_one_cm":438062,"minecraft:player_kills":1,"minecraft:open_chest":431,"minecraft:crouch_one_cm":74723,"minecraft:interact_with_smoker":1,"minecraft:fall_one_cm":167759,"minecraft:inspect_dispenser":1},"minecraft:killed":{"minecraft:skeleton":7,"minecraft:chicken":10,"minecraft:skeleton_horse":1,"minecraft:wolf":2,"minecraft:pig":7,"minecraft:sheep":7,"minecraft:zombie":1,"minecraft:glow_squid":1,"minecraft:player":2,"minecraft:villager":1},"minecraft:used":{"minecraft:stone_sword":6,"minecraft:flint_and_steel":9,"minecraft:spruce_slab":402,"minecraft:stone_shovel":111,"minecraft:ladder":42,"minecraft:chest":15,"minecraft:spruce_planks":174,"minecraft:iron_sword":60,"minecraft:cooked_salmon":12,"minecraft:trial_key":1,"minecraft:cooked_chicken":5,"minecraft:rotten_flesh":2,"minecraft:iron_chestplate":1,"minecraft:spruce_leaves":16,"minecraft:torch":81,"minecraft:dirt":222,"minecraft:spruce_stairs":361,"minecraft:carrot":2,"minecraft:salmon_bucket":1,"minecraft:golden_shovel":32,"minecraft:axolotl_bucket":5,"minecraft:spruce_fence":63,"minecraft:glass":456,"minecraft:wooden_axe":97,"minecraft:lava_bucket":4,"minecraft:spruce_button":6,"minecraft:iron_axe":236,"minecraft:iron_helmet":1,"minecraft:iron_boots":1,"minecraft:rabbit_stew":1,"minecraft:magma_block":2,"minecraft:iron_trapdoor":2,"minecraft:furnace":9,"minecraft:cooked_cod":6,"minecraft:gray_bed":2,"minecraft:egg":2,"minecraft:cooked_beef":17,"minecraft:cobbled_deepslate":358,"minecraft:iron_leggings":2,"minecraft:diorite":17,"minecraft:cooked_mutton":2,"minecraft:water_bucket":190,"minecraft:spruce_door":13,"minecraft:waxed_weathered_copper_bulb":1,"minecraft:stone_pickaxe":441,"minecraft:sandstone":18,"minecraft:cookie":17,"minecraft:salmon":1,"minecraft:sand":460,"minecraft:crafting_table":9,"minecraft:white_bed":10,"minecraft:shears":69,"minecraft:oak_log":1,"minecraft:lever":1,"minecraft:apple":4,"minecraft:diamond_shovel":1467,"minecraft:chicken":1,"minecraft:iron_pickaxe":281,"minecraft:bread":38,"minecraft:spruce_pressure_plate":2,"minecraft:spruce_sapling":1,"minecraft:gravel":67,"minecraft:stone_axe":214,"minecraft:cobblestone":467,"minecraft:porkchop":1,"minecraft:cooked_porkchop":4,"minecraft:andesite":8,"minecraft:bucket":200,"minecraft:yellow_bed":1,"minecraft:bone_meal":1,"minecraft:candle":1},"minecraft:killed_by":{"minecraft:player":4,"minecraft:stray":2,"minecraft:creeper":2,"minecraft:iron_golem":4,"minecraft:skeleton":11,"minecraft:zombie":3},"minecraft:crafted":{"minecraft:oak_planks":44,"minecraft:stone_shovel":1,"minecraft:oak_pressure_plate":2,"minecraft:spruce_button":3,"minecraft:cooked_chicken":8,"minecraft:furnace":7,"minecraft:lever":1,"minecraft:diamond_shovel":1,"minecraft:spruce_fence":66,"minecraft:spruce_pressure_plate":2,"minecraft:cooked_mutton":10,"minecraft:glass":488,"minecraft:spruce_stairs":392,"minecraft:ladder":6,"minecraft:spruce_wood":3,"minecraft:spruce_slab":348,"minecraft:stone_pickaxe":3,"minecraft:chest":7,"minecraft:netherite_scrap":15,"minecraft:diamond_sword":1,"minecraft:iron_trapdoor":1,"minecraft:cooked_porkchop":11,"minecraft:crafting_table":5,"minecraft:spruce_planks":1172,"minecraft:spruce_door":3,"minecraft:copper_ingot":60,"minecraft:bucket":1,"minecraft:oak_wood":3,"minecraft:stone_axe":2,"minecraft:diamond_pickaxe":1,"minecraft:shield":3,"minecraft:stick":144,"minecraft:iron_ingot":29,"minecraft:wooden_axe":2,"minecraft:stone_sword":1,"minecraft:gold_ingot":46,"minecraft:white_bed":1,"minecraft:torch":128,"minecraft:shears":1}},"DataVersion":3955}