{"stats":{"minecraft:dropped":{"minecraft:iron_sword":1,"minecraft:wheat_seeds":1,"minecraft:lapis_lazuli":2,"minecraft:baked_potato":1,"minecraft:mossy_cobblestone":1,"minecraft:granite":13,"minecraft:grass_block":1,"minecraft:diorite":6,"minecraft:map":1,"minecraft:iron_leggings":1,"minecraft:wooden_sword":1,"minecraft:iron_axe":1,"minecraft:sand":6,"minecraft:string":9,"minecraft:spruce_sapling":7,"minecraft:redstone":1,"minecraft:sweet_berries":11,"minecraft:cobbled_deepslate":24,"minecraft:tuff":1,"minecraft:wheat":6,"minecraft:rotten_flesh":8,"minecraft:iron_boots":1,"minecraft:oak_planks":1,"minecraft:filled_map":2,"minecraft:leather_chestplate":1,"minecraft:potato":1,"minecraft:diamond_pickaxe":1,"minecraft:andesite":8,"minecraft:leather_boots":1,"minecraft:wooden_shovel":1,"minecraft:leather_leggings":1,"minecraft:spider_eye":5,"minecraft:bow":1},"minecraft:custom":{"minecraft:interact_with_smithing_table":1,"minecraft:interact_with_anvil":1,"minecraft:mob_kills":184,"minecraft:interact_with_crafting_table":40,"minecraft:open_barrel":102,"minecraft:bell_ring":4,"minecraft:leave_game":3,"minecraft:time_since_death":15306,"minecraft:climb_one_cm":724,"minecraft:sprint_one_cm":898468,"minecraft:walk_one_cm":627408,"minecraft:damage_blocked_by_shield":1242,"minecraft:drop":46,"minecraft:talked_to_villager":31,"minecraft:play_time":272484,"minecraft:deaths":8,"minecraft:sneak_time":8083,"minecraft:walk_under_water_one_cm":70913,"minecraft:boat_one_cm":413483,"minecraft:jump":6479,"minecraft:walk_on_water_one_cm":47563,"minecraft:total_world_time":272484,"minecraft:interact_with_furnace":38,"minecraft:traded_with_villager":2,"minecraft:interact_with_loom":1,"minecraft:sleep_in_bed":16,"minecraft:time_since_rest":15331,"minecraft:damage_taken":8247,"minecraft:damage_dealt":35128,"minecraft:swim_one_cm":186872,"minecraft:fly_one_cm":1590657,"minecraft:open_chest":89,"minecraft:crouch_one_cm":21743,"minecraft:interact_with_smoker":20,"minecraft:fall_one_cm":195440},"minecraft:used":{"comforts:sleeping_bag_yellow":5,"minecraft:shield":16,"minecraft:iron_sword":254,"minecraft:wooden_shovel":53,"minecraft:cooked_salmon":3,"minecraft:torch":70,"minecraft:dirt":91,"minecraft:anvil":1,"minecraft:tuff":8,"minecraft:iron_axe":383,"minecraft:oak_stairs":25,"minecraft:light_gray_wool":1,"minecraft:bow":8,"minecraft:oak_sapling":13,"minecraft:cooked_cod":2,"minecraft:egg":1,"minecraft:potato":101,"minecraft:cobbled_deepslate":162,"minecraft:water_bucket":103,"minecraft:diorite":1,"minecraft:baked_potato":110,"minecraft:oak_planks":449,"minecraft:ender_pearl":1,"minecraft:cookie":2,"minecraft:sand":1,"minecraft:crafting_table":7,"minecraft:mushroom_stew":1,"minecraft:spruce_log":4,"minecraft:oak_log":2,"minecraft:diamond_pickaxe":157,"minecraft:apple":1,"minecraft:zombie_head":1,"minecraft:birch_slab":1,"minecraft:bread":12,"minecraft:iron_pickaxe":487,"comforts:sleeping_bag_gray":5,"minecraft:diamond_sword":409,"minecraft:wooden_sword":22,"minecraft:cobblestone":68,"minecraft:porkchop":3,"minecraft:bucket":110,"minecraft:oak_boat":9},"minecraft:killed_by":{"minecraft:enderman":2,"minecraft:skeleton":2,"minecraft:zombie":1},"minecraft:killed":{"minecraft:bogged":7,"minecraft:witch":1,"minecraft:spider":30,"minecraft:skeleton":38,"artifacts:mimic":3,"minecraft:pig":5,"minecraft:zombie_villager":1,"minecraft:bat":1,"minecraft:creeper":15,"minecraft:sheep":3,"minecraft:zombie":71,"minecraft:enderman":2},"minecraft:picked_up":{"minecraft:crafting_table":2,"minecraft:leather_leggings":1,"minecraft:oak_stairs":15,"travelersbackpack:sandstone":1,"minecraft:brewing_stand":1,"minecraft:string":29,"minecraft:raw_copper":10,"minecraft:zombie_head":1,"minecraft:cobbled_deepslate":295,"minecraft:oak_boat":8,"minecraft:poppy":2,"minecraft:light_gray_wool":1,"minecraft:sugar_cane":25,"minecraft:egg":3,"minecraft:tipped_arrow":4,"minecraft:stick":15,"minecraft:raw_iron":125,"minecraft:torch":24,"minecraft:porkchop":9,"minecraft:diorite":7,"minecraft:redstone":71,"minecraft:arrow":51,"minecraft:rotten_flesh":80,"minecraft:hay_block":79,"comforts:sleeping_bag_yellow":5,"minecraft:tuff_bricks":7,"minecraft:obsidian":12,"minecraft:mutton":5,"minecraft:white_wool":3,"minecraft:cobblestone":175,"minecraft:pink_petals":175,"artifacts:digging_claws":1,"minecraft:birch_slab":1,"minecraft:andesite":8,"minecraft:smoker":2,"minecraft:potato":300,"minecraft:tuff":9,"minecraft:oak_log":163,"minecraft:gunpowder":11,"minecraft:lapis_lazuli":196,"minecraft:dirt":37,"artifacts:flippers":1,"artifacts:shock_pendant":1,"minecraft:bone":36,"minecraft:apple":3,"minecraft:stonecutter":1,"minecraft:bow":3,"minecraft:wheat_seeds":7,"minecraft:raw_gold":31,"minecraft:iron_ingot":1,"comforts:sleeping_bag_gray":5,"minecraft:glowstone_dust":2,"minecraft:iron_sword":1,"minecraft:oak_planks":36,"minecraft:book":18,"minecraft:dandelion":2,"minecraft:poisonous_potato":1,"minecraft:sand":7,"minecraft:grass_block":1,"minecraft:spruce_log":4,"minecraft:mossy_cobblestone":1,"minecraft:polished_tuff":1,"minecraft:spider_eye":14,"minecraft:diamond":84,"minecraft:granite":13,"minecraft:emerald":1,"minecraft:baked_potato":1,"minecraft:oak_sapling":22,"minecraft:coal":58,"minecraft:diamond_pickaxe":1,"minecraft:ender_pearl":1},"minecraft:crafted":{"minecraft:wooden_sword":1,"minecraft:oak_planks":704,"minecraft:yellow_wool":3,"minecraft:cooked_mutton":5,"minecraft:diamond_helmet":1,"minecraft:diamond_leggings":1,"minecraft:iron_boots":2,"minecraft:iron_axe":3,"minecraft:diamond_boots":1,"minecraft:red_dye":2,"minecraft:wooden_shovel":1,"minecraft:diamond_sword":1,"minecraft:cooked_porkchop":6,"minecraft:crafting_table":5,"minecraft:spruce_planks":72,"minecraft:iron_helmet":2,"minecraft:baked_potato":247,"minecraft:iron_sword":1,"minecraft:bucket":3,"minecraft:enchanted_book":2,"minecraft:air":0,"minecraft:oak_boat":1,"comforts:sleeping_bag_yellow":1,"comforts:sleeping_bag_gray":1,"minecraft:iron_chestplate":1,"minecraft:diamond_pickaxe":1,"minecraft:yellow_dye":3,"minecraft:shield":1,"minecraft:stick":32,"minecraft:iron_pickaxe":2,"minecraft:iron_ingot":118,"minecraft:oak_stairs":12,"minecraft:iron_block":3,"minecraft:iron_leggings":1,"minecraft:anvil":1,"minecraft:torch":72,"minecraft:diamond_chestplate":1},"minecraft:mined":{"minecraft:tuff":10,"minecraft:mossy_cobblestone":1,"minecraft:deepslate_diamond_ore":32,"minecraft:brewing_stand":1,"minecraft:obsidian":13,"minecraft:granite":13,"minecraft:grass_block":13,"minecraft:birch_slab":1,"minecraft:spruce_leaves":2,"minecraft:sandstone":5,"minecraft:tuff_bricks":7,"minecraft:hay_block":80,"minecraft:iron_ore":16,"minecraft:cobbled_deepslate":10,"minecraft:fire":2,"minecraft:polished_tuff":2,"minecraft:andesite":8,"minecraft:deepslate_lapis_ore":7,"minecraft:potatoes":100,"minecraft:bookshelf":6,"minecraft:deepslate_iron_ore":19,"minecraft:oak_stairs":15,"minecraft:packed_ice":4,"minecraft:stone":176,"minecraft:deepslate_redstone_ore":3,"minecraft:smoker":2,"minecraft:crafting_table":2,"minecraft:torch":9,"minecraft:short_grass":29,"minecraft:poppy":2,"minecraft:tall_grass":1,"minecraft:copper_ore":1,"minecraft:cobblestone":1,"minecraft:lapis_ore":2,"minecraft:deepslate_gold_ore":7,"minecraft:sugar_cane":9,"minecraft:oak_planks":35,"minecraft:diorite":8,"minecraft:wall_torch":14,"minecraft:pink_petals":61,"minecraft:ice":1,"minecraft:spruce_log":4,"minecraft:birch_leaves":2,"minecraft:light_gray_wool":1,"minecraft:oak_log":163,"minecraft:coal_ore":7,"minecraft:cherry_leaves":16,"minecraft:zombie_head":1,"minecraft:sand":53,"minecraft:dirt":10,"minecraft:stonecutter":1,"minecraft:gold_ore":2,"minecraft:oak_leaves":71,"minecraft:deepslate_emerald_ore":1,"minecraft:deepslate":284,"minecraft:fern":1},"minecraft:broken":{"minecraft:leather_helmet":1,"minecraft:iron_boots":1,"minecraft:iron_chestplate":1,"minecraft:iron_axe":1,"minecraft:iron_sword":1,"minecraft:iron_pickaxe":3,"minecraft:iron_helmet":1}},"DataVersion":3955}