{"stats":{"minecraft:dropped":{"minecraft:iron_sword":1,"chococraft:loverly_gysahl_green":3,"minecraft:lapis_lazuli":64,"minecraft:diamond":2,"minecraft:crossbow":1,"minecraft:cracked_stone_bricks":4,"minecraft:dirt":22,"minecraft:dark_oak_fence":10,"minecraft:wooden_sword":1,"minecraft:sand":28,"minecraft:iron_pickaxe":1,"minecraft:cobbled_deepslate":92,"minecraft:wheat":6,"minecraft:rotten_flesh":37,"universal_graves:grave_compass":4,"minecraft:oak_planks":1,"minecraft:black_glazed_terracotta":1,"minecraft:brick_stairs":1,"minecraft:leather_boots":1,"minecraft:leather_leggings":2,"minecraft:stone_brick_stairs":1,"minecraft:enchanted_book":2,"minecraft:golden_boots":1,"minecraft:wheat_seeds":9,"minecraft:tnt":4,"minecraft:feather":2,"minecraft:iron_helmet":2,"minecraft:cobblestone":4,"chococraft:gysahl_green_seeds":56,"minecraft:granite":37,"minecraft:brown_terracotta":1,"minecraft:iron_shovel":1,"minecraft:string":18,"minecraft:lily_pad":9,"minecraft:spruce_sapling":7,"minecraft:stone_brick_slab":1,"minecraft:bricks":2,"minecraft:moss_carpet":1,"minecraft:deepslate":269,"minecraft:iron_boots":1,"minecraft:white_terracotta":2,"minecraft:diamond_sword":3,"minecraft:big_dripleaf":1,"minecraft:potato":16,"minecraft:spruce_planks":3,"minecraft:diamond_pickaxe":1,"minecraft:wooden_shovel":1,"minecraft:stone_bricks":3,"minecraft:bamboo":1,"minecraft:spider_eye":6,"minecraft:sandstone":3,"minecraft:bow":3,"minecraft:terracotta":5,"minecraft:moss_block":1,"minecraft:baked_potato":2,"minecraft:golden_pickaxe":1,"minecraft:flint":1,"minecraft:gravel":76,"hangglider:hang_glider":1,"minecraft:mossy_stone_brick_slab":2,"minecraft:leather_chestplate":2,"minecraft:beetroot_seeds":7,"minecraft:melon_seeds":2,"minecraft:azalea":1,"minecraft:netherrack":8,"minecraft:mossy_cobblestone":1,"minecraft:amethyst_block":3,"minecraft:grass_block":2,"minecraft:stick":2,"minecraft:diorite":25,"minecraft:map":1,"minecraft:iron_leggings":4,"minecraft:iron_axe":1,"minecraft:bucket":1,"minecraft:redstone":1,"minecraft:sweet_berries":11,"minecraft:kelp":6,"minecraft:coarse_dirt":3,"minecraft:light_gray_terracotta":2,"minecraft:tuff":1,"minecraft:raw_iron":11,"minecraft:red_terracotta":7,"minecraft:flint_and_steel":1,"minecraft:filled_map":3,"minecraft:gray_terracotta":10,"minecraft:shield":2,"minecraft:trial_key":2,"minecraft:orange_terracotta":5,"minecraft:andesite":29,"minecraft:golden_leggings":2,"chococraft:gysahl_green":91},"minecraft:mined":{"minecraft:dark_oak_planks":3,"minecraft:white_bed":3,"minecraft:cherry_log":36,"minecraft:jungle_leaves":23,"wormhole:portal_frame":33,"minecraft:obsidian":47,"minecraft:granite":125,"minecraft:red_sand":84,"minecraft:jungle_log":3,"minecraft:chiseled_tuff_bricks":4,"minecraft:oxeye_daisy":1,"minecraft:spawner":2,"minecraft:tall_seagrass":1,"minecraft:cobbled_deepslate":168,"minecraft:fire":10,"minecraft:barrel":24,"minecraft:deepslate_lapis_ore":14,"minecraft:enchanting_table":3,"minecraft:dirt_path":4,"minecraft:small_amethyst_bud":1,"minecraft:oak_stairs":29,"minecraft:kelp_plant":8,"minecraft:smoker":7,"minecraft:amethyst_cluster":2,"minecraft:torch":86,"minecraft:blast_furnace":5,"minecraft:glass":4,"minecraft:sugar_cane":9,"minecraft:bricks":10,"minecraft:amethyst_block":7,"minecraft:white_terracotta":10,"minecraft:wheat":7,"minecraft:waxed_copper_block":2,"minecraft:stone_brick_stairs":1,"minecraft:smooth_basalt":6,"minecraft:stonecutter":1,"minecraft:deepslate":1188,"minecraft:suspicious_gravel":2,"minecraft:mossy_cobblestone":1,"minecraft:dark_oak_log":1,"minecraft:dark_oak_fence":32,"minecraft:spruce_fence":2,"travelersbackpack:bookshelf":12,"minecraft:moss_block":1,"minecraft:kelp":4,"minecraft:redstone_ore":2,"minecraft:waxed_oxidized_cut_copper":1,"minecraft:packed_mud":1,"minecraft:waxed_copper_grate":11,"minecraft:snow":2,"minecraft:andesite":107,"minecraft:chiseled_tuff":3,"comforts:sleeping_bag_gray":2,"minecraft:potatoes":571,"minecraft:vine":1,"minecraft:bamboo":7,"wormhole:basic_energy_cell":1,"minecraft:mud_brick_slab":1,"minecraft:stone_brick_slab":1,"minecraft:short_grass":107,"minecraft:emerald_ore":10,"minecraft:campfire":1,"minecraft:tall_grass":14,"minecraft:copper_ore":7,"minecraft:deepslate_gold_ore":24,"minecraft:diorite":100,"minecraft:big_dripleaf":1,"minecraft:red_terracotta":11,"minecraft:coarse_dirt":5,"minecraft:spruce_log":112,"minecraft:birch_leaves":5,"minecraft:zombie_head":1,"minecraft:gravel":160,"minecraft:cobweb":21,"minecraft:brown_terracotta":8,"minecraft:stone_bricks":15,"minecraft:gold_ore":3,"minecraft:deepslate_emerald_ore":1,"minecraft:fern":4,"minecraft:spruce_planks":61,"minecraft:farmland":1,"minecraft:mossy_stone_brick_slab":2,"minecraft:brewing_stand":2,"minecraft:budding_amethyst":2,"minecraft:grass_block":456,"minecraft:mud_bricks":23,"minecraft:tuff_bricks":85,"minecraft:smooth_stone":16,"minecraft:bamboo_wall_hanging_sign":3,"minecraft:raw_iron_block":1,"minecraft:iron_ore":92,"minecraft:polished_tuff":18,"minecraft:anvil":6,"minecraft:dark_oak_stairs":1,"chococraft:gysahl_green":147,"travelersbackpack:skeleton":2,"minecraft:deepslate_redstone_ore":15,"minecraft:gray_terracotta":11,"minecraft:orange_terracotta":20,"minecraft:light_gray_terracotta":6,"minecraft:calcite":5,"minecraft:poppy":2,"minecraft:chest":8,"minecraft:cobblestone":138,"minecraft:oak_planks":412,"minecraft:wall_torch":84,"minecraft:pink_petals":74,"minecraft:seagrass":1,"minecraft:blue_terracotta":10,"minecraft:light_gray_wool":1,"minecraft:tnt":3,"minecraft:oak_log":617,"minecraft:waxed_oxidized_copper":5,"minecraft:sand":276,"minecraft:dirt":512,"minecraft:netherrack":12,"minecraft:oak_leaves":226,"minecraft:diamond_ore":1,"minecraft:crying_obsidian":19,"minecraft:tuff":114,"minecraft:deepslate_diamond_ore":69,"minecraft:ladder":1,"minecraft:decorated_pot":59,"minecraft:brick_stairs":6,"minecraft:light_blue_glazed_terracotta":10,"minecraft:birch_slab":1,"minecraft:spruce_leaves":41,"minecraft:sandstone":30,"minecraft:hay_block":88,"minecraft:furnace":3,"minecraft:black_glazed_terracotta":1,"minecraft:gold_block":6,"minecraft:bookshelf":24,"minecraft:deepslate_iron_ore":70,"minecraft:lantern":23,"minecraft:stripped_acacia_log":2,"minecraft:packed_ice":5,"minecraft:stone":1914,"minecraft:orange_glazed_terracotta":3,"minecraft:scaffolding":255,"minecraft:oak_fence":10,"minecraft:crafting_table":2,"minecraft:lectern":1,"minecraft:lapis_ore":7,"minecraft:spruce_stairs":72,"minecraft:cactus":4,"minecraft:brick_slab":9,"minecraft:waxed_oxidized_copper_grate":1,"minecraft:sweet_berry_bush":1,"minecraft:ice":4,"minecraft:white_wall_banner":2,"elevatorid:elevator_white":9,"minecraft:coal_ore":39,"minecraft:cherry_leaves":239,"minecraft:cracked_stone_bricks":9,"minecraft:terracotta":21,"minecraft:mossy_stone_bricks":1},"minecraft:picked_up":{"minecraft:iron_chestplate":2,"minecraft:prismarine_shard":5,"minecraft:chainmail_boots":1,"minecraft:creeper_head":1,"minecraft:anvil":6,"minecraft:lead":26,"minecraft:diamond_sword":3,"minecraft:oak_stairs":30,"minecraft:enchanted_book":4,"minecraft:golden_shovel":1,"minecraft:brewing_stand":2,"minecraft:amethyst_block":7,"minecraft:string":114,"minecraft:orange_glazed_terracotta":3,"minecraft:cobbled_deepslate":1035,"bosses_of_mass_destruction:soul_star":2,"minecraft:black_glazed_terracotta":1,"minecraft:spruce_planks":63,"minecraft:trial_key":22,"minecraft:hopper_minecart":2,"minecraft:enchanted_golden_apple":1,"hangglider:hang_glider":1,"minecraft:melon_slice":2,"minecraft:big_dripleaf":1,"minecraft:cherry_log":39,"minecraft:waxed_copper_grate":11,"minecraft:honey_bottle":13,"minecraft:bookshelf":9,"minecraft:white_terracotta":10,"minecraft:blaze_rod":88,"minecraft:snowball":2,"minecraft:furnace_minecart":2,"minecraft:feather":10,"minecraft:cooked_beef":59,"minecraft:cherry_leaves":102,"minecraft:birch_slab":1,"minecraft:jungle_log":3,"minecraft:smoker":7,"minecraft:flint":11,"minecraft:lantern":24,"artifacts:flippers":1,"artifacts:shock_pendant":2,"minecraft:gray_terracotta":10,"minecraft:stonecutter":1,"minecraft:guster_banner_pattern":3,"minecraft:glowstone_dust":136,"minecraft:moss_block":1,"minecraft:barrel":24,"minecraft:trapped_chest":1,"minecraft:red_terracotta":11,"minecraft:stripped_acacia_log":1,"minecraft:blue_terracotta":10,"minecraft:deepslate":469,"minecraft:deepslate_gold_ore":29,"minecraft:granite":123,"minecraft:chainmail_helmet":1,"minecraft:bread":121,"minecraft:bricks":10,"minecraft:dark_oak_fence":14,"minecraft:ominous_trial_key":1,"minecraft:diamond_pickaxe":1,"minecraft:coarse_dirt":3,"minecraft:crafting_table":2,"minecraft:ominous_bottle":12,"minecraft:leather_leggings":4,"travelersbackpack:sandstone":1,"minecraft:wind_charge":23,"minecraft:iron_shovel":1,"minecraft:cracked_stone_bricks":4,"minecraft:deepslate_diamond_ore":3,"minecraft:beef":18,"minecraft:chiseled_tuff":3,"minecraft:poppy":5,"minecraft:iron_nugget":10,"minecraft:minecart":1,"minecraft:guster_pottery_sherd":3,"minecraft:chest":8,"minecraft:waxed_oxidized_copper":11,"minecraft:egg":19,"minecraft:sandstone":3,"minecraft:stone":253,"minecraft:spruce_fence":2,"minecraft:flow_pottery_sherd":3,"wormhole:portal_frame":33,"minecraft:carrot":8,"minecraft:redstone":509,"minecraft:tnt":5,"travelersbackpack:snow":1,"minecraft:diamond_chestplate":1,"minecraft:decorated_pot":5,"minecraft:beetroot_seeds":7,"minecraft:hay_block":166,"minecraft:mutton":5,"minecraft:tuff_bricks":94,"minecraft:rail":9,"minecraft:white_wool":36,"minecraft:oxeye_daisy":1,"minecraft:mud_bricks":23,"minecraft:filled_map":1,"minecraft:packed_mud":1,"minecraft:oak_log":617,"minecraft:lily_pad":9,"minecraft:golden_boots":2,"minecraft:white_banner":6,"chococraft:chocobo_feather":6,"chococraft:gysahl_green":409,"minecraft:apple":17,"minecraft:stone_bricks":7,"minecraft:kelp":6,"minecraft:iron_ore":9,"travelersbackpack:skeleton":3,"minecraft:glass_bottle":1,"minecraft:iron_sword":1,"elevatorid:elevator_white":9,"minecraft:smooth_basalt":6,"minecraft:light_blue_glazed_terracotta":9,"minecraft:gravel":163,"minecraft:spruce_sapling":2,"minecraft:spruce_log":109,"minecraft:crying_obsidian":19,"minecraft:polished_tuff":17,"minecraft:coal_ore":86,"minecraft:slime_ball":49,"minecraft:diamond_axe":1,"minecraft:deepslate_redstone_ore":11,"minecraft:oak_button":2,"minecraft:baked_potato":276,"minecraft:melon_seeds":2,"minecraft:ender_pearl":7,"chococraft:loverly_gysahl_green":19,"minecraft:wheat":78,"minecraft:potion":5,"minecraft:stone_brick_stairs":1,"minecraft:raw_copper":142,"minecraft:iron_leggings":2,"minecraft:armor_stand":3,"universal_graves:grave_compass":1,"minecraft:zombie_head":1,"minecraft:red_sand":84,"minecraft:smooth_stone":16,"minecraft:bucket":1,"wormhole:basic_energy_cell":1,"minecraft:calcite":5,"minecraft:azalea":1,"minecraft:iron_pickaxe":1,"minecraft:furnace":4,"minecraft:deepslate_iron_ore":2,"minecraft:tipped_arrow":36,"minecraft:stick":68,"minecraft:brown_terracotta":8,"minecraft:oak_fence":10,"minecraft:torch":196,"minecraft:spruce_stairs":70,"minecraft:porkchop":21,"minecraft:diorite":85,"minecraft:cactus":8,"minecraft:rotten_flesh":232,"comforts:sleeping_bag_yellow":5,"chococraft:chocobo_drumstick_raw":1,"minecraft:obsidian":46,"minecraft:cod":2,"minecraft:cobblestone":1735,"minecraft:enchanting_table":3,"minecraft:pink_petals":480,"minecraft:leather_chestplate":2,"minecraft:andesite":88,"minecraft:golden_leggings":3,"minecraft:potato":2122,"minecraft:tuff":112,"minecraft:dirt":1300,"minecraft:lapis_lazuli":638,"minecraft:leather_boots":1,"travelersbackpack:bookshelf":12,"minecraft:bone":174,"minecraft:bow":13,"minecraft:wheat_seeds":42,"minecraft:raw_gold":146,"minecraft:bolt_armor_trim_smithing_template":3,"minecraft:fletching_table":1,"minecraft:bamboo":97,"minecraft:scrape_pottery_sherd":6,"minecraft:oak_planks":418,"minecraft:cooked_porkchop":6,"minecraft:poisonous_potato":16,"minecraft:sand":269,"minecraft:grass_block":3,"minecraft:mossy_cobblestone":1,"minecraft:light_gray_terracotta":6,"minecraft:sugar":2,"minecraft:diamond":278,"minecraft:waxed_oxidized_copper_grate":1,"minecraft:crossbow":6,"minecraft:breeze_rod":37,"minecraft:golden_apple":2,"minecraft:emerald":104,"minecraft:oak_sapling":60,"minecraft:netherrack":13,"minecraft:oak_leaves":1,"minecraft:waxed_oxidized_cut_copper":3,"minecraft:chicken":6,"minecraft:ladder":1,"minecraft:gold_block":6,"minecraft:brick":204,"minecraft:shield":5,"minecraft:moss_carpet":1,"minecraft:iron_axe":1,"minecraft:item_frame":2,"minecraft:oak_boat":29,"minecraft:light_gray_wool":1,"minecraft:lectern":1,"minecraft:sugar_cane":35,"minecraft:phantom_membrane":2,"minecraft:raw_iron":1050,"minecraft:bamboo_hanging_sign":3,"minecraft:stone_button":1,"minecraft:trident":1,"minecraft:dark_oak_planks":3,"minecraft:arrow":372,"minecraft:brick_stairs":6,"minecraft:golden_carrot":4,"artifacts:digging_claws":1,"minecraft:leather":10,"minecraft:waxed_copper_block":2,"minecraft:gunpowder":88,"minecraft:orange_terracotta":18,"minecraft:cooked_mutton":5,"chococraft:gold_gysahl":2,"minecraft:iron_ingot":54,"minecraft:cooked_chicken":5,"comforts:sleeping_bag_gray":57,"minecraft:book":45,"minecraft:scaffolding":1145,"minecraft:emerald_block":2,"minecraft:stone_brick_slab":1,"minecraft:quartz":92,"minecraft:dandelion":4,"minecraft:raw_iron_block":1,"minecraft:amethyst_shard":24,"chococraft:gysahl_green_seeds":139,"minecraft:blast_furnace":5,"minecraft:white_bed":3,"minecraft:mossy_stone_brick_slab":3,"minecraft:spider_eye":84,"minecraft:brick_slab":9,"minecraft:campfire":1,"minecraft:iron_helmet":2,"minecraft:cherry_sapling":17,"minecraft:terracotta":21,"minecraft:chiseled_tuff_bricks":4,"minecraft:coal":1008},"minecraft:broken":{"minecraft:diamond_helmet":2,"minecraft:iron_boots":1,"minecraft:iron_chestplate":1,"minecraft:iron_sword":1,"minecraft:leather_helmet":1,"minecraft:diamond_leggings":2,"minecraft:stone_hoe":1,"minecraft:iron_axe":1,"minecraft:iron_pickaxe":5,"minecraft:iron_helmet":1,"minecraft:leather_leggings":2,"minecraft:golden_shovel":1,"minecraft:diamond_boots":2,"minecraft:diamond_chestplate":1,"minecraft:leather_boots":1},"minecraft:custom":{"minecraft:interact_with_crafting_table":240,"minecraft:open_barrel":788,"minecraft:bell_ring":5,"minecraft:eat_cake_slice":10,"minecraft:leave_game":40,"minecraft:time_since_death":264472,"minecraft:damage_blocked_by_shield":5067,"minecraft:play_time":1723650,"minecraft:deaths":47,"minecraft:jump":34833,"minecraft:enchant_item":13,"minecraft:interact_with_furnace":147,"minecraft:traded_with_villager":24,"minecraft:interact_with_cartography_table":2,"minecraft:sleep_in_bed":75,"minecraft:damage_dealt":142919,"minecraft:interact_with_smoker":100,"minecraft:inspect_dispenser":13,"minecraft:horse_one_cm":516000,"minecraft:interact_with_smithing_table":1,"minecraft:interact_with_anvil":19,"minecraft:sneak_time":54019,"minecraft:interact_with_blast_furnace":105,"minecraft:total_world_time":1723650,"minecraft:interact_with_stonecutter":13,"minecraft:time_since_rest":19407,"minecraft:swim_one_cm":1129425,"minecraft:fly_one_cm":8618482,"minecraft:open_chest":1551,"minecraft:fall_one_cm":845177,"minecraft:animals_bred":1,"minecraft:sprint_one_cm":5316377,"minecraft:drop":209,"minecraft:talked_to_villager":91,"minecraft:walk_on_water_one_cm":262968,"minecraft:interact_with_loom":2,"minecraft:player_kills":2,"minecraft:crouch_one_cm":151350,"minecraft:mob_kills":797,"minecraft:fill_cauldron":1,"minecraft:climb_one_cm":174694,"minecraft:walk_one_cm":3924001,"minecraft:walk_under_water_one_cm":309721,"minecraft:boat_one_cm":1500760,"minecraft:damage_taken":42874,"minecraft:damage_absorbed":271,"minecraft:trigger_trapped_chest":2},"minecraft:killed":{"minecraft:cave_spider":1,"minecraft:skeleton":146,"minecraft:guardian":3,"minecraft:chicken":6,"minecraft:pillager":77,"minecraft:zombie":213,"minecraft:cow":10,"chococraft:chocobo":1,"minecraft:husk":21,"minecraft:breeze":15,"minecraft:enderman":13,"minecraft:witch":3,"minecraft:spider":79,"minecraft:silverfish":6,"artifacts:mimic":4,"minecraft:pig":7,"minecraft:zombie_villager":3,"minecraft:creeper":54,"minecraft:sheep":3,"minecraft:stray":18,"minecraft:bogged":12,"minecraft:slime":50,"minecraft:phantom":3,"minecraft:drowned":1,"minecraft:bat":2},"minecraft:used":{"minecraft:tuff_bricks":44,"minecraft:chiseled_tuff":1,"minecraft:poppy":2,"minecraft:ladder":1,"minecraft:chest":31,"comforts:sleeping_bag_yellow":5,"minecraft:stone":28,"minecraft:lava_bucket":1,"minecraft:cherry_leaves":74,"minecraft:stone_brick_stairs":2,"minecraft:bow":172,"minecraft:ominous_bottle":1,"minecraft:furnace":5,"minecraft:oak_sapling":13,"minecraft:cooked_cod":2,"minecraft:egg":2,"minecraft:potato":600,"minecraft:diorite":20,"minecraft:cookie":2,"elevatorid:elevator_white":19,"minecraft:golden_apple":6,"minecraft:sand":88,"minecraft:blast_furnace":9,"minecraft:crying_obsidian":11,"minecraft:zombie_head":1,"minecraft:birch_slab":1,"minecraft:deepslate_iron_ore":2,"minecraft:lectern":1,"minecraft:red_terracotta":4,"minecraft:chiseled_tuff_bricks":2,"minecraft:diamond_sword":2526,"minecraft:wooden_sword":22,"minecraft:oak_boat":29,"wormhole:basic_energy_cell":1,"travelersbackpack:sandstone":30,"travelersbackpack:skeleton":5,"minecraft:enchanting_table":4,"minecraft:armor_stand":7,"minecraft:cooked_salmon":3,"minecraft:netherrack":67,"minecraft:trial_key":20,"minecraft:torch":380,"minecraft:brewing_stand":2,"minecraft:anvil":7,"minecraft:wheat":3,"minecraft:golden_shovel":32,"minecraft:iron_axe":580,"minecraft:jungle_log":3,"minecraft:bamboo_hanging_sign":4,"minecraft:smooth_basalt":4,"minecraft:barrel":29,"minecraft:bamboo":7,"minecraft:beef":3,"minecraft:trapped_chest":1,"minecraft:cobbled_deepslate":717,"minecraft:cherry_log":4,"minecraft:orange_terracotta":13,"minecraft:wheat_seeds":16,"minecraft:water_bucket":237,"minecraft:lead":1,"minecraft:waxed_oxidized_cut_copper":3,"minecraft:cauldron":1,"minecraft:tnt":9,"minecraft:crafting_table":16,"minecraft:campfire":1,"minecraft:white_bed":3,"minecraft:cake":2,"minecraft:spruce_log":4,"minecraft:oak_log":2,"minecraft:diamond_pickaxe":3880,"minecraft:oxeye_daisy":1,"minecraft:diamond_shovel":1288,"minecraft:ominous_trial_key":1,"travelersbackpack:bookshelf":43,"minecraft:wind_charge":63,"minecraft:iron_pickaxe":958,"minecraft:cobblestone":1256,"minecraft:potion":1,"minecraft:porkchop":3,"minecraft:dandelion":1,"minecraft:red_sand":84,"minecraft:shield":28,"minecraft:white_terracotta":1,"minecraft:iron_sword":254,"minecraft:carrot":1,"minecraft:waxed_copper_grate":5,"minecraft:tuff":105,"wormhole:portal_frame":37,"minecraft:obsidian":19,"minecraft:honey_bottle":4,"minecraft:glass":126,"minecraft:waxed_oxidized_copper":5,"minecraft:waxed_oxidized_copper_grate":1,"minecraft:bricks":6,"minecraft:coal_ore":86,"minecraft:packed_mud":1,"minecraft:stone_bricks":18,"minecraft:item_frame":19,"minecraft:deepslate_diamond_ore":3,"minecraft:scaffolding":974,"minecraft:diamond_boots":1,"minecraft:stripped_acacia_log":1,"minecraft:oak_planks":1253,"minecraft:ender_pearl":12,"travelersbackpack:iron_golem":9,"minecraft:diamond_axe":1289,"minecraft:mushroom_stew":1,"minecraft:light_gray_terracotta":1,"minecraft:crossbow":2,"minecraft:deepslate_redstone_ore":11,"minecraft:shears":102,"minecraft:polished_tuff":8,"minecraft:bread":16,"minecraft:deepslate":85,"minecraft:gravel":28,"minecraft:andesite":19,"minecraft:smooth_stone_slab":2,"chococraft:gysahl_green":77,"minecraft:bone_meal":63,"minecraft:golden_pickaxe":24,"minecraft:experience_bottle":1,"minecraft:oak_fence":90,"minecraft:flint_and_steel":5,"minecraft:spruce_planks":308,"minecraft:deepslate_gold_ore":17,"minecraft:wooden_shovel":53,"minecraft:stone_hoe":50,"minecraft:cooked_chicken":1,"minecraft:dirt":921,"minecraft:spruce_stairs":241,"minecraft:diamond_helmet":3,"minecraft:pink_carpet":3,"minecraft:spruce_fence":2,"minecraft:granite":53,"minecraft:dark_oak_planks":1,"minecraft:brown_terracotta":7,"minecraft:bookshelf":36,"minecraft:oak_stairs":63,"minecraft:light_gray_wool":1,"minecraft:cooked_beef":3,"minecraft:iron_ore":9,"minecraft:baked_potato":686,"minecraft:stonecutter":1,"minecraft:waxed_copper_block":1,"minecraft:terracotta":16,"minecraft:smoker":8,"minecraft:apple":1,"minecraft:map":1,"comforts:sleeping_bag_gray":57,"minecraft:pink_petals":16,"minecraft:white_banner":6,"minecraft:bucket":259,"minecraft:smooth_stone":58},"minecraft:killed_by":{"minecraft:pillager":1,"minecraft:zombie":8,"minecraft:stray":1,"minecraft:breeze":1,"minecraft:creeper":4,"minecraft:player":6,"minecraft:spider":1,"minecraft:enderman":6,"minecraft:skeleton":11},"minecraft:crafted":{"minecraft:smooth_stone":60,"minecraft:yellow_wool":3,"minecraft:bookshelf":27,"minecraft:cooked_mutton":5,"minecraft:glass":137,"minecraft:quartz_block":23,"minecraft:diamond_helmet":4,"minecraft:diamond_leggings":3,"travelersbackpack:bookshelf":1,"minecraft:wooden_shovel":1,"minecraft:emerald":40,"minecraft:cooked_porkchop":6,"minecraft:diamond_axe":1,"travelersbackpack:standard":1,"minecraft:copper_ingot":126,"minecraft:stone_brick_stairs":2,"comforts:sleeping_bag_yellow":1,"comforts:sleeping_bag_gray":1,"minecraft:compass":1,"minecraft:iron_pickaxe":2,"minecraft:iron_block":6,"minecraft:gold_ingot":186,"hangglider:glider_framework":1,"wormhole:advanced_target_device":1,"minecraft:smooth_stone_slab":6,"minecraft:wind_charge":40,"minecraft:bone_meal":72,"hangglider:glider_wing":2,"minecraft:pink_dye":2,"minecraft:spruce_stairs":196,"minecraft:diamond_boots":3,"minecraft:redstone_block":7,"minecraft:wheat":72,"minecraft:enchanting_table":1,"wormhole:portal_frame":24,"minecraft:glowstone":32,"minecraft:enchanted_book":2,"minecraft:golden_apple":4,"minecraft:oak_stairs":36,"minecraft:iron_leggings":1,"chococraft:chocobo_saddle":1,"minecraft:armor_stand":4,"wormhole:basic_energy_cell":1,"minecraft:oak_planks":1196,"minecraft:barrel":6,"minecraft:cherry_slab":12,"hangglider:hang_glider":1,"minecraft:stone":6,"minecraft:pink_carpet":3,"minecraft:bow":1,"minecraft:iron_boots":2,"minecraft:chest":23,"wormhole:target_device":1,"minecraft:stone_bricks":16,"minecraft:oak_fence":87,"minecraft:raw_iron_block":15,"minecraft:smoker":1,"minecraft:item_frame":17,"minecraft:cauldron":1,"minecraft:crafting_table":15,"minecraft:spruce_planks":632,"minecraft:baked_potato":1056,"minecraft:iron_helmet":2,"travelersbackpack:creeper":1,"minecraft:tnt":4,"minecraft:emerald_block":8,"minecraft:book":19,"minecraft:iron_chestplate":1,"minecraft:paper":54,"minecraft:diamond_pickaxe":3,"minecraft:yellow_dye":3,"minecraft:pink_wool":2,"minecraft:shield":1,"minecraft:stick":244,"minecraft:iron_ingot":934,"minecraft:shears":1,"minecraft:cherry_planks":288,"minecraft:wooden_sword":1,"minecraft:raw_iron":9,"minecraft:furnace":7,"minecraft:blast_furnace":4,"minecraft:diamond_block":8,"minecraft:flint_and_steel":2,"minecraft:iron_axe":3,"minecraft:sugar":3,"minecraft:red_dye":2,"minecraft:diamond_sword":2,"elevatorid:elevator_white":10,"minecraft:iron_sword":1,"minecraft:bucket":3,"minecraft:air":0,"minecraft:oak_boat":1,"minecraft:white_wool":31,"minecraft:anvil":2,"minecraft:torch":168,"minecraft:diamond_chestplate":2}},"DataVersion":3955}