{"stats":{"minecraft:picked_up":{"minecraft:iron_chestplate":2,"chococraft:loverly_gysahl_green":11,"minecraft:wheat":71,"minecraft:anvil":5,"minecraft:chainmail_boots":1,"minecraft:prismarine_shard":5,"minecraft:lead":26,"minecraft:diamond_sword":1,"minecraft:oak_stairs":30,"minecraft:enchanted_book":4,"minecraft:potion":5,"minecraft:golden_shovel":1,"minecraft:stone_brick_stairs":1,"minecraft:brewing_stand":2,"minecraft:string":94,"minecraft:raw_copper":116,"minecraft:iron_leggings":2,"minecraft:orange_glazed_terracotta":3,"minecraft:armor_stand":3,"universal_graves:grave_compass":1,"minecraft:zombie_head":1,"minecraft:smooth_stone":16,"minecraft:cobbled_deepslate":485,"bosses_of_mass_destruction:soul_star":1,"minecraft:bucket":1,"minecraft:spruce_planks":54,"wormhole:basic_energy_cell":1,"minecraft:trial_key":22,"minecraft:iron_pickaxe":1,"minecraft:hopper_minecart":2,"minecraft:enchanted_golden_apple":1,"hangglider:hang_glider":1,"minecraft:melon_slice":2,"minecraft:deepslate_iron_ore":2,"minecraft:furnace":4,"minecraft:tipped_arrow":36,"minecraft:stick":59,"minecraft:oak_fence":10,"minecraft:torch":133,"minecraft:spruce_stairs":38,"minecraft:porkchop":21,"minecraft:cherry_log":22,"minecraft:waxed_copper_grate":11,"minecraft:diorite":57,"minecraft:honey_bottle":13,"minecraft:rotten_flesh":202,"minecraft:bookshelf":9,"comforts:sleeping_bag_yellow":5,"minecraft:white_terracotta":7,"minecraft:blaze_rod":88,"minecraft:obsidian":43,"minecraft:cod":2,"minecraft:snowball":2,"minecraft:cobblestone":1363,"minecraft:enchanting_table":3,"minecraft:furnace_minecart":2,"minecraft:pink_petals":473,"minecraft:leather_chestplate":1,"minecraft:feather":10,"minecraft:cooked_beef":59,"minecraft:cherry_leaves":102,"minecraft:birch_slab":1,"minecraft:andesite":46,"minecraft:golden_leggings":1,"minecraft:smoker":7,"minecraft:potato":1772,"minecraft:flint":6,"minecraft:tuff":11,"minecraft:lapis_lazuli":357,"minecraft:dirt":1210,"artifacts:flippers":1,"artifacts:shock_pendant":2,"minecraft:leather_boots":1,"travelersbackpack:bookshelf":10,"minecraft:bone":168,"minecraft:stonecutter":1,"minecraft:bow":13,"minecraft:wheat_seeds":19,"minecraft:raw_gold":92,"minecraft:bolt_armor_trim_smithing_template":3,"minecraft:guster_banner_pattern":3,"minecraft:fletching_table":1,"minecraft:bamboo":96,"minecraft:glowstone_dust":136,"minecraft:oak_planks":415,"minecraft:scrape_pottery_sherd":6,"minecraft:cooked_porkchop":6,"minecraft:poisonous_potato":16,"minecraft:sand":256,"minecraft:grass_block":2,"minecraft:trapped_chest":1,"minecraft:barrel":19,"minecraft:mossy_cobblestone":1,"minecraft:light_gray_terracotta":3,"minecraft:blue_terracotta":10,"minecraft:sugar":2,"minecraft:deepslate":469,"minecraft:diamond":116,"minecraft:deepslate_gold_ore":29,"minecraft:waxed_oxidized_copper_grate":1,"minecraft:breeze_rod":37,"minecraft:crossbow":4,"minecraft:granite":83,"minecraft:golden_apple":2,"minecraft:chainmail_helmet":1,"minecraft:emerald":81,"minecraft:bread":121,"minecraft:oak_sapling":60,"minecraft:netherrack":4,"minecraft:ominous_trial_key":1,"minecraft:dark_oak_fence":11,"minecraft:bricks":6,"minecraft:oak_leaves":1,"minecraft:diamond_pickaxe":1,"minecraft:waxed_oxidized_cut_copper":3,"minecraft:crafting_table":2,"minecraft:ominous_bottle":12,"minecraft:chicken":6,"minecraft:ladder":1,"minecraft:leather_leggings":3,"minecraft:gold_block":2,"travelersbackpack:sandstone":1,"minecraft:shield":5,"minecraft:brick":204,"minecraft:wind_charge":23,"minecraft:iron_axe":1,"minecraft:item_frame":2,"minecraft:iron_shovel":1,"minecraft:deepslate_diamond_ore":3,"minecraft:beef":11,"minecraft:oak_boat":25,"minecraft:chiseled_tuff":3,"minecraft:iron_nugget":10,"minecraft:poppy":3,"minecraft:light_gray_wool":1,"minecraft:lectern":1,"minecraft:minecart":1,"minecraft:guster_pottery_sherd":3,"minecraft:sugar_cane":35,"minecraft:chest":8,"minecraft:waxed_oxidized_copper":11,"minecraft:egg":17,"minecraft:raw_iron":513,"minecraft:sandstone":3,"minecraft:stone":253,"minecraft:bamboo_hanging_sign":3,"minecraft:flow_pottery_sherd":3,"wormhole:portal_frame":18,"minecraft:stone_button":1,"minecraft:trident":1,"minecraft:carrot":7,"minecraft:redstone":430,"minecraft:dark_oak_planks":3,"minecraft:tnt":5,"travelersbackpack:snow":1,"minecraft:arrow":366,"minecraft:diamond_chestplate":1,"minecraft:beetroot_seeds":7,"minecraft:decorated_pot":5,"minecraft:hay_block":158,"minecraft:tuff_bricks":94,"minecraft:brick_stairs":5,"minecraft:mutton":5,"minecraft:white_wool":28,"minecraft:rail":9,"minecraft:oxeye_daisy":1,"minecraft:mud_bricks":23,"minecraft:golden_carrot":4,"artifacts:digging_claws":1,"minecraft:leather":9,"minecraft:filled_map":1,"minecraft:packed_mud":1,"minecraft:oak_log":617,"minecraft:waxed_copper_block":2,"minecraft:lily_pad":9,"minecraft:golden_boots":1,"minecraft:gunpowder":75,"minecraft:white_banner":6,"minecraft:cooked_mutton":5,"chococraft:chocobo_feather":4,"chococraft:gysahl_green":248,"minecraft:apple":17,"minecraft:stone_bricks":4,"minecraft:kelp":6,"chococraft:gold_gysahl":1,"minecraft:iron_ingot":49,"minecraft:cooked_chicken":5,"minecraft:iron_ore":9,"comforts:sleeping_bag_gray":45,"travelersbackpack:skeleton":1,"minecraft:glass_bottle":1,"minecraft:iron_sword":1,"minecraft:book":21,"minecraft:scaffolding":520,"elevatorid:elevator_white":3,"minecraft:emerald_block":2,"minecraft:stone_brick_slab":1,"minecraft:dandelion":4,"minecraft:quartz":92,"minecraft:light_blue_glazed_terracotta":9,"minecraft:gravel":94,"chococraft:gysahl_green_seeds":83,"minecraft:spruce_sapling":2,"minecraft:blast_furnace":5,"minecraft:white_bed":3,"minecraft:spruce_log":109,"minecraft:crying_obsidian":8,"minecraft:spider_eye":82,"minecraft:polished_tuff":17,"minecraft:brick_slab":9,"minecraft:coal_ore":86,"minecraft:slime_ball":49,"minecraft:campfire":1,"minecraft:iron_helmet":2,"minecraft:diamond_axe":1,"minecraft:deepslate_redstone_ore":11,"minecraft:cherry_sapling":7,"minecraft:oak_button":2,"minecraft:baked_potato":276,"minecraft:melon_seeds":2,"minecraft:coal":701,"minecraft:chiseled_tuff_bricks":4,"minecraft:ender_pearl":4},"minecraft:broken":{"minecraft:diamond_helmet":1,"minecraft:leather_leggings":2,"minecraft:iron_boots":1,"minecraft:iron_chestplate":1,"minecraft:golden_shovel":1,"minecraft:diamond_boots":2,"minecraft:iron_sword":1,"minecraft:leather_helmet":1,"minecraft:diamond_chestplate":1,"minecraft:diamond_leggings":2,"minecraft:iron_axe":1,"minecraft:leather_boots":1,"minecraft:iron_pickaxe":5,"minecraft:iron_helmet":1},"minecraft:killed_by":{"minecraft:creeper":4,"minecraft:pillager":1,"minecraft:zombie":7,"minecraft:player":6,"minecraft:stray":1,"minecraft:spider":1,"minecraft:enderman":6,"minecraft:skeleton":9,"minecraft:breeze":1},"minecraft:used":{"minecraft:tuff_bricks":44,"minecraft:chiseled_tuff":1,"minecraft:ladder":1,"comforts:sleeping_bag_yellow":5,"minecraft:chest":29,"minecraft:shield":28,"minecraft:stone":28,"minecraft:iron_sword":254,"minecraft:carrot":1,"minecraft:tuff":13,"minecraft:waxed_copper_grate":5,"wormhole:portal_frame":37,"minecraft:obsidian":19,"minecraft:honey_bottle":4,"minecraft:glass":108,"minecraft:waxed_oxidized_copper":5,"minecraft:waxed_oxidized_copper_grate":1,"minecraft:lava_bucket":1,"minecraft:bricks":6,"minecraft:coal_ore":86,"minecraft:packed_mud":1,"minecraft:cherry_leaves":74,"minecraft:stone_brick_stairs":2,"minecraft:stone_bricks":18,"minecraft:item_frame":19,"minecraft:deepslate_diamond_ore":3,"minecraft:bow":172,"minecraft:scaffolding":316,"minecraft:ominous_bottle":1,"minecraft:oak_sapling":13,"minecraft:cooked_cod":2,"minecraft:furnace":5,"minecraft:egg":2,"minecraft:potato":476,"minecraft:diorite":5,"minecraft:diamond_boots":1,"minecraft:oak_planks":1235,"minecraft:ender_pearl":1,"minecraft:diamond_axe":1172,"minecraft:cookie":2,"minecraft:golden_apple":6,"elevatorid:elevator_white":9,"minecraft:sand":75,"minecraft:mushroom_stew":1,"minecraft:blast_furnace":9,"minecraft:deepslate_redstone_ore":5,"minecraft:shears":102,"minecraft:polished_tuff":8,"minecraft:crying_obsidian":8,"minecraft:birch_slab":1,"minecraft:deepslate_iron_ore":2,"minecraft:bread":16,"minecraft:zombie_head":1,"minecraft:lectern":1,"minecraft:deepslate":21,"minecraft:gravel":24,"minecraft:chiseled_tuff_bricks":2,"minecraft:diamond_sword":2125,"minecraft:wooden_sword":22,"minecraft:andesite":7,"chococraft:gysahl_green":77,"minecraft:smooth_stone_slab":2,"minecraft:golden_pickaxe":24,"wormhole:basic_energy_cell":1,"minecraft:oak_boat":25,"minecraft:bone_meal":63,"minecraft:experience_bottle":1,"minecraft:oak_fence":90,"minecraft:enchanting_table":4,"minecraft:flint_and_steel":5,"minecraft:armor_stand":7,"minecraft:spruce_planks":303,"minecraft:deepslate_gold_ore":17,"minecraft:cooked_salmon":3,"minecraft:wooden_shovel":53,"minecraft:cooked_chicken":1,"minecraft:trial_key":20,"minecraft:torch":241,"minecraft:brewing_stand":2,"minecraft:dirt":839,"minecraft:anvil":7,"minecraft:diamond_helmet":3,"minecraft:pink_carpet":3,"minecraft:golden_shovel":32,"minecraft:spruce_stairs":101,"minecraft:granite":29,"minecraft:dark_oak_planks":1,"minecraft:bookshelf":25,"minecraft:iron_axe":580,"minecraft:oak_stairs":63,"minecraft:bamboo_hanging_sign":4,"minecraft:bamboo":7,"minecraft:barrel":28,"minecraft:light_gray_wool":1,"minecraft:beef":1,"minecraft:trapped_chest":1,"minecraft:cooked_beef":3,"minecraft:cobbled_deepslate":254,"minecraft:cherry_log":4,"minecraft:water_bucket":223,"minecraft:iron_ore":9,"minecraft:lead":1,"minecraft:baked_potato":520,"minecraft:waxed_oxidized_cut_copper":3,"minecraft:cauldron":1,"minecraft:stonecutter":1,"minecraft:waxed_copper_block":1,"minecraft:tnt":9,"minecraft:crafting_table":16,"minecraft:white_bed":3,"minecraft:campfire":1,"minecraft:spruce_log":4,"minecraft:cake":2,"minecraft:smoker":8,"minecraft:oak_log":2,"minecraft:oxeye_daisy":1,"minecraft:diamond_pickaxe":2520,"minecraft:apple":1,"minecraft:ominous_trial_key":1,"minecraft:diamond_shovel":1032,"minecraft:wind_charge":63,"travelersbackpack:bookshelf":38,"minecraft:iron_pickaxe":822,"comforts:sleeping_bag_gray":45,"minecraft:pink_petals":16,"minecraft:cobblestone":804,"minecraft:potion":1,"minecraft:white_banner":6,"minecraft:porkchop":3,"minecraft:bucket":233,"minecraft:dandelion":1,"minecraft:smooth_stone":58},"minecraft:crafted":{"minecraft:yellow_wool":3,"minecraft:smooth_stone":60,"wormhole:basic_energy_cell":1,"minecraft:oak_planks":1196,"minecraft:barrel":6,"minecraft:cherry_slab":12,"hangglider:hang_glider":1,"minecraft:stone":6,"minecraft:pink_carpet":3,"minecraft:bookshelf":16,"minecraft:cooked_mutton":5,"minecraft:quartz_block":23,"minecraft:glass":108,"minecraft:diamond_leggings":2,"minecraft:diamond_helmet":3,"minecraft:bow":1,"minecraft:iron_boots":2,"minecraft:chest":21,"wormhole:target_device":1,"minecraft:stone_bricks":16,"minecraft:oak_fence":87,"minecraft:smoker":1,"minecraft:item_frame":17,"travelersbackpack:bookshelf":1,"minecraft:wooden_shovel":1,"minecraft:emerald":24,"minecraft:cauldron":1,"minecraft:cooked_porkchop":6,"minecraft:diamond_axe":1,"minecraft:crafting_table":15,"minecraft:spruce_planks":440,"minecraft:iron_helmet":2,"minecraft:baked_potato":924,"minecraft:copper_ingot":126,"minecraft:tnt":3,"comforts:sleeping_bag_yellow":1,"minecraft:stone_brick_stairs":2,"comforts:sleeping_bag_gray":1,"minecraft:iron_chestplate":1,"minecraft:book":19,"minecraft:paper":54,"minecraft:pink_wool":2,"minecraft:diamond_pickaxe":3,"minecraft:yellow_dye":3,"minecraft:shield":1,"minecraft:stick":244,"minecraft:iron_ingot":461,"minecraft:compass":1,"minecraft:iron_pickaxe":2,"minecraft:iron_block":6,"minecraft:gold_ingot":109,"minecraft:shears":1,"hangglider:glider_framework":1,"minecraft:cherry_planks":288,"minecraft:wooden_sword":1,"wormhole:advanced_target_device":1,"minecraft:smooth_stone_slab":6,"minecraft:wind_charge":40,"minecraft:furnace":7,"minecraft:blast_furnace":4,"minecraft:bone_meal":72,"hangglider:glider_wing":2,"minecraft:pink_dye":2,"minecraft:flint_and_steel":2,"minecraft:spruce_stairs":80,"minecraft:iron_axe":3,"minecraft:diamond_boots":2,"minecraft:redstone_block":7,"minecraft:sugar":3,"minecraft:red_dye":2,"minecraft:diamond_sword":2,"elevatorid:elevator_white":6,"minecraft:enchanting_table":1,"minecraft:iron_sword":1,"minecraft:bucket":3,"wormhole:portal_frame":24,"minecraft:glowstone":32,"minecraft:enchanted_book":2,"minecraft:air":0,"minecraft:oak_boat":1,"minecraft:white_wool":25,"minecraft:golden_apple":4,"minecraft:oak_stairs":36,"minecraft:iron_leggings":1,"chococraft:chocobo_saddle":1,"minecraft:armor_stand":4,"minecraft:anvil":2,"minecraft:torch":168,"minecraft:diamond_chestplate":2},"minecraft:dropped":{"minecraft:iron_sword":1,"minecraft:lapis_lazuli":2,"minecraft:baked_potato":2,"minecraft:diamond":2,"minecraft:flint":1,"minecraft:dirt":10,"minecraft:dark_oak_fence":10,"minecraft:wooden_sword":1,"minecraft:sand":28,"minecraft:gravel":17,"hangglider:hang_glider":1,"minecraft:cobbled_deepslate":68,"minecraft:wheat":6,"minecraft:rotten_flesh":30,"universal_graves:grave_compass":4,"minecraft:oak_planks":1,"minecraft:leather_chestplate":1,"minecraft:beetroot_seeds":7,"minecraft:melon_seeds":2,"minecraft:leather_boots":1,"minecraft:leather_leggings":1,"minecraft:stone_brick_stairs":1,"minecraft:netherrack":3,"minecraft:enchanted_book":2,"minecraft:wheat_seeds":3,"minecraft:mossy_cobblestone":1,"minecraft:tnt":4,"minecraft:iron_helmet":2,"minecraft:feather":2,"minecraft:cobblestone":3,"minecraft:granite":26,"minecraft:grass_block":1,"minecraft:stick":2,"minecraft:diorite":15,"minecraft:map":1,"minecraft:iron_leggings":4,"minecraft:iron_axe":1,"minecraft:iron_shovel":1,"minecraft:string":17,"minecraft:lily_pad":9,"minecraft:bucket":1,"minecraft:spruce_sapling":7,"minecraft:stone_brick_slab":1,"minecraft:redstone":1,"minecraft:kelp":6,"minecraft:sweet_berries":11,"minecraft:deepslate":205,"minecraft:tuff":1,"minecraft:raw_iron":11,"minecraft:iron_boots":1,"minecraft:flint_and_steel":1,"minecraft:filled_map":3,"minecraft:diamond_sword":1,"minecraft:potato":16,"minecraft:shield":2,"minecraft:trial_key":2,"minecraft:spruce_planks":1,"minecraft:diamond_pickaxe":1,"minecraft:andesite":8,"minecraft:wooden_shovel":1,"minecraft:spider_eye":5,"minecraft:sandstone":3,"minecraft:bow":3},"minecraft:killed":{"minecraft:witch":3,"minecraft:spider":73,"minecraft:skeleton":139,"minecraft:guardian":3,"minecraft:chicken":6,"minecraft:silverfish":6,"artifacts:mimic":4,"minecraft:pig":7,"minecraft:zombie_villager":2,"minecraft:creeper":48,"minecraft:sheep":3,"minecraft:pillager":45,"minecraft:zombie":176,"minecraft:stray":18,"minecraft:cow":7,"minecraft:bogged":12,"minecraft:slime":50,"minecraft:husk":21,"minecraft:bat":2,"minecraft:breeze":15,"minecraft:enderman":9},"minecraft:mined":{"minecraft:dark_oak_planks":3,"minecraft:spruce_planks":52,"minecraft:white_bed":3,"minecraft:cherry_log":19,"minecraft:brewing_stand":2,"minecraft:obsidian":44,"wormhole:portal_frame":19,"minecraft:granite":85,"minecraft:grass_block":436,"minecraft:mud_bricks":23,"minecraft:chiseled_tuff_bricks":4,"minecraft:oxeye_daisy":1,"minecraft:tuff_bricks":85,"minecraft:smooth_stone":16,"minecraft:bamboo_wall_hanging_sign":3,"minecraft:iron_ore":77,"minecraft:barrel":19,"minecraft:fire":8,"minecraft:cobbled_deepslate":23,"minecraft:polished_tuff":18,"minecraft:anvil":5,"minecraft:deepslate_lapis_ore":10,"minecraft:dark_oak_stairs":1,"minecraft:enchanting_table":3,"chococraft:gysahl_green":90,"minecraft:dirt_path":4,"minecraft:oak_stairs":29,"minecraft:deepslate_redstone_ore":12,"minecraft:kelp_plant":8,"minecraft:smoker":7,"minecraft:orange_terracotta":1,"minecraft:torch":45,"minecraft:light_gray_terracotta":3,"minecraft:blast_furnace":5,"minecraft:poppy":2,"minecraft:chest":8,"minecraft:glass":4,"minecraft:cobblestone":110,"minecraft:oak_planks":409,"minecraft:sugar_cane":9,"minecraft:bricks":6,"minecraft:wall_torch":65,"minecraft:pink_petals":74,"minecraft:seagrass":1,"minecraft:white_terracotta":7,"minecraft:blue_terracotta":10,"minecraft:waxed_copper_block":2,"minecraft:light_gray_wool":1,"minecraft:tnt":3,"minecraft:stone_brick_stairs":1,"minecraft:oak_log":617,"minecraft:waxed_oxidized_copper":5,"minecraft:sand":264,"minecraft:dirt":459,"minecraft:stonecutter":1,"minecraft:netherrack":4,"minecraft:deepslate":764,"minecraft:oak_leaves":219,"minecraft:suspicious_gravel":2,"minecraft:crying_obsidian":8,"minecraft:tuff":12,"minecraft:mossy_cobblestone":1,"minecraft:deepslate_diamond_ore":38,"minecraft:dark_oak_log":1,"minecraft:dark_oak_fence":24,"minecraft:ladder":1,"minecraft:decorated_pot":59,"minecraft:brick_stairs":5,"minecraft:light_blue_glazed_terracotta":10,"travelersbackpack:bookshelf":10,"minecraft:birch_slab":1,"minecraft:spruce_leaves":41,"minecraft:kelp":4,"minecraft:sandstone":30,"minecraft:hay_block":80,"minecraft:redstone_ore":2,"minecraft:packed_mud":1,"minecraft:waxed_oxidized_cut_copper":1,"minecraft:furnace":3,"minecraft:waxed_copper_grate":11,"minecraft:snow":2,"minecraft:andesite":65,"minecraft:gold_block":2,"minecraft:chiseled_tuff":3,"comforts:sleeping_bag_gray":2,"minecraft:bookshelf":16,"minecraft:potatoes":474,"minecraft:deepslate_iron_ore":36,"minecraft:packed_ice":5,"minecraft:bamboo":7,"minecraft:stone":1557,"wormhole:basic_energy_cell":1,"minecraft:orange_glazed_terracotta":3,"minecraft:mud_brick_slab":1,"minecraft:scaffolding":68,"minecraft:stone_brick_slab":1,"minecraft:oak_fence":10,"minecraft:crafting_table":2,"minecraft:short_grass":87,"minecraft:campfire":1,"minecraft:lectern":1,"minecraft:copper_ore":6,"minecraft:tall_grass":14,"minecraft:lapis_ore":6,"minecraft:deepslate_gold_ore":21,"minecraft:diorite":72,"minecraft:spruce_stairs":39,"minecraft:coarse_dirt":2,"minecraft:brick_slab":9,"minecraft:waxed_oxidized_copper_grate":1,"minecraft:ice":4,"minecraft:birch_leaves":2,"minecraft:spruce_log":112,"minecraft:white_wall_banner":2,"elevatorid:elevator_white":3,"minecraft:coal_ore":28,"minecraft:zombie_head":1,"minecraft:cherry_leaves":213,"minecraft:gravel":88,"minecraft:cobweb":7,"minecraft:cracked_stone_bricks":5,"minecraft:stone_bricks":11,"minecraft:mossy_stone_bricks":1,"minecraft:gold_ore":2,"minecraft:deepslate_emerald_ore":1,"minecraft:fern":1},"minecraft:custom":{"minecraft:animals_bred":1,"minecraft:interact_with_crafting_table":213,"minecraft:open_barrel":703,"minecraft:bell_ring":4,"minecraft:eat_cake_slice":8,"minecraft:leave_game":34,"minecraft:time_since_death":48247,"minecraft:sprint_one_cm":4113728,"minecraft:damage_blocked_by_shield":5067,"minecraft:drop":136,"minecraft:talked_to_villager":44,"minecraft:play_time":1357765,"minecraft:deaths":44,"minecraft:jump":26132,"minecraft:walk_on_water_one_cm":192224,"minecraft:enchant_item":10,"minecraft:interact_with_furnace":132,"minecraft:traded_with_villager":8,"minecraft:interact_with_loom":1,"minecraft:sleep_in_bed":63,"minecraft:damage_dealt":118563,"minecraft:player_kills":2,"minecraft:crouch_one_cm":98196,"minecraft:interact_with_smoker":92,"minecraft:inspect_dispenser":13,"minecraft:horse_one_cm":514751,"minecraft:interact_with_smithing_table":1,"minecraft:interact_with_anvil":8,"minecraft:mob_kills":687,"minecraft:fill_cauldron":1,"minecraft:climb_one_cm":79427,"minecraft:walk_one_cm":3212420,"minecraft:sneak_time":32412,"minecraft:walk_under_water_one_cm":210271,"minecraft:boat_one_cm":1424608,"minecraft:interact_with_blast_furnace":69,"minecraft:total_world_time":1357765,"minecraft:interact_with_stonecutter":10,"minecraft:time_since_rest":42316,"minecraft:damage_absorbed":239,"minecraft:damage_taken":35988,"minecraft:trigger_trapped_chest":2,"minecraft:swim_one_cm":524728,"minecraft:fly_one_cm":6013402,"minecraft:open_chest":1288,"minecraft:fall_one_cm":648431}},"DataVersion":3955}