{"stats":{"minecraft:dropped":{"minecraft:iron_sword":1,"chococraft:loverly_gysahl_green":3,"minecraft:lapis_lazuli":64,"minecraft:glass_bottle":2,"minecraft:diamond":2,"minecraft:crossbow":7,"minecraft:warped_roots":4,"minecraft:cracked_stone_bricks":7,"minecraft:red_mushroom":4,"minecraft:dirt":26,"minecraft:dark_oak_fence":10,"minecraft:wooden_sword":1,"minecraft:sand":28,"minecraft:iron_pickaxe":1,"minecraft:bone":9,"minecraft:sugar_cane":1,"minecraft:golden_chestplate":1,"minecraft:cobbled_deepslate":237,"minecraft:wheat":66,"minecraft:rotten_flesh":43,"universal_graves:grave_compass":7,"minecraft:oak_planks":1,"minecraft:light_gray_carpet":2,"minecraft:nether_brick_fence":1,"minecraft:black_glazed_terracotta":1,"minecraft:tipped_arrow":5,"minecraft:brick_stairs":1,"minecraft:leather_boots":1,"minecraft:leather_leggings":2,"minecraft:stone_brick_stairs":1,"minecraft:enchanted_book":2,"minecraft:golden_boots":1,"minecraft:netherite_pickaxe":1,"minecraft:wheat_seeds":11,"minecraft:tnt":4,"minecraft:iron_helmet":2,"minecraft:feather":2,"minecraft:cobblestone":5,"chococraft:gysahl_green_seeds":57,"minecraft:granite":41,"minecraft:coal":4,"minecraft:golden_apple":8,"minecraft:potion":1,"minecraft:brown_terracotta":1,"minecraft:iron_shovel":1,"minecraft:string":19,"minecraft:lily_pad":9,"minecraft:spruce_sapling":7,"minecraft:stone_brick_slab":1,"minecraft:bricks":2,"minecraft:moss_carpet":1,"minecraft:stone_sword":3,"minecraft:deepslate":269,"minecraft:white_carpet":9,"minecraft:iron_boots":1,"minecraft:white_terracotta":2,"minecraft:nether_bricks":42,"minecraft:diamond_sword":3,"minecraft:big_dripleaf":1,"minecraft:potato":16,"minecraft:spruce_planks":3,"minecraft:diamond_pickaxe":1,"minecraft:wooden_shovel":1,"minecraft:bamboo":1,"minecraft:spider_eye":11,"minecraft:stone_bricks":3,"minecraft:sandstone":3,"minecraft:bow":6,"minecraft:magma_block":33,"minecraft:terracotta":5,"minecraft:moss_block":1,"minecraft:baked_potato":130,"minecraft:golden_pickaxe":1,"minecraft:flint":3,"minecraft:cracked_polished_blackstone_bricks":11,"minecraft:polished_blackstone_brick_stairs":3,"minecraft:crimson_roots":6,"minecraft:snowball":73,"minecraft:gilded_blackstone":2,"minecraft:polished_blackstone_bricks":89,"minecraft:gold_ingot":4,"minecraft:gravel":104,"minecraft:crimson_fungus":2,"minecraft:blackstone":197,"hangglider:hang_glider":1,"minecraft:chiseled_tuff_bricks":4,"minecraft:twisting_vines":4,"minecraft:diamond_shovel":2,"minecraft:mossy_stone_brick_slab":2,"minecraft:carrot":1,"minecraft:chainmail_chestplate":3,"minecraft:leather_chestplate":2,"minecraft:beetroot_seeds":7,"minecraft:melon_seeds":2,"minecraft:azalea":1,"minecraft:chainmail_boots":3,"minecraft:arrow":68,"minecraft:basalt":621,"minecraft:quartz":361,"minecraft:netherrack":12947,"minecraft:golden_helmet":2,"minecraft:mossy_cobblestone":1,"minecraft:golden_axe":1,"minecraft:polished_tuff":1,"minecraft:amethyst_block":3,"minecraft:grass_block":2,"minecraft:stick":2,"minecraft:diorite":39,"minecraft:map":1,"minecraft:iron_leggings":4,"minecraft:iron_axe":2,"minecraft:bucket":1,"minecraft:redstone":1,"minecraft:kelp":6,"minecraft:tuff_bricks":19,"minecraft:sweet_berries":11,"minecraft:warped_nylium":5,"minecraft:coarse_dirt":3,"minecraft:raw_copper":101,"chococraft:chocobo_feather":2,"minecraft:light_gray_terracotta":2,"minecraft:tuff":1,"minecraft:raw_iron":11,"minecraft:red_terracotta":7,"minecraft:flint_and_steel":1,"minecraft:filled_map":3,"minecraft:gray_terracotta":10,"minecraft:shield":2,"minecraft:trial_key":2,"minecraft:orange_terracotta":5,"minecraft:andesite":37,"minecraft:golden_leggings":3,"minecraft:golden_sword":3,"minecraft:nether_quartz_ore":7,"chococraft:gysahl_green":94},"minecraft:mined":{"minecraft:dark_oak_planks":3,"minecraft:white_bed":3,"minecraft:cherry_log":36,"minecraft:jungle_leaves":23,"minecraft:obsidian":47,"wormhole:portal_frame":33,"minecraft:granite":131,"minecraft:red_sand":84,"minecraft:jungle_log":3,"minecraft:chiseled_tuff_bricks":10,"minecraft:oxeye_daisy":1,"minecraft:crimson_fungus":1,"minecraft:nether_wart":14,"minecraft:spawner":5,"minecraft:polished_blackstone_bricks":168,"minecraft:tall_seagrass":1,"minecraft:magma_block":63,"minecraft:cobbled_deepslate":169,"minecraft:fire":179,"minecraft:barrel":24,"minecraft:deepslate_lapis_ore":14,"minecraft:nether_brick_stairs":2,"minecraft:enchanting_table":3,"minecraft:dirt_path":11,"minecraft:oak_stairs":29,"minecraft:small_amethyst_bud":1,"minecraft:kelp_plant":8,"minecraft:smoker":7,"minecraft:crimson_nylium":35,"minecraft:soul_fire":2,"minecraft:amethyst_cluster":2,"minecraft:torch":135,"minecraft:blast_furnace":5,"minecraft:glass":4,"minecraft:sugar_cane":9,"minecraft:bricks":10,"minecraft:amethyst_block":7,"minecraft:skeleton_skull":1,"minecraft:white_terracotta":10,"minecraft:wheat":7,"minecraft:waxed_copper_block":2,"minecraft:stone_brick_stairs":7,"minecraft:oak_fence_gate":2,"minecraft:smooth_basalt":6,"minecraft:stonecutter":1,"minecraft:deepslate":1253,"minecraft:suspicious_gravel":2,"minecraft:mossy_cobblestone":1,"minecraft:dark_oak_log":1,"minecraft:nether_bricks":44,"minecraft:dark_oak_fence":32,"minecraft:spruce_fence":5,"minecraft:crimson_roots":3,"travelersbackpack:bookshelf":12,"minecraft:kelp":4,"minecraft:moss_block":1,"minecraft:redstone_ore":2,"minecraft:waxed_oxidized_cut_copper":1,"minecraft:packed_mud":1,"minecraft:waxed_copper_grate":11,"minecraft:snow":3,"minecraft:andesite":119,"minecraft:chiseled_tuff":3,"comforts:sleeping_bag_gray":2,"minecraft:potatoes":821,"minecraft:vine":1,"bosses_of_mass_destruction:gauntlet_blackstone":1,"minecraft:bamboo":7,"wormhole:basic_energy_cell":1,"minecraft:mud_brick_slab":1,"minecraft:light_gray_carpet":3,"minecraft:soul_sand":22,"minecraft:stone_brick_slab":1,"minecraft:cornflower":23,"minecraft:short_grass":141,"minecraft:emerald_ore":10,"minecraft:warped_roots":1,"minecraft:campfire":1,"minecraft:copper_ore":8,"minecraft:tall_grass":18,"minecraft:deepslate_gold_ore":24,"minecraft:diorite":114,"minecraft:big_dripleaf":1,"minecraft:purple_bed":1,"minecraft:red_terracotta":11,"minecraft:coarse_dirt":5,"minecraft:white_carpet":9,"minecraft:spruce_log":112,"minecraft:birch_leaves":6,"minecraft:zombie_head":1,"minecraft:gravel":196,"minecraft:cobweb":21,"minecraft:brown_terracotta":8,"minecraft:stone_bricks":25,"minecraft:gold_ore":3,"minecraft:deepslate_emerald_ore":1,"minecraft:fern":4,"minecraft:spruce_planks":61,"minecraft:farmland":1,"minecraft:mossy_stone_brick_slab":2,"minecraft:brewing_stand":2,"minecraft:budding_amethyst":2,"minecraft:grass_block":536,"minecraft:cracked_polished_blackstone_bricks":37,"minecraft:soul_soil":1,"minecraft:mud_bricks":23,"minecraft:tuff_bricks":112,"minecraft:gilded_blackstone":3,"minecraft:smooth_stone":16,"minecraft:bamboo_wall_hanging_sign":3,"minecraft:raw_iron_block":1,"minecraft:glowstone":1,"minecraft:iron_ore":93,"minecraft:polished_tuff":33,"minecraft:anvil":6,"minecraft:dark_oak_stairs":1,"chococraft:gysahl_green":148,"travelersbackpack:skeleton":2,"minecraft:deepslate_redstone_ore":16,"minecraft:gray_terracotta":11,"minecraft:blackstone":228,"minecraft:twisting_vines_plant":1,"minecraft:orange_terracotta":20,"minecraft:light_gray_terracotta":6,"minecraft:calcite":5,"minecraft:poppy":2,"minecraft:chest":8,"minecraft:nether_quartz_ore":229,"minecraft:cobblestone":168,"minecraft:oak_planks":412,"minecraft:wall_torch":120,"minecraft:pink_petals":112,"minecraft:seagrass":1,"minecraft:blue_terracotta":10,"minecraft:light_gray_wool":1,"minecraft:tnt":3,"minecraft:oak_log":617,"minecraft:waxed_oxidized_copper":5,"minecraft:sand":276,"minecraft:dirt":531,"minecraft:netherrack":30522,"minecraft:ancient_debris":37,"minecraft:oak_leaves":232,"minecraft:nether_gold_ore":112,"minecraft:diamond_ore":1,"minecraft:crying_obsidian":19,"minecraft:tuff":114,"minecraft:deepslate_diamond_ore":69,"minecraft:ladder":1,"minecraft:decorated_pot":64,"minecraft:brick_stairs":6,"minecraft:light_blue_glazed_terracotta":10,"minecraft:birch_slab":1,"minecraft:spruce_leaves":46,"minecraft:sandstone":30,"minecraft:hay_block":88,"minecraft:furnace":3,"minecraft:black_glazed_terracotta":1,"minecraft:gold_block":8,"minecraft:nether_brick_fence":27,"minecraft:bookshelf":25,"minecraft:deepslate_iron_ore":71,"minecraft:lantern":23,"minecraft:stripped_acacia_log":2,"minecraft:packed_ice":6,"minecraft:stone":2006,"minecraft:orange_glazed_terracotta":3,"minecraft:podzol":4,"minecraft:scaffolding":256,"minecraft:basalt":880,"minecraft:oak_fence":55,"minecraft:crafting_table":16,"minecraft:lectern":1,"minecraft:lapis_ore":7,"minecraft:polished_blackstone_brick_stairs":9,"minecraft:spruce_stairs":72,"minecraft:cactus":4,"minecraft:brick_slab":9,"minecraft:waxed_oxidized_copper_grate":1,"minecraft:sweet_berry_bush":1,"minecraft:ice":86,"minecraft:white_wall_banner":5,"minecraft:yellow_bed":1,"elevatorid:elevator_white":9,"minecraft:coal_ore":42,"minecraft:cherry_leaves":240,"minecraft:cracked_stone_bricks":12,"minecraft:terracotta":21,"minecraft:mossy_stone_bricks":1},"minecraft:picked_up":{"minecraft:iron_chestplate":2,"minecraft:chainmail_boots":5,"minecraft:creeper_head":1,"minecraft:anvil":6,"minecraft:prismarine_shard":5,"minecraft:lead":26,"minecraft:diamond_sword":4,"minecraft:oak_stairs":30,"minecraft:enchanted_book":5,"minecraft:golden_shovel":1,"minecraft:brewing_stand":2,"minecraft:golden_sword":4,"minecraft:amethyst_block":7,"minecraft:polished_blackstone_brick_stairs":16,"minecraft:string":116,"minecraft:orange_glazed_terracotta":3,"minecraft:gold_nugget":4362,"minecraft:cobbled_deepslate":1108,"bosses_of_mass_destruction:soul_star":24,"minecraft:black_glazed_terracotta":1,"minecraft:spruce_planks":63,"minecraft:trial_key":27,"minecraft:hopper_minecart":2,"minecraft:enchanted_golden_apple":1,"hangglider:hang_glider":1,"minecraft:melon_slice":2,"minecraft:golden_helmet":2,"minecraft:big_dripleaf":1,"minecraft:golden_axe":1,"minecraft:cherry_log":39,"minecraft:waxed_copper_grate":11,"minecraft:golden_chestplate":1,"minecraft:stone_sword":4,"minecraft:honey_bottle":13,"minecraft:bookshelf":10,"minecraft:white_terracotta":10,"minecraft:blaze_rod":122,"minecraft:snowball":115,"minecraft:furnace_minecart":2,"minecraft:magma_block":46,"minecraft:feather":10,"minecraft:cooked_beef":72,"minecraft:cherry_leaves":102,"minecraft:birch_slab":1,"minecraft:jungle_log":3,"minecraft:smoker":7,"minecraft:flint":13,"minecraft:lantern":24,"artifacts:flippers":1,"artifacts:shock_pendant":2,"minecraft:twisting_vines":4,"minecraft:stonecutter":1,"minecraft:gray_terracotta":10,"minecraft:guster_banner_pattern":3,"minecraft:glowstone_dust":140,"minecraft:moss_block":1,"minecraft:trapped_chest":1,"minecraft:red_terracotta":11,"minecraft:barrel":24,"minecraft:stripped_acacia_log":1,"minecraft:blue_terracotta":10,"comforts:sleeping_bag_blue":6,"minecraft:deepslate":469,"minecraft:deepslate_gold_ore":29,"minecraft:granite":131,"minecraft:chainmail_helmet":1,"minecraft:bread":124,"minecraft:light_gray_carpet":2,"minecraft:dark_oak_fence":14,"minecraft:bricks":10,"minecraft:ominous_trial_key":1,"minecraft:crimson_roots":6,"minecraft:diamond_pickaxe":1,"minecraft:crafting_table":15,"minecraft:coarse_dirt":3,"minecraft:ominous_bottle":12,"minecraft:nether_wart":21,"minecraft:leather_leggings":5,"travelersbackpack:sandstone":1,"minecraft:wind_charge":32,"minecraft:cornflower":23,"minecraft:white_carpet":9,"minecraft:iron_shovel":1,"minecraft:cracked_stone_bricks":10,"minecraft:deepslate_diamond_ore":3,"minecraft:beef":108,"minecraft:chiseled_tuff":3,"minecraft:iron_nugget":10,"minecraft:poppy":5,"minecraft:minecart":1,"minecraft:guster_pottery_sherd":4,"minecraft:chest":8,"minecraft:waxed_oxidized_copper":11,"minecraft:egg":28,"minecraft:sandstone":3,"minecraft:stone":253,"minecraft:spruce_fence":5,"minecraft:flow_pottery_sherd":3,"wormhole:portal_frame":33,"minecraft:carrot":11,"minecraft:redstone":531,"minecraft:netherite_pickaxe":1,"minecraft:tnt":5,"travelersbackpack:snow":1,"minecraft:diamond_chestplate":1,"minecraft:decorated_pot":5,"minecraft:beetroot_seeds":7,"minecraft:hay_block":166,"minecraft:gold_ingot":3,"minecraft:tuff_bricks":115,"minecraft:mutton":5,"minecraft:white_wool":45,"minecraft:rail":9,"minecraft:oxeye_daisy":1,"minecraft:mud_bricks":23,"minecraft:red_mushroom":4,"minecraft:filled_map":1,"minecraft:packed_mud":1,"minecraft:oak_log":617,"minecraft:ancient_debris":49,"minecraft:lily_pad":9,"minecraft:golden_boots":3,"minecraft:white_banner":9,"chococraft:chocobo_feather":10,"chococraft:gysahl_green":412,"minecraft:apple":17,"minecraft:stone_bricks":15,"minecraft:kelp":6,"minecraft:oak_fence_gate":2,"minecraft:iron_ore":9,"travelersbackpack:skeleton":3,"minecraft:glass_bottle":2,"minecraft:iron_sword":1,"elevatorid:elevator_white":9,"minecraft:smooth_basalt":6,"minecraft:light_blue_glazed_terracotta":9,"minecraft:gravel":191,"minecraft:spruce_sapling":2,"minecraft:spruce_log":109,"minecraft:crying_obsidian":19,"minecraft:polished_tuff":31,"minecraft:diamond_shovel":1,"minecraft:coal_ore":86,"minecraft:purple_bed":1,"minecraft:slime_ball":49,"minecraft:diamond_axe":1,"minecraft:deepslate_redstone_ore":11,"minecraft:warped_roots":6,"minecraft:oak_button":2,"minecraft:baked_potato":288,"minecraft:warped_nylium":6,"minecraft:melon_seeds":2,"minecraft:ender_pearl":22,"chococraft:loverly_gysahl_green":19,"minecraft:wheat":138,"minecraft:nether_brick_fence":22,"minecraft:potion":7,"minecraft:gilded_blackstone":3,"minecraft:stone_brick_stairs":6,"minecraft:raw_copper":344,"minecraft:iron_leggings":2,"minecraft:armor_stand":3,"universal_graves:grave_compass":5,"minecraft:zombie_head":1,"minecraft:red_sand":84,"minecraft:smooth_stone":16,"minecraft:bucket":1,"wormhole:basic_energy_cell":1,"minecraft:calcite":5,"minecraft:azalea":1,"minecraft:iron_pickaxe":1,"minecraft:deepslate_iron_ore":2,"minecraft:furnace":4,"minecraft:tipped_arrow":56,"minecraft:stick":68,"minecraft:brown_terracotta":8,"minecraft:oak_fence":56,"minecraft:torch":282,"minecraft:spruce_stairs":70,"minecraft:porkchop":29,"minecraft:diorite":104,"minecraft:cactus":8,"minecraft:rotten_flesh":305,"comforts:sleeping_bag_yellow":5,"chococraft:chocobo_drumstick_raw":1,"minecraft:obsidian":46,"minecraft:cod":2,"minecraft:cobblestone":1854,"minecraft:enchanting_table":3,"minecraft:pink_petals":652,"minecraft:leather_chestplate":2,"minecraft:andesite":104,"minecraft:golden_leggings":4,"minecraft:potato":2887,"minecraft:tuff":113,"minecraft:lapis_lazuli":638,"minecraft:dirt":1453,"minecraft:leather_boots":1,"travelersbackpack:bookshelf":12,"minecraft:bone":291,"minecraft:bow":18,"minecraft:wheat_seeds":51,"minecraft:raw_gold":146,"minecraft:bolt_armor_trim_smithing_template":3,"minecraft:fletching_table":1,"minecraft:bamboo":97,"minecraft:scrape_pottery_sherd":6,"minecraft:oak_planks":418,"minecraft:ghast_tear":1,"minecraft:cooked_porkchop":15,"minecraft:poisonous_potato":22,"minecraft:sand":269,"minecraft:nether_brick_stairs":2,"minecraft:grass_block":6,"minecraft:mossy_cobblestone":1,"minecraft:light_gray_terracotta":6,"minecraft:sugar":2,"minecraft:diamond":278,"minecraft:waxed_oxidized_copper_grate":1,"minecraft:cracked_polished_blackstone_bricks":36,"minecraft:crossbow":13,"minecraft:breeze_rod":65,"minecraft:golden_apple":3,"minecraft:emerald":120,"minecraft:oak_sapling":61,"minecraft:netherrack":16581,"minecraft:oak_leaves":1,"minecraft:waxed_oxidized_cut_copper":3,"minecraft:splash_potion":1,"minecraft:chicken":6,"minecraft:ladder":1,"minecraft:brown_mushroom":1,"minecraft:gold_block":8,"minecraft:brick":211,"minecraft:shield":5,"minecraft:moss_carpet":1,"minecraft:iron_axe":2,"minecraft:item_frame":2,"minecraft:blackstone":245,"minecraft:oak_boat":31,"minecraft:light_gray_wool":1,"minecraft:lectern":1,"minecraft:sugar_cane":36,"minecraft:phantom_membrane":2,"minecraft:raw_iron":1066,"minecraft:bamboo_hanging_sign":3,"minecraft:polished_blackstone_bricks":238,"minecraft:stone_button":1,"minecraft:trident":1,"minecraft:dark_oak_planks":3,"minecraft:arrow":550,"minecraft:nether_bricks":43,"minecraft:brick_stairs":6,"minecraft:skeleton_skull":1,"minecraft:basalt":715,"minecraft:golden_carrot":4,"artifacts:digging_claws":1,"minecraft:leather":90,"minecraft:crimson_fungus":2,"minecraft:chainmail_chestplate":3,"minecraft:waxed_copper_block":2,"minecraft:yellow_bed":1,"minecraft:gunpowder":102,"minecraft:orange_terracotta":18,"minecraft:cooked_mutton":5,"chococraft:gold_gysahl":2,"minecraft:iron_ingot":54,"minecraft:cooked_chicken":7,"comforts:sleeping_bag_gray":60,"minecraft:soul_sand":22,"minecraft:book":45,"minecraft:scaffolding":1146,"minecraft:nether_quartz_ore":12,"minecraft:emerald_block":2,"minecraft:stone_brick_slab":1,"minecraft:quartz":4225,"minecraft:dandelion":5,"minecraft:raw_iron_block":1,"minecraft:amethyst_shard":24,"chococraft:gysahl_green_seeds":140,"minecraft:blast_furnace":5,"minecraft:white_bed":3,"minecraft:mossy_stone_brick_slab":3,"minecraft:spider_eye":93,"minecraft:brick_slab":9,"minecraft:campfire":1,"minecraft:iron_helmet":2,"minecraft:cherry_sapling":17,"minecraft:terracotta":21,"minecraft:chiseled_tuff_bricks":8,"minecraft:coal":1174},"minecraft:broken":{"minecraft:diamond_helmet":2,"minecraft:iron_boots":1,"minecraft:iron_chestplate":1,"minecraft:diamond_pickaxe":1,"minecraft:iron_sword":1,"minecraft:netherite_leggings":1,"minecraft:leather_helmet":1,"minecraft:diamond_leggings":2,"minecraft:stone_hoe":1,"minecraft:shield":1,"minecraft:iron_axe":1,"minecraft:iron_pickaxe":6,"minecraft:iron_helmet":1,"minecraft:leather_leggings":2,"minecraft:golden_shovel":1,"minecraft:diamond_boots":2,"minecraft:diamond_chestplate":2,"minecraft:leather_boots":1},"minecraft:custom":{"minecraft:interact_with_crafting_table":320,"minecraft:open_barrel":1023,"minecraft:bell_ring":7,"minecraft:eat_cake_slice":13,"minecraft:leave_game":48,"minecraft:time_since_death":39028,"minecraft:damage_blocked_by_shield":5532,"minecraft:play_time":2484919,"minecraft:deaths":68,"minecraft:jump":49898,"minecraft:enchant_item":32,"minecraft:interact_with_furnace":172,"minecraft:traded_with_villager":24,"minecraft:interact_with_cartography_table":2,"minecraft:sleep_in_bed":93,"minecraft:damage_dealt":198516,"minecraft:interact_with_smoker":145,"minecraft:inspect_dispenser":14,"minecraft:horse_one_cm":516000,"minecraft:interact_with_smithing_table":37,"minecraft:interact_with_anvil":52,"minecraft:target_hit":2,"minecraft:sneak_time":89008,"minecraft:interact_with_blast_furnace":139,"minecraft:total_world_time":2484919,"minecraft:interact_with_stonecutter":18,"minecraft:time_since_rest":7707,"minecraft:swim_one_cm":1193573,"minecraft:fly_one_cm":14086794,"minecraft:open_chest":2132,"minecraft:fall_one_cm":1238473,"minecraft:animals_bred":9,"minecraft:damage_resisted":151,"minecraft:sprint_one_cm":8095402,"minecraft:drop":686,"minecraft:talked_to_villager":95,"minecraft:interact_with_brewingstand":2,"minecraft:walk_on_water_one_cm":278952,"minecraft:interact_with_loom":2,"minecraft:player_kills":3,"minecraft:crouch_one_cm":271356,"minecraft:mob_kills":1102,"minecraft:fill_cauldron":1,"minecraft:climb_one_cm":188130,"minecraft:walk_one_cm":6099244,"minecraft:walk_under_water_one_cm":319573,"minecraft:boat_one_cm":1514293,"minecraft:interact_with_grindstone":4,"minecraft:damage_taken":70926,"minecraft:damage_absorbed":1251,"minecraft:trigger_trapped_chest":2},"minecraft:killed":{"minecraft:cave_spider":1,"minecraft:skeleton":180,"minecraft:guardian":3,"bosses_of_mass_destruction:gauntlet":1,"minecraft:chicken":6,"minecraft:magma_cube":2,"minecraft:pillager":94,"minecraft:zombie":230,"minecraft:cow":36,"chococraft:chocobo":1,"minecraft:vindicator":3,"minecraft:husk":44,"minecraft:breeze":19,"minecraft:enderman":35,"minecraft:witch":3,"minecraft:zombified_piglin":1,"minecraft:spider":81,"minecraft:silverfish":6,"minecraft:piglin_brute":4,"artifacts:mimic":4,"minecraft:piglin":40,"minecraft:pig":7,"minecraft:zombie_villager":3,"minecraft:creeper":61,"minecraft:sheep":3,"minecraft:stray":18,"minecraft:blaze":52,"minecraft:bogged":35,"minecraft:slime":50,"minecraft:phantom":5,"minecraft:drowned":1,"minecraft:bat":2,"minecraft:hoglin":5,"minecraft:wither_skeleton":7,"minecraft:player":1},"minecraft:used":{"minecraft:tuff_bricks":44,"minecraft:nether_brick_fence":15,"minecraft:chiseled_tuff":1,"minecraft:ladder":1,"minecraft:poppy":2,"minecraft:chest":31,"comforts:sleeping_bag_yellow":5,"minecraft:stone":28,"minecraft:snowball":39,"minecraft:lava_bucket":48,"minecraft:grass_block":2,"minecraft:cherry_leaves":74,"minecraft:stone_brick_stairs":6,"minecraft:netherite_boots":1,"minecraft:bow":366,"minecraft:ominous_bottle":1,"minecraft:oak_sapling":13,"minecraft:furnace":5,"minecraft:cooked_cod":2,"minecraft:egg":3,"minecraft:potato":850,"minecraft:diorite":20,"minecraft:blackstone":7,"minecraft:cookie":2,"minecraft:golden_apple":21,"elevatorid:elevator_white":19,"minecraft:sand":88,"minecraft:blast_furnace":9,"comforts:sleeping_bag_blue":6,"minecraft:crying_obsidian":11,"minecraft:birch_slab":1,"minecraft:zombie_head":1,"minecraft:deepslate_iron_ore":2,"minecraft:cyan_carpet":18,"minecraft:lectern":1,"minecraft:red_terracotta":4,"minecraft:chiseled_tuff_bricks":2,"minecraft:diamond_sword":3121,"minecraft:wooden_sword":22,"minecraft:smithing_table":1,"wormhole:basic_energy_cell":1,"minecraft:oak_boat":31,"travelersbackpack:skeleton":5,"travelersbackpack:sandstone":41,"minecraft:enchanting_table":4,"minecraft:armor_stand":7,"minecraft:cooked_salmon":3,"minecraft:trial_key":23,"minecraft:netherrack":3000,"minecraft:torch":477,"minecraft:brewing_stand":2,"minecraft:anvil":8,"minecraft:wheat":3,"minecraft:nether_quartz_ore":5,"minecraft:golden_shovel":32,"minecraft:nether_brick_stairs":2,"minecraft:oak_fence_gate":4,"minecraft:iron_axe":580,"minecraft:jungle_log":3,"minecraft:bamboo_hanging_sign":4,"minecraft:bamboo":7,"minecraft:barrel":33,"minecraft:smooth_basalt":4,"minecraft:diamond_chestplate":1,"minecraft:basalt":25,"minecraft:beef":13,"minecraft:goat_horn":2,"minecraft:trapped_chest":1,"minecraft:cherry_log":4,"minecraft:cobbled_deepslate":737,"minecraft:orange_terracotta":13,"minecraft:wheat_seeds":16,"minecraft:water_bucket":238,"minecraft:lead":1,"minecraft:waxed_oxidized_cut_copper":3,"minecraft:cauldron":1,"minecraft:polished_blackstone_bricks":81,"minecraft:tnt":9,"minecraft:crafting_table":30,"minecraft:white_bed":4,"minecraft:campfire":1,"minecraft:cake":2,"minecraft:spruce_log":4,"minecraft:oak_log":2,"minecraft:diamond_pickaxe":29758,"minecraft:oxeye_daisy":1,"minecraft:ominous_trial_key":1,"minecraft:diamond_shovel":1460,"travelersbackpack:creeper":1,"minecraft:wind_charge":72,"travelersbackpack:bookshelf":43,"minecraft:iron_pickaxe":1015,"minecraft:cobblestone":1498,"minecraft:potion":3,"minecraft:purple_bed":1,"minecraft:porkchop":3,"minecraft:cooked_porkchop":9,"minecraft:dandelion":2,"minecraft:diamond_leggings":1,"minecraft:red_sand":84,"minecraft:shield":37,"minecraft:white_terracotta":1,"minecraft:iron_sword":254,"minecraft:nether_bricks":1,"minecraft:carrot":1,"minecraft:waxed_copper_grate":5,"minecraft:tuff":106,"wormhole:portal_frame":37,"minecraft:obsidian":37,"minecraft:honey_bottle":4,"minecraft:glass":126,"minecraft:waxed_oxidized_copper":5,"minecraft:waxed_oxidized_copper_grate":1,"minecraft:bricks":6,"minecraft:coal_ore":86,"minecraft:packed_mud":1,"minecraft:warped_nylium":1,"minecraft:stone_bricks":25,"minecraft:item_frame":19,"minecraft:deepslate_diamond_ore":3,"minecraft:scaffolding":975,"minecraft:skeleton_skull":1,"minecraft:diamond_boots":3,"minecraft:stripped_acacia_log":1,"minecraft:oak_planks":1261,"minecraft:ender_pearl":73,"travelersbackpack:iron_golem":16,"minecraft:diamond_axe":1364,"minecraft:mushroom_stew":1,"minecraft:light_gray_terracotta":1,"minecraft:deepslate_redstone_ore":11,"minecraft:crossbow":34,"minecraft:lingering_potion":2,"minecraft:shears":102,"minecraft:polished_tuff":21,"minecraft:bread":19,"minecraft:deepslate":85,"minecraft:gravel":28,"minecraft:andesite":19,"chococraft:gysahl_green":77,"minecraft:smooth_stone_slab":2,"minecraft:bone_meal":63,"minecraft:golden_pickaxe":24,"minecraft:experience_bottle":1,"minecraft:oak_fence":177,"minecraft:netherite_sword":203,"minecraft:flint_and_steel":6,"minecraft:spruce_planks":308,"minecraft:deepslate_gold_ore":17,"minecraft:wooden_shovel":53,"minecraft:stone_hoe":50,"minecraft:cooked_chicken":3,"minecraft:dirt":1112,"minecraft:spruce_stairs":241,"minecraft:diamond_helmet":3,"minecraft:pink_carpet":3,"minecraft:granite":53,"minecraft:spruce_fence":2,"minecraft:brown_terracotta":7,"minecraft:dark_oak_planks":1,"minecraft:bookshelf":41,"minecraft:oak_stairs":63,"minecraft:polished_blackstone_brick_stairs":8,"minecraft:light_gray_wool":1,"minecraft:golden_carrot":16,"minecraft:netherite_pickaxe":6929,"minecraft:cooked_beef":12,"minecraft:enchanted_golden_apple":1,"minecraft:iron_ore":9,"minecraft:netherite_chestplate":1,"minecraft:baked_potato":1083,"minecraft:stonecutter":1,"minecraft:waxed_copper_block":1,"minecraft:warped_roots":2,"minecraft:terracotta":16,"bosses_of_mass_destruction:soul_star":23,"minecraft:smoker":10,"minecraft:apple":1,"minecraft:cracked_polished_blackstone_bricks":22,"minecraft:map":1,"comforts:sleeping_bag_gray":61,"minecraft:pink_petals":31,"minecraft:white_banner":9,"minecraft:bucket":306,"minecraft:yellow_bed":1,"minecraft:splash_potion":1,"minecraft:smooth_stone":58},"minecraft:killed_by":{"minecraft:piglin_brute":1,"minecraft:pillager":1,"bosses_of_mass_destruction:lich":5,"minecraft:zombie":8,"bosses_of_mass_destruction:gauntlet":8,"minecraft:stray":1,"minecraft:breeze":1,"minecraft:creeper":4,"minecraft:player":6,"minecraft:spider":1,"minecraft:enderman":7,"minecraft:skeleton":12},"minecraft:crafted":{"minecraft:yellow_wool":3,"minecraft:smooth_stone":60,"minecraft:blaze_powder":4,"minecraft:diamond_shovel":1,"minecraft:bookshelf":31,"minecraft:cooked_mutton":5,"minecraft:quartz_block":959,"minecraft:glass":137,"minecraft:diamond_helmet":6,"minecraft:diamond_leggings":6,"minecraft:netherite_boots":1,"travelersbackpack:bookshelf":1,"minecraft:wooden_shovel":1,"minecraft:emerald":112,"minecraft:cooked_porkchop":6,"minecraft:diamond_axe":1,"travelersbackpack:standard":1,"minecraft:smithing_table":1,"minecraft:copper_ingot":126,"comforts:sleeping_bag_yellow":1,"minecraft:stone_brick_stairs":2,"comforts:sleeping_bag_gray":1,"minecraft:compass":1,"minecraft:iron_pickaxe":2,"minecraft:iron_block":9,"minecraft:gold_ingot":720,"minecraft:netherite_ingot":10,"minecraft:cyan_wool":12,"hangglider:reinforced_hang_glider":1,"minecraft:golden_carrot":8,"hangglider:glider_framework":1,"wormhole:advanced_target_device":1,"minecraft:smooth_stone_slab":6,"minecraft:wind_charge":40,"minecraft:bone_meal":72,"hangglider:glider_wing":2,"minecraft:pink_dye":2,"minecraft:diamond":72,"minecraft:spruce_stairs":196,"minecraft:diamond_boots":6,"minecraft:redstone_block":7,"minecraft:wheat":72,"minecraft:netherite_pickaxe":1,"minecraft:enchanting_table":1,"wormhole:portal_frame":24,"minecraft:glowstone":32,"minecraft:enchanted_book":2,"minecraft:oak_fence_gate":2,"minecraft:golden_apple":23,"minecraft:oak_stairs":36,"chococraft:chocobo_saddle":1,"minecraft:iron_leggings":1,"minecraft:armor_stand":4,"minecraft:white_bed":1,"wormhole:basic_energy_cell":1,"minecraft:oak_planks":1328,"minecraft:barrel":6,"minecraft:cherry_slab":12,"hangglider:hang_glider":1,"minecraft:stone":6,"minecraft:pink_carpet":3,"minecraft:green_dye":29,"minecraft:bow":1,"minecraft:iron_boots":2,"minecraft:chest":23,"minecraft:netherite_helmet":2,"minecraft:netherite_upgrade_smithing_template":22,"wormhole:target_device":1,"minecraft:stone_bricks":16,"minecraft:oak_fence":183,"minecraft:raw_iron_block":15,"minecraft:smoker":3,"minecraft:item_frame":17,"minecraft:cauldron":1,"minecraft:crafting_table":17,"minecraft:spruce_planks":632,"minecraft:baked_potato":1532,"minecraft:iron_helmet":2,"travelersbackpack:creeper":1,"minecraft:tnt":4,"minecraft:book":19,"minecraft:iron_chestplate":1,"minecraft:paper":54,"minecraft:pink_wool":2,"minecraft:diamond_pickaxe":5,"minecraft:emerald_block":8,"minecraft:yellow_dye":3,"minecraft:shield":1,"minecraft:stick":376,"minecraft:iron_ingot":1077,"minecraft:cyan_carpet":18,"minecraft:shears":1,"minecraft:cherry_planks":288,"minecraft:wooden_sword":1,"minecraft:raw_iron":144,"minecraft:netherite_sword":1,"minecraft:blast_furnace":4,"minecraft:furnace":9,"minecraft:diamond_block":8,"minecraft:flint_and_steel":2,"minecraft:netherite_chestplate":1,"minecraft:netherite_leggings":1,"minecraft:iron_axe":3,"comforts:sleeping_bag_blue":1,"minecraft:netherite_scrap":49,"minecraft:sugar":3,"minecraft:red_dye":2,"minecraft:diamond_sword":2,"minecraft:cyan_dye":40,"elevatorid:elevator_white":10,"minecraft:iron_sword":1,"minecraft:bucket":3,"minecraft:air":0,"minecraft:blue_dye":23,"minecraft:oak_boat":1,"minecraft:white_wool":31,"minecraft:gold_nugget":81,"minecraft:blue_wool":3,"minecraft:anvil":3,"minecraft:torch":232,"minecraft:diamond_chestplate":5}},"DataVersion":3955}